country_name,country_text_id,year,aid_constant_amount,aid_delta,v2x_polyarchy,v2x_polyarchy_lag1,v2x_polyarchy_lag2,v2x_libdem,v2x_libdem_lag1,v2x_libdem_lag2,v2x_cspart,v2x_cspart_lag1,v2x_cspart_lag2
Afghanistan,AFG,2001,134538.0,,0.083,0.073,0.073,0.028,0.022,0.022,0.127,0.045,0.045
Afghanistan,AFG,2002,105847567.0,105713029.0,0.218,0.083,0.073,0.085,0.028,0.022,0.615,0.127,0.045
Afghanistan,AFG,2003,48604770.0,-57242797.0,0.224,0.218,0.083,0.085,0.085,0.028,0.637,0.615,0.127
Afghanistan,AFG,2004,517702753.0,469097983.0,0.235,0.224,0.218,0.089,0.085,0.085,0.638,0.637,0.615
Afghanistan,AFG,2005,123433995.0,-394268758.0,0.311,0.235,0.224,0.111,0.089,0.085,0.665,0.638,0.637
Afghanistan,AFG,2006,89531761.0,-33902234.0,0.364,0.311,0.235,0.192,0.111,0.089,0.673,0.665,0.638
Afghanistan,AFG,2007,226776362.0,137244601.0,0.364,0.364,0.311,0.193,0.192,0.111,0.665,0.673,0.665
Afghanistan,AFG,2008,793946713.0,567170351.0,0.368,0.364,0.364,0.196,0.193,0.192,0.665,0.665,0.673
Afghanistan,AFG,2009,1597284079.0,803337366.0,0.361,0.368,0.364,0.196,0.196,0.193,0.678,0.665,0.665
Afghanistan,AFG,2010,2195715746.0,598431667.0,0.347,0.361,0.368,0.192,0.196,0.196,0.675,0.678,0.665
Afghanistan,AFG,2011,1202829651.0,-992886095.0,0.346,0.347,0.361,0.192,0.192,0.196,0.675,0.675,0.678
Afghanistan,AFG,2012,1946333643.0,743503992.0,0.35,0.346,0.347,0.194,0.192,0.192,0.675,0.675,0.675
Afghanistan,AFG,2013,899294315.0,-1047039328.0,0.345,0.35,0.346,0.194,0.194,0.192,0.67,0.675,0.675
Afghanistan,AFG,2014,985895692.0,86601377.0,0.35,0.345,0.35,0.199,0.194,0.194,0.62,0.67,0.675
Afghanistan,AFG,2015,945617744.0,-40277948.0,0.348,0.35,0.345,0.201,0.199,0.194,0.652,0.62,0.67
Afghanistan,AFG,2016,424581919.0,-521035825.0,0.34,0.348,0.35,0.188,0.201,0.199,0.623,0.652,0.62
Afghanistan,AFG,2017,599421924.0,174840005.0,0.334,0.34,0.348,0.183,0.188,0.201,0.647,0.623,0.652
Afghanistan,AFG,2018,848990886.0,249568962.0,0.33,0.334,0.34,0.176,0.183,0.188,0.644,0.647,0.623
Afghanistan,AFG,2019,511550495.0,-337440391.0,0.329,0.33,0.334,0.162,0.176,0.183,0.631,0.644,0.647
Afghanistan,AFG,2020,539719777.0,28169282.0,0.336,0.329,0.33,0.167,0.162,0.176,0.643,0.631,0.644
Afghanistan,AFG,2021,119660948.0,-420058829.0,0.144,0.336,0.329,0.041,0.167,0.162,0.152,0.643,0.631
Afghanistan,AFG,2022,33789301.0,-85871647.0,0.076,0.144,0.336,0.011,0.041,0.167,0.044,0.152,0.643
Afghanistan,AFG,2023,12065842.0,-21723459.0,0.073,0.076,0.144,0.015,0.011,0.041,0.036,0.044,0.152
,AFG,2024,12094192.0,28350.0,,,,,,,,,
Angola,AGO,2001,4941216.0,,0.155,0.155,0.155,0.079,0.077,0.076,0.463,0.463,0.463
Angola,AGO,2002,7615878.0,2674662.0,0.159,0.155,0.155,0.079,0.079,0.077,0.333,0.463,0.463
Angola,AGO,2003,6999078.0,-616800.0,0.166,0.159,0.155,0.083,0.079,0.079,0.324,0.333,0.463
Angola,AGO,2004,8976669.0,1977591.0,0.165,0.166,0.159,0.085,0.083,0.079,0.324,0.324,0.333
Angola,AGO,2005,5389981.0,-3586688.0,0.168,0.165,0.166,0.086,0.085,0.083,0.324,0.324,0.324
Angola,AGO,2006,16330452.0,10940471.0,0.168,0.168,0.165,0.086,0.086,0.085,0.324,0.324,0.324
Angola,AGO,2007,13186554.0,-3143898.0,0.168,0.168,0.168,0.088,0.086,0.086,0.326,0.324,0.324
Angola,AGO,2008,8741386.0,-4445168.0,0.181,0.168,0.168,0.092,0.088,0.086,0.326,0.326,0.324
Angola,AGO,2009,8074622.0,-666764.0,0.209,0.181,0.168,0.1,0.092,0.088,0.333,0.326,0.326
Angola,AGO,2010,12258156.0,4183534.0,0.211,0.209,0.181,0.098,0.1,0.092,0.333,0.333,0.326
Angola,AGO,2011,84215.0,-12173941.0,0.295,0.211,0.209,0.121,0.098,0.1,0.333,0.333,0.333
Angola,AGO,2012,2912051.0,2827836.0,0.294,0.295,0.211,0.121,0.121,0.098,0.349,0.333,0.333
Angola,AGO,2013,709538.0,-2202513.0,0.29,0.294,0.295,0.122,0.121,0.121,0.21,0.349,0.333
Angola,AGO,2014,874124.0,164586.0,0.29,0.29,0.294,0.122,0.122,0.121,0.21,0.21,0.349
Angola,AGO,2015,158701.0,-715423.0,0.29,0.29,0.29,0.122,0.122,0.122,0.21,0.21,0.21
Angola,AGO,2016,-201525.0,-360226.0,0.29,0.29,0.29,0.123,0.122,0.122,0.228,0.21,0.21
Angola,AGO,2017,670213.0,871738.0,0.307,0.29,0.29,0.139,0.123,0.122,0.245,0.228,0.21
Angola,AGO,2018,1092616.0,422403.0,0.35,0.307,0.29,0.161,0.139,0.123,0.346,0.245,0.228
Angola,AGO,2019,614147.0,-478469.0,0.347,0.35,0.307,0.162,0.161,0.139,0.346,0.346,0.245
Angola,AGO,2020,2521657.0,1907510.0,0.336,0.347,0.35,0.16,0.162,0.161,0.367,0.346,0.346
Angola,AGO,2021,3772783.0,1251126.0,0.325,0.336,0.347,0.151,0.16,0.162,0.289,0.367,0.346
Angola,AGO,2022,238116.0,-3534667.0,0.326,0.325,0.336,0.153,0.151,0.16,0.447,0.289,0.367
Angola,AGO,2023,609280.0,371164.0,0.329,0.326,0.325,0.154,0.153,0.151,0.447,0.447,0.289
,AGO,2024,1358569.0,749289.0,,,,,,,,,
Albania,ALB,2001,9742357.0,,0.438,0.402,0.392,0.366,0.342,0.326,0.599,0.599,0.59
Albania,ALB,2002,12264581.0,2522224.0,0.48,0.438,0.402,0.395,0.366,0.342,0.599,0.599,0.599
Albania,ALB,2003,14073172.0,1808591.0,0.486,0.48,0.438,0.398,0.395,0.366,0.615,0.599,0.599
Albania,ALB,2004,11417269.0,-2655903.0,0.491,0.486,0.48,0.406,0.398,0.395,0.697,0.615,0.599
Albania,ALB,2005,10893078.0,-524191.0,0.518,0.491,0.486,0.425,0.406,0.398,0.714,0.697,0.615
Albania,ALB,2006,10139413.0,-753665.0,0.546,0.518,0.491,0.444,0.425,0.406,0.714,0.714,0.697
Albania,ALB,2007,6965411.0,-3174002.0,0.551,0.546,0.518,0.446,0.444,0.425,0.714,0.714,0.714
Albania,ALB,2008,6881696.0,-83715.0,0.551,0.551,0.546,0.447,0.446,0.444,0.685,0.714,0.714
Albania,ALB,2009,36139671.0,29257975.0,0.544,0.551,0.551,0.446,0.447,0.446,0.685,0.685,0.714
Albania,ALB,2010,14404739.0,-21734932.0,0.539,0.544,0.551,0.44,0.446,0.447,0.685,0.685,0.685
Albania,ALB,2011,9747465.0,-4657274.0,0.539,0.539,0.544,0.441,0.44,0.446,0.685,0.685,0.685
Albania,ALB,2012,12599926.0,2852461.0,0.54,0.539,0.539,0.444,0.441,0.44,0.685,0.685,0.685
Albania,ALB,2013,16179642.0,3579716.0,0.523,0.54,0.539,0.433,0.444,0.441,0.606,0.685,0.685
Albania,ALB,2014,16036588.0,-143054.0,0.522,0.523,0.54,0.436,0.433,0.444,0.606,0.606,0.685
Albania,ALB,2015,20473934.0,4437346.0,0.518,0.522,0.523,0.435,0.436,0.433,0.606,0.606,0.606
Albania,ALB,2016,11374860.0,-9099074.0,0.52,0.518,0.522,0.436,0.435,0.436,0.613,0.606,0.606
Albania,ALB,2017,6641386.0,-4733474.0,0.536,0.52,0.518,0.437,0.436,0.435,0.624,0.613,0.606
Albania,ALB,2018,9644411.0,3003025.0,0.524,0.536,0.52,0.432,0.437,0.436,0.613,0.624,0.613
Albania,ALB,2019,9917750.0,273339.0,0.511,0.524,0.536,0.426,0.432,0.437,0.64,0.613,0.624
Albania,ALB,2020,9976809.0,59059.0,0.528,0.511,0.524,0.442,0.426,0.432,0.68,0.64,0.613
Albania,ALB,2021,6065342.0,-3911467.0,0.526,0.528,0.511,0.438,0.442,0.426,0.681,0.68,0.64
Albania,ALB,2022,12022154.0,5956812.0,0.517,0.526,0.528,0.428,0.438,0.442,0.664,0.681,0.68
Albania,ALB,2023,13741250.0,1719096.0,0.505,0.517,0.526,0.394,0.428,0.438,0.688,0.664,0.681
,ALB,2024,17132115.0,3390865.0,,,,,,,,,
,ANS,2001,3296494.0,,,,,,,,,,
,ANS,2002,17843453.0,14546959.0,,,,,,,,,
,ANS,2003,9418453.0,-8425000.0,,,,,,,,,
,ANS,2004,3828836.0,-5589617.0,,,,,,,,,
,ANS,2005,-17734.0,-3846570.0,,,,,,,,,
,ANS,2006,139629.0,157363.0,,,,,,,,,
,ANS,2007,795155.0,655526.0,,,,,,,,,
,ANS,2008,1697094.0,901939.0,,,,,,,,,
,ANS,2009,779272.0,-917822.0,,,,,,,,,
,ANS,2010,452750.0,-326522.0,,,,,,,,,
,ANS,2011,-33918.0,-486668.0,,,,,,,,,
,ANS,2012,1381554.0,1415472.0,,,,,,,,,
,ANS,2013,1276131.0,-105423.0,,,,,,,,,
,ANS,2014,4935593.0,3659462.0,,,,,,,,,
,ANS,2015,1271161.0,-3664432.0,,,,,,,,,
,ANS,2019,2407005.0,1135844.0,,,,,,,,,
United Arab Emirates,ARE,2001,0.0,,0.028,0.028,0.028,0.07,0.07,0.07,0.132,0.132,0.132
United Arab Emirates,ARE,2002,0.0,0.0,0.025,0.028,0.028,0.071,0.07,0.07,0.132,0.132,0.132
United Arab Emirates,ARE,2003,0.0,0.0,0.025,0.025,0.028,0.069,0.071,0.07,0.132,0.132,0.132
United Arab Emirates,ARE,2004,0.0,0.0,0.019,0.025,0.025,0.068,0.069,0.071,0.132,0.132,0.132
United Arab Emirates,ARE,2005,0.0,0.0,0.021,0.019,0.025,0.07,0.068,0.069,0.149,0.132,0.132
United Arab Emirates,ARE,2006,0.0,0.0,0.024,0.021,0.019,0.072,0.07,0.068,0.149,0.149,0.132
United Arab Emirates,ARE,2007,0.0,0.0,0.071,0.024,0.021,0.08,0.072,0.07,0.165,0.149,0.149
United Arab Emirates,ARE,2008,0.0,0.0,0.071,0.071,0.024,0.08,0.08,0.072,0.165,0.165,0.149
United Arab Emirates,ARE,2009,0.0,0.0,0.071,0.071,0.071,0.081,0.08,0.08,0.165,0.165,0.165
United Arab Emirates,ARE,2010,0.0,0.0,0.072,0.071,0.071,0.082,0.081,0.08,0.165,0.165,0.165
United Arab Emirates,ARE,2011,0.0,0.0,0.081,0.072,0.071,0.079,0.082,0.081,0.165,0.165,0.165
United Arab Emirates,ARE,2012,0.0,0.0,0.09,0.081,0.072,0.086,0.079,0.082,0.199,0.165,0.165
United Arab Emirates,ARE,2013,0.0,0.0,0.091,0.09,0.081,0.087,0.086,0.079,0.199,0.199,0.165
United Arab Emirates,ARE,2014,0.0,0.0,0.089,0.091,0.09,0.087,0.087,0.086,0.242,0.199,0.199
United Arab Emirates,ARE,2015,-42318.0,-42318.0,0.095,0.089,0.091,0.09,0.087,0.087,0.242,0.242,0.199
United Arab Emirates,ARE,2016,0.0,42318.0,0.1,0.095,0.089,0.091,0.09,0.087,0.242,0.242,0.242
United Arab Emirates,ARE,2017,0.0,0.0,0.095,0.1,0.095,0.091,0.091,0.09,0.229,0.242,0.242
United Arab Emirates,ARE,2018,0.0,0.0,0.096,0.095,0.1,0.093,0.091,0.091,0.229,0.229,0.242
United Arab Emirates,ARE,2019,0.0,0.0,0.102,0.096,0.095,0.09,0.093,0.091,0.229,0.229,0.229
United Arab Emirates,ARE,2020,0.0,0.0,0.102,0.102,0.096,0.09,0.09,0.093,0.341,0.229,0.229
United Arab Emirates,ARE,2021,0.0,0.0,0.1,0.102,0.102,0.084,0.09,0.09,0.255,0.341,0.229
United Arab Emirates,ARE,2022,0.0,0.0,0.101,0.1,0.102,0.086,0.084,0.09,0.255,0.255,0.341
United Arab Emirates,ARE,2023,0.0,0.0,0.102,0.101,0.1,0.077,0.086,0.084,0.255,0.255,0.255
Argentina,ARG,2001,0.0,,0.833,0.833,0.828,0.674,0.67,0.64,0.884,0.884,0.884
Argentina,ARG,2002,183996.0,183996.0,0.826,0.833,0.833,0.661,0.674,0.67,0.884,0.884,0.884
Argentina,ARG,2003,715774.0,531778.0,0.807,0.826,0.833,0.638,0.661,0.674,0.884,0.884,0.884
Argentina,ARG,2004,1385631.0,669857.0,0.795,0.807,0.826,0.632,0.638,0.661,0.88,0.884,0.884
Argentina,ARG,2005,976157.0,-409474.0,0.793,0.795,0.807,0.625,0.632,0.638,0.875,0.88,0.884
Argentina,ARG,2006,807317.0,-168840.0,0.78,0.793,0.795,0.614,0.625,0.632,0.875,0.875,0.88
Argentina,ARG,2007,3433381.0,2626064.0,0.781,0.78,0.793,0.61,0.614,0.625,0.873,0.875,0.875
Argentina,ARG,2008,999051.0,-2434330.0,0.766,0.781,0.78,0.59,0.61,0.614,0.873,0.873,0.875
Argentina,ARG,2009,783389.0,-215662.0,0.756,0.766,0.781,0.583,0.59,0.61,0.885,0.873,0.873
Argentina,ARG,2010,1003921.0,220532.0,0.746,0.756,0.766,0.578,0.583,0.59,0.848,0.885,0.873
Argentina,ARG,2011,1584561.0,580640.0,0.749,0.746,0.756,0.573,0.578,0.583,0.85,0.848,0.885
Argentina,ARG,2012,1375109.0,-209452.0,0.763,0.749,0.746,0.582,0.573,0.578,0.85,0.85,0.848
Argentina,ARG,2013,-235790.0,-1610899.0,0.772,0.763,0.749,0.588,0.582,0.573,0.872,0.85,0.85
Argentina,ARG,2014,476000.0,711790.0,0.777,0.772,0.763,0.595,0.588,0.582,0.872,0.872,0.85
Argentina,ARG,2015,274396.0,-201604.0,0.765,0.777,0.772,0.59,0.595,0.588,0.872,0.872,0.872
Argentina,ARG,2016,43497.0,-230899.0,0.751,0.765,0.777,0.612,0.59,0.595,0.866,0.872,0.872
Argentina,ARG,2017,156097.0,112600.0,0.751,0.751,0.765,0.609,0.612,0.59,0.862,0.866,0.872
Argentina,ARG,2018,252049.0,95952.0,0.78,0.751,0.751,0.63,0.609,0.612,0.848,0.862,0.866
Argentina,ARG,2019,3538828.0,3286779.0,0.779,0.78,0.751,0.618,0.63,0.609,0.845,0.848,0.862
Argentina,ARG,2020,5860828.0,2322000.0,0.797,0.779,0.78,0.634,0.618,0.63,0.869,0.845,0.848
Argentina,ARG,2021,338084.0,-5522744.0,0.796,0.797,0.779,0.639,0.634,0.618,0.869,0.869,0.845
Argentina,ARG,2022,423220.0,85136.0,0.831,0.796,0.797,0.654,0.639,0.634,0.869,0.869,0.869
Argentina,ARG,2023,683849.0,260629.0,0.838,0.831,0.796,0.695,0.654,0.639,0.869,0.869,0.869
,ARG,2024,742900.0,59051.0,,,,,,,,,
Armenia,ARM,2001,20450337.0,,0.415,0.416,0.413,0.211,0.21,0.211,0.468,0.468,0.468
Armenia,ARM,2002,18164557.0,-2285780.0,0.405,0.415,0.416,0.205,0.211,0.21,0.468,0.468,0.468
Armenia,ARM,2003,17270381.0,-894176.0,0.349,0.405,0.415,0.186,0.205,0.211,0.481,0.468,0.468
Armenia,ARM,2004,19993035.0,2722654.0,0.34,0.349,0.405,0.181,0.186,0.205,0.481,0.481,0.468
Armenia,ARM,2005,20141693.0,148658.0,0.338,0.34,0.349,0.185,0.181,0.186,0.481,0.481,0.481
Armenia,ARM,2006,13277986.0,-6863707.0,0.338,0.338,0.34,0.185,0.185,0.181,0.481,0.481,0.481
Armenia,ARM,2007,24506930.0,11228944.0,0.347,0.338,0.338,0.188,0.185,0.185,0.483,0.481,0.481
Armenia,ARM,2008,20234443.0,-4272487.0,0.317,0.347,0.338,0.172,0.188,0.185,0.483,0.483,0.481
Armenia,ARM,2009,17726306.0,-2508137.0,0.318,0.317,0.347,0.18,0.172,0.188,0.509,0.483,0.483
Armenia,ARM,2010,22323070.0,4596764.0,0.331,0.318,0.317,0.188,0.18,0.172,0.559,0.509,0.483
Armenia,ARM,2011,12245171.0,-10077899.0,0.333,0.331,0.318,0.189,0.188,0.18,0.571,0.559,0.509
Armenia,ARM,2012,20326657.0,8081486.0,0.353,0.333,0.331,0.201,0.189,0.188,0.571,0.571,0.559
Armenia,ARM,2013,10875608.0,-9451049.0,0.349,0.353,0.333,0.206,0.201,0.189,0.521,0.571,0.571
Armenia,ARM,2014,12920984.0,2045376.0,0.342,0.349,0.353,0.201,0.206,0.201,0.521,0.521,0.571
Armenia,ARM,2015,17830531.0,4909547.0,0.346,0.342,0.349,0.203,0.201,0.206,0.521,0.521,0.521
Armenia,ARM,2016,5258322.0,-12572209.0,0.348,0.346,0.342,0.204,0.203,0.201,0.625,0.521,0.521
Armenia,ARM,2017,9852629.0,4594307.0,0.381,0.348,0.346,0.219,0.204,0.203,0.661,0.625,0.521
Armenia,ARM,2018,13232559.0,3379930.0,0.524,0.381,0.348,0.404,0.219,0.204,0.752,0.661,0.625
Armenia,ARM,2019,19921968.0,6689409.0,0.796,0.524,0.381,0.62,0.404,0.219,0.882,0.752,0.661
Armenia,ARM,2020,31995138.0,12073170.0,0.781,0.796,0.524,0.576,0.62,0.404,0.8,0.882,0.752
Armenia,ARM,2021,25342384.0,-6652754.0,0.724,0.781,0.796,0.532,0.576,0.62,0.705,0.8,0.882
Armenia,ARM,2022,14323099.0,-11019285.0,0.654,0.724,0.781,0.448,0.532,0.576,0.705,0.705,0.8
Armenia,ARM,2023,46261409.0,31938310.0,0.631,0.654,0.724,0.421,0.448,0.532,0.742,0.705,0.705
,ARM,2024,26263338.0,-19998071.0,,,,,,,,,
,ASN,2002,7165100.0,,,,,,,,,,
,ASN,2003,1933115.0,-5231985.0,,,,,,,,,
,ASN,2004,4108385.0,2175270.0,,,,,,,,,
,ASN,2005,7419625.0,3311240.0,,,,,,,,,
,ASN,2006,11758594.0,4338969.0,,,,,,,,,
,ASN,2007,3189344.0,-8569250.0,,,,,,,,,
,ASN,2008,4669140.0,1479796.0,,,,,,,,,
,ASN,2009,1968517.0,-2700623.0,,,,,,,,,
,ASN,2010,1883252.0,-85265.0,,,,,,,,,
,ASN,2011,3161699.0,1278447.0,,,,,,,,,
,ASN,2012,2196575.0,-965124.0,,,,,,,,,
,ASN,2013,980920.0,-1215655.0,,,,,,,,,
,ASN,2014,3732483.0,2751563.0,,,,,,,,,
,ASN,2015,1648654.0,-2083829.0,,,,,,,,,
,ASN,2016,2492740.0,844086.0,,,,,,,,,
,ASN,2017,1946868.0,-545872.0,,,,,,,,,
,ASN,2018,3239847.0,1292979.0,,,,,,,,,
,ASN,2019,18981237.0,15741390.0,,,,,,,,,
,ASN,2020,8361687.0,-10619550.0,,,,,,,,,
,ASN,2021,19966498.0,11604811.0,,,,,,,,,
,ASN,2022,3422142.0,-16544356.0,,,,,,,,,
,ASN,2023,637080.0,-2785062.0,,,,,,,,,
,ASN,2024,1462852.0,825772.0,,,,,,,,,
Australia,AUS,2001,0.0,,0.885,0.888,0.883,0.844,0.847,0.842,0.857,0.857,0.857
Australia,AUS,2002,0.0,0.0,0.879,0.885,0.888,0.838,0.844,0.847,0.857,0.857,0.857
Australia,AUS,2003,0.0,0.0,0.879,0.879,0.885,0.838,0.838,0.844,0.857,0.857,0.857
Australia,AUS,2004,0.0,0.0,0.879,0.879,0.879,0.838,0.838,0.838,0.857,0.857,0.857
Australia,AUS,2005,0.0,0.0,0.878,0.879,0.879,0.838,0.838,0.838,0.857,0.857,0.857
Australia,AUS,2006,0.0,0.0,0.878,0.878,0.879,0.838,0.838,0.838,0.857,0.857,0.857
Australia,AUS,2007,0.0,0.0,0.88,0.878,0.878,0.839,0.838,0.838,0.865,0.857,0.857
Australia,AUS,2008,0.0,0.0,0.889,0.88,0.878,0.849,0.839,0.838,0.907,0.865,0.857
Australia,AUS,2009,0.0,0.0,0.889,0.889,0.88,0.849,0.849,0.839,0.907,0.907,0.865
Australia,AUS,2010,0.0,0.0,0.896,0.889,0.889,0.856,0.849,0.849,0.907,0.907,0.907
Australia,AUS,2011,0.0,0.0,0.896,0.896,0.889,0.857,0.856,0.849,0.907,0.907,0.907
Australia,AUS,2012,0.0,0.0,0.896,0.896,0.896,0.858,0.857,0.856,0.907,0.907,0.907
Australia,AUS,2013,0.0,0.0,0.862,0.896,0.896,0.821,0.858,0.857,0.866,0.907,0.907
Australia,AUS,2014,0.0,0.0,0.855,0.862,0.896,0.815,0.821,0.858,0.866,0.866,0.907
Australia,AUS,2015,0.0,0.0,0.865,0.855,0.862,0.825,0.815,0.821,0.866,0.866,0.866
Australia,AUS,2016,0.0,0.0,0.871,0.865,0.855,0.833,0.825,0.815,0.866,0.866,0.866
Australia,AUS,2017,0.0,0.0,0.871,0.871,0.865,0.828,0.833,0.825,0.866,0.866,0.866
Australia,AUS,2018,0.0,0.0,0.86,0.871,0.871,0.817,0.828,0.833,0.866,0.866,0.866
Australia,AUS,2019,0.0,0.0,0.825,0.86,0.871,0.779,0.817,0.828,0.832,0.866,0.866
Australia,AUS,2020,0.0,0.0,0.837,0.825,0.86,0.79,0.779,0.817,0.845,0.832,0.866
Australia,AUS,2021,0.0,0.0,0.828,0.837,0.825,0.779,0.79,0.779,0.848,0.845,0.832
Australia,AUS,2022,0.0,0.0,0.846,0.828,0.837,0.794,0.779,0.79,0.836,0.848,0.845
Australia,AUS,2023,0.0,0.0,0.851,0.846,0.828,0.802,0.794,0.779,0.83,0.836,0.848
Austria,AUT,2001,0.0,,0.858,0.858,0.857,0.782,0.782,0.78,0.901,0.901,0.942
Austria,AUT,2002,0.0,0.0,0.858,0.858,0.858,0.782,0.782,0.782,0.901,0.901,0.901
Austria,AUT,2003,0.0,0.0,0.858,0.858,0.858,0.786,0.782,0.782,0.901,0.901,0.901
Austria,AUT,2004,0.0,0.0,0.858,0.858,0.858,0.785,0.786,0.782,0.901,0.901,0.901
Austria,AUT,2005,0.0,0.0,0.858,0.858,0.858,0.784,0.785,0.786,0.901,0.901,0.901
Austria,AUT,2006,0.0,0.0,0.861,0.858,0.858,0.788,0.784,0.785,0.932,0.901,0.901
Austria,AUT,2007,0.0,0.0,0.872,0.861,0.858,0.802,0.788,0.784,0.932,0.932,0.901
Austria,AUT,2008,0.0,0.0,0.872,0.872,0.861,0.802,0.802,0.788,0.932,0.932,0.932
Austria,AUT,2009,0.0,0.0,0.874,0.872,0.872,0.804,0.802,0.802,0.947,0.932,0.932
Austria,AUT,2010,0.0,0.0,0.872,0.874,0.872,0.803,0.804,0.802,0.947,0.947,0.932
Austria,AUT,2011,0.0,0.0,0.871,0.872,0.874,0.804,0.803,0.804,0.947,0.947,0.947
Austria,AUT,2012,0.0,0.0,0.872,0.871,0.872,0.803,0.804,0.803,0.947,0.947,0.947
Austria,AUT,2013,0.0,0.0,0.875,0.872,0.871,0.807,0.803,0.804,0.95,0.947,0.947
Austria,AUT,2014,0.0,0.0,0.873,0.875,0.872,0.805,0.807,0.803,0.95,0.95,0.947
Austria,AUT,2015,0.0,0.0,0.873,0.873,0.875,0.805,0.805,0.807,0.95,0.95,0.95
Austria,AUT,2016,0.0,0.0,0.848,0.873,0.873,0.78,0.805,0.805,0.949,0.95,0.95
Austria,AUT,2017,0.0,0.0,0.851,0.848,0.873,0.782,0.78,0.805,0.951,0.949,0.95
Austria,AUT,2018,0.0,0.0,0.851,0.851,0.848,0.776,0.782,0.78,0.951,0.951,0.949
Austria,AUT,2019,0.0,0.0,0.862,0.851,0.851,0.793,0.776,0.782,0.909,0.951,0.951
Austria,AUT,2020,0.0,0.0,0.858,0.862,0.851,0.786,0.793,0.776,0.932,0.909,0.951
Austria,AUT,2021,0.0,0.0,0.854,0.858,0.862,0.784,0.786,0.793,0.905,0.932,0.909
Austria,AUT,2022,0.0,0.0,0.841,0.854,0.858,0.762,0.784,0.786,0.905,0.905,0.932
Austria,AUT,2023,5764747.0,5764747.0,0.848,0.841,0.854,0.775,0.762,0.784,0.897,0.905,0.905
Azerbaijan,AZE,2001,11368455.0,,0.242,0.245,0.239,0.08,0.081,0.079,0.249,0.249,0.249
Azerbaijan,AZE,2002,16569370.0,5200915.0,0.241,0.242,0.245,0.079,0.08,0.081,0.249,0.249,0.249
Azerbaijan,AZE,2003,13199014.0,-3370356.0,0.238,0.241,0.242,0.076,0.079,0.08,0.249,0.249,0.249
Azerbaijan,AZE,2004,17029263.0,3830249.0,0.221,0.238,0.241,0.075,0.076,0.079,0.249,0.249,0.249
Azerbaijan,AZE,2005,21285624.0,4256361.0,0.221,0.221,0.238,0.074,0.075,0.076,0.249,0.249,0.249
Azerbaijan,AZE,2006,13525288.0,-7760336.0,0.219,0.221,0.221,0.072,0.074,0.075,0.249,0.249,0.249
Azerbaijan,AZE,2007,18722698.0,5197410.0,0.216,0.219,0.221,0.071,0.072,0.074,0.249,0.249,0.249
Azerbaijan,AZE,2008,11957328.0,-6765370.0,0.212,0.216,0.219,0.07,0.071,0.072,0.249,0.249,0.249
Azerbaijan,AZE,2009,15045834.0,3088506.0,0.212,0.212,0.216,0.07,0.07,0.071,0.228,0.249,0.249
Azerbaijan,AZE,2010,14907074.0,-138760.0,0.213,0.212,0.212,0.069,0.07,0.07,0.198,0.228,0.249
Azerbaijan,AZE,2011,19633186.0,4726112.0,0.209,0.213,0.212,0.068,0.069,0.07,0.198,0.198,0.228
Azerbaijan,AZE,2012,18074296.0,-1558890.0,0.206,0.209,0.213,0.067,0.068,0.069,0.19,0.198,0.198
Azerbaijan,AZE,2013,10766729.0,-7307567.0,0.202,0.206,0.209,0.067,0.067,0.068,0.2,0.19,0.198
Azerbaijan,AZE,2014,7140972.0,-3625757.0,0.195,0.202,0.206,0.064,0.067,0.067,0.084,0.2,0.19
Azerbaijan,AZE,2015,9648135.0,2507163.0,0.193,0.195,0.202,0.063,0.064,0.067,0.084,0.084,0.2
Azerbaijan,AZE,2016,7833926.0,-1814209.0,0.199,0.193,0.195,0.062,0.063,0.064,0.147,0.084,0.084
Azerbaijan,AZE,2017,5787559.0,-2046367.0,0.202,0.199,0.193,0.067,0.062,0.063,0.17,0.147,0.084
Azerbaijan,AZE,2018,6184533.0,396974.0,0.192,0.202,0.199,0.058,0.067,0.062,0.151,0.17,0.147
Azerbaijan,AZE,2019,4216399.0,-1968134.0,0.195,0.192,0.202,0.063,0.058,0.067,0.183,0.151,0.17
Azerbaijan,AZE,2020,8034054.0,3817655.0,0.194,0.195,0.192,0.064,0.063,0.058,0.16,0.183,0.151
Azerbaijan,AZE,2021,6269703.0,-1764351.0,0.193,0.194,0.195,0.066,0.064,0.063,0.161,0.16,0.183
Azerbaijan,AZE,2022,4440954.0,-1828749.0,0.185,0.193,0.194,0.062,0.066,0.064,0.151,0.161,0.16
Azerbaijan,AZE,2023,4808824.0,367870.0,0.185,0.185,0.193,0.062,0.062,0.066,0.127,0.151,0.161
,AZE,2024,1943018.0,-2865806.0,,,,,,,,,
Burundi,BDI,2001,108821.0,,0.188,0.187,0.185,0.149,0.147,0.148,0.743,0.743,0.743
Burundi,BDI,2002,106602.0,-2219.0,0.202,0.188,0.187,0.149,0.149,0.147,0.743,0.743,0.743
Burundi,BDI,2003,3147647.0,3041045.0,0.209,0.202,0.188,0.151,0.149,0.149,0.754,0.743,0.743
Burundi,BDI,2004,8888546.0,5740899.0,0.208,0.209,0.202,0.151,0.151,0.149,0.754,0.754,0.743
Burundi,BDI,2005,3577977.0,-5310569.0,0.299,0.208,0.209,0.148,0.151,0.151,0.678,0.754,0.754
Burundi,BDI,2006,12354893.0,8776916.0,0.418,0.299,0.208,0.186,0.148,0.151,0.675,0.678,0.754
Burundi,BDI,2007,5077432.0,-7277461.0,0.413,0.418,0.299,0.183,0.186,0.148,0.721,0.675,0.678
Burundi,BDI,2008,1332271.0,-3745161.0,0.405,0.413,0.418,0.178,0.183,0.186,0.721,0.721,0.675
Burundi,BDI,2009,3062106.0,1729835.0,0.397,0.405,0.413,0.175,0.178,0.183,0.687,0.721,0.721
Burundi,BDI,2010,5329856.0,2267750.0,0.323,0.397,0.405,0.144,0.175,0.178,0.661,0.687,0.721
Burundi,BDI,2011,4109858.0,-1219998.0,0.287,0.323,0.397,0.133,0.144,0.175,0.661,0.661,0.687
Burundi,BDI,2012,468573.0,-3641285.0,0.287,0.287,0.323,0.134,0.133,0.144,0.661,0.661,0.661
Burundi,BDI,2013,1964412.0,1495839.0,0.278,0.287,0.287,0.109,0.134,0.133,0.675,0.661,0.661
Burundi,BDI,2014,5315109.0,3350697.0,0.27,0.278,0.287,0.101,0.109,0.134,0.641,0.675,0.661
Burundi,BDI,2015,1861334.0,-3453775.0,0.196,0.27,0.278,0.063,0.101,0.109,0.538,0.641,0.675
Burundi,BDI,2016,1290608.0,-570726.0,0.166,0.196,0.27,0.046,0.063,0.101,0.441,0.538,0.641
Burundi,BDI,2017,2660851.0,1370243.0,0.157,0.166,0.196,0.045,0.046,0.063,0.43,0.441,0.538
Burundi,BDI,2018,4852950.0,2192099.0,0.157,0.157,0.166,0.044,0.045,0.046,0.43,0.43,0.441
Burundi,BDI,2019,4011667.0,-841283.0,0.159,0.157,0.157,0.055,0.044,0.045,0.43,0.43,0.43
Burundi,BDI,2020,4534398.0,522731.0,0.168,0.159,0.157,0.049,0.055,0.044,0.362,0.43,0.43
Burundi,BDI,2021,4044952.0,-489446.0,0.181,0.168,0.159,0.067,0.049,0.055,0.278,0.362,0.43
Burundi,BDI,2022,775057.0,-3269895.0,0.189,0.181,0.168,0.077,0.067,0.049,0.214,0.278,0.362
Burundi,BDI,2023,2753094.0,1978037.0,0.186,0.189,0.181,0.056,0.077,0.067,0.204,0.214,0.278
,BDI,2024,2297285.0,-455809.0,,,,,,,,,
Belgium,BEL,2001,0.0,,0.885,0.885,0.883,0.819,0.819,0.816,0.967,0.967,0.967
Belgium,BEL,2002,0.0,0.0,0.885,0.885,0.885,0.819,0.819,0.819,0.967,0.967,0.967
Belgium,BEL,2003,0.0,0.0,0.886,0.885,0.885,0.819,0.819,0.819,0.967,0.967,0.967
Belgium,BEL,2004,290642.0,290642.0,0.864,0.886,0.885,0.795,0.819,0.819,0.967,0.967,0.967
Belgium,BEL,2005,855654.0,565012.0,0.884,0.864,0.886,0.816,0.795,0.819,0.967,0.967,0.967
Belgium,BEL,2006,0.0,-855654.0,0.885,0.884,0.864,0.818,0.816,0.795,0.967,0.967,0.967
Belgium,BEL,2007,319130.0,319130.0,0.891,0.885,0.884,0.828,0.818,0.816,0.967,0.967,0.967
Belgium,BEL,2008,482602.0,163472.0,0.899,0.891,0.885,0.832,0.828,0.818,0.967,0.967,0.967
Belgium,BEL,2009,324526.0,-158076.0,0.899,0.899,0.891,0.834,0.832,0.828,0.967,0.967,0.967
Belgium,BEL,2010,0.0,-324526.0,0.9,0.899,0.899,0.834,0.834,0.832,0.967,0.967,0.967
Belgium,BEL,2011,0.0,0.0,0.9,0.9,0.899,0.835,0.834,0.834,0.967,0.967,0.967
Belgium,BEL,2012,0.0,0.0,0.9,0.9,0.9,0.835,0.835,0.834,0.967,0.967,0.967
Belgium,BEL,2013,0.0,0.0,0.902,0.9,0.9,0.839,0.835,0.835,0.965,0.967,0.967
Belgium,BEL,2014,0.0,0.0,0.902,0.902,0.9,0.838,0.839,0.835,0.965,0.965,0.967
Belgium,BEL,2015,0.0,0.0,0.901,0.902,0.902,0.837,0.838,0.839,0.965,0.965,0.965
Belgium,BEL,2016,0.0,0.0,0.901,0.901,0.902,0.837,0.837,0.838,0.952,0.965,0.965
Belgium,BEL,2017,0.0,0.0,0.9,0.901,0.901,0.836,0.837,0.837,0.952,0.952,0.965
Belgium,BEL,2018,0.0,0.0,0.9,0.9,0.901,0.836,0.836,0.837,0.952,0.952,0.952
Belgium,BEL,2019,0.0,0.0,0.901,0.9,0.9,0.837,0.836,0.836,0.952,0.952,0.952
Belgium,BEL,2020,0.0,0.0,0.897,0.901,0.9,0.826,0.837,0.836,0.953,0.952,0.952
Belgium,BEL,2021,0.0,0.0,0.897,0.897,0.901,0.827,0.826,0.837,0.951,0.953,0.952
Belgium,BEL,2022,0.0,0.0,0.895,0.897,0.897,0.833,0.827,0.826,0.951,0.951,0.953
Belgium,BEL,2023,0.0,0.0,0.895,0.895,0.897,0.812,0.833,0.827,0.951,0.951,0.951
Benin,BEN,2001,2589454.0,,0.609,0.611,0.613,0.499,0.501,0.497,0.902,0.902,0.902
Benin,BEN,2002,2076031.0,-513423.0,0.61,0.609,0.611,0.502,0.499,0.501,0.902,0.902,0.902
Benin,BEN,2003,2890140.0,814109.0,0.603,0.61,0.609,0.494,0.502,0.499,0.902,0.902,0.902
Benin,BEN,2004,3582008.0,691868.0,0.601,0.603,0.61,0.492,0.494,0.502,0.902,0.902,0.902
Benin,BEN,2005,4014999.0,432991.0,0.622,0.601,0.603,0.508,0.492,0.494,0.876,0.902,0.902
Benin,BEN,2006,2058900.0,-1956099.0,0.659,0.622,0.601,0.535,0.508,0.492,0.876,0.876,0.902
Benin,BEN,2007,49984936.0,47926036.0,0.645,0.659,0.622,0.524,0.535,0.508,0.849,0.876,0.876
Benin,BEN,2008,174396.0,-49810540.0,0.635,0.645,0.659,0.515,0.524,0.535,0.872,0.849,0.876
Benin,BEN,2009,322279.0,147883.0,0.633,0.635,0.645,0.513,0.515,0.524,0.872,0.872,0.849
Benin,BEN,2010,-55913.0,-378192.0,0.635,0.633,0.635,0.516,0.513,0.515,0.891,0.872,0.872
Benin,BEN,2011,-16979447.0,-16923534.0,0.599,0.635,0.633,0.486,0.516,0.513,0.891,0.891,0.872
Benin,BEN,2012,-2474236.0,14505211.0,0.596,0.599,0.635,0.483,0.486,0.516,0.891,0.891,0.891
Benin,BEN,2013,912051.0,3386287.0,0.603,0.596,0.599,0.482,0.483,0.486,0.897,0.891,0.891
Benin,BEN,2014,2557213.0,1645162.0,0.606,0.603,0.596,0.485,0.482,0.483,0.897,0.897,0.891
Benin,BEN,2015,858125.0,-1699088.0,0.652,0.606,0.603,0.523,0.485,0.482,0.93,0.897,0.897
Benin,BEN,2016,-81985.0,-940110.0,0.712,0.652,0.606,0.579,0.523,0.485,0.947,0.93,0.897
Benin,BEN,2017,-13927.0,68058.0,0.713,0.712,0.652,0.593,0.579,0.523,0.923,0.947,0.93
Benin,BEN,2018,-190710.0,-176783.0,0.606,0.713,0.712,0.472,0.593,0.579,0.856,0.923,0.947
Benin,BEN,2019,340902.0,531612.0,0.452,0.606,0.713,0.335,0.472,0.593,0.776,0.856,0.923
Benin,BEN,2020,283045.0,-57857.0,0.408,0.452,0.606,0.284,0.335,0.472,0.656,0.776,0.856
Benin,BEN,2021,3121433.0,2838388.0,0.39,0.408,0.452,0.271,0.284,0.335,0.666,0.656,0.776
Benin,BEN,2022,2439349.0,-682084.0,0.423,0.39,0.408,0.285,0.271,0.284,0.661,0.666,0.656
Benin,BEN,2023,2446678.0,7329.0,0.487,0.423,0.39,0.313,0.285,0.271,0.632,0.661,0.666
,BEN,2024,6117186.0,3670508.0,,,,,,,,,
Burkina Faso,BFA,2001,76576.0,,0.519,0.516,0.487,0.325,0.324,0.304,0.778,0.778,0.687
Burkina Faso,BFA,2002,69177.0,-7399.0,0.517,0.519,0.516,0.325,0.325,0.324,0.778,0.778,0.778
Burkina Faso,BFA,2003,117585.0,48408.0,0.516,0.517,0.519,0.324,0.325,0.325,0.778,0.778,0.778
Burkina Faso,BFA,2004,197382.0,79797.0,0.516,0.516,0.517,0.324,0.324,0.325,0.778,0.778,0.778
Burkina Faso,BFA,2005,106957.0,-90425.0,0.52,0.516,0.516,0.326,0.324,0.324,0.778,0.778,0.778
Burkina Faso,BFA,2006,8178.0,-98779.0,0.542,0.52,0.516,0.34,0.326,0.324,0.778,0.778,0.778
Burkina Faso,BFA,2007,459522.0,451344.0,0.534,0.542,0.52,0.335,0.34,0.326,0.799,0.778,0.778
Burkina Faso,BFA,2008,3139355.0,2679833.0,0.531,0.534,0.542,0.333,0.335,0.34,0.799,0.799,0.778
Burkina Faso,BFA,2009,82989689.0,79850334.0,0.537,0.531,0.534,0.334,0.333,0.335,0.799,0.799,0.799
Burkina Faso,BFA,2010,267831.0,-82721858.0,0.559,0.537,0.531,0.351,0.334,0.333,0.811,0.799,0.799
Burkina Faso,BFA,2011,437499.0,169668.0,0.561,0.559,0.537,0.354,0.351,0.334,0.825,0.811,0.799
Burkina Faso,BFA,2012,154703.0,-282796.0,0.571,0.561,0.559,0.358,0.354,0.351,0.843,0.825,0.811
Burkina Faso,BFA,2013,428686.0,273983.0,0.598,0.571,0.561,0.405,0.358,0.354,0.838,0.843,0.825
Burkina Faso,BFA,2014,-1855587.0,-2284273.0,0.569,0.598,0.571,0.417,0.405,0.358,0.838,0.838,0.843
Burkina Faso,BFA,2015,1804866.0,3660453.0,0.376,0.569,0.598,0.306,0.417,0.405,0.87,0.838,0.838
Burkina Faso,BFA,2016,1934018.0,129152.0,0.683,0.376,0.569,0.504,0.306,0.417,0.904,0.87,0.838
Burkina Faso,BFA,2017,252760.0,-1681258.0,0.683,0.683,0.376,0.511,0.504,0.306,0.908,0.904,0.87
Burkina Faso,BFA,2018,2449669.0,2196909.0,0.666,0.683,0.683,0.485,0.511,0.504,0.908,0.908,0.904
Burkina Faso,BFA,2019,3575731.0,1126062.0,0.657,0.666,0.683,0.477,0.485,0.511,0.893,0.908,0.908
Burkina Faso,BFA,2020,7008775.0,3433044.0,0.662,0.657,0.666,0.486,0.477,0.485,0.9,0.893,0.908
Burkina Faso,BFA,2021,4076154.0,-2932621.0,0.634,0.662,0.657,0.456,0.486,0.477,0.882,0.9,0.893
Burkina Faso,BFA,2022,666278.0,-3409876.0,0.275,0.634,0.662,0.224,0.456,0.486,0.833,0.882,0.9
Burkina Faso,BFA,2023,6760001.0,6093723.0,0.212,0.275,0.634,0.179,0.224,0.456,0.734,0.833,0.882
,BFA,2024,5108982.0,-1651019.0,,,,,,,,,
Bangladesh,BGD,2001,8772204.0,,0.505,0.512,0.512,0.271,0.276,0.275,0.772,0.772,0.772
Bangladesh,BGD,2002,9255124.0,482920.0,0.47,0.505,0.512,0.236,0.271,0.276,0.781,0.772,0.772
Bangladesh,BGD,2003,10140756.0,885632.0,0.474,0.47,0.505,0.237,0.236,0.271,0.781,0.781,0.772
Bangladesh,BGD,2004,8929426.0,-1211330.0,0.474,0.474,0.47,0.233,0.237,0.236,0.781,0.781,0.781
Bangladesh,BGD,2005,10137398.0,1207972.0,0.474,0.474,0.474,0.233,0.233,0.237,0.781,0.781,0.781
Bangladesh,BGD,2006,12387247.0,2249849.0,0.423,0.474,0.474,0.214,0.233,0.233,0.765,0.781,0.781
Bangladesh,BGD,2007,11640174.0,-747073.0,0.205,0.423,0.474,0.103,0.214,0.233,0.723,0.765,0.781
Bangladesh,BGD,2008,18307193.0,6667019.0,0.21,0.205,0.423,0.105,0.103,0.214,0.723,0.723,0.765
Bangladesh,BGD,2009,10584389.0,-7722804.0,0.418,0.21,0.205,0.193,0.105,0.103,0.796,0.723,0.723
Bangladesh,BGD,2010,11591943.0,1007554.0,0.425,0.418,0.21,0.173,0.193,0.105,0.796,0.796,0.723
Bangladesh,BGD,2011,35473544.0,23881601.0,0.416,0.425,0.418,0.168,0.173,0.193,0.806,0.796,0.796
Bangladesh,BGD,2012,35542318.0,68774.0,0.409,0.416,0.425,0.166,0.168,0.173,0.771,0.806,0.796
Bangladesh,BGD,2013,23441556.0,-12100762.0,0.376,0.409,0.416,0.144,0.166,0.168,0.749,0.771,0.806
Bangladesh,BGD,2014,15606679.0,-7834877.0,0.278,0.376,0.409,0.107,0.144,0.166,0.729,0.749,0.771
Bangladesh,BGD,2015,24033128.0,8426449.0,0.275,0.278,0.376,0.108,0.107,0.144,0.727,0.729,0.749
Bangladesh,BGD,2016,12372331.0,-11660797.0,0.269,0.275,0.278,0.106,0.108,0.107,0.721,0.727,0.729
Bangladesh,BGD,2017,16122025.0,3749694.0,0.265,0.269,0.275,0.106,0.106,0.108,0.729,0.721,0.727
Bangladesh,BGD,2018,23955157.0,7833132.0,0.252,0.265,0.269,0.097,0.106,0.106,0.627,0.729,0.721
Bangladesh,BGD,2019,34464774.0,10509617.0,0.251,0.252,0.265,0.094,0.097,0.106,0.627,0.627,0.729
Bangladesh,BGD,2020,21514444.0,-12950330.0,0.255,0.251,0.252,0.094,0.094,0.097,0.619,0.627,0.627
Bangladesh,BGD,2021,20252628.0,-1261816.0,0.255,0.255,0.251,0.092,0.094,0.094,0.596,0.619,0.627
Bangladesh,BGD,2022,21839378.0,1586750.0,0.261,0.255,0.255,0.091,0.092,0.094,0.627,0.596,0.619
Bangladesh,BGD,2023,41982758.0,20143380.0,0.253,0.261,0.255,0.094,0.091,0.092,0.642,0.627,0.596
,BGD,2024,23238624.0,-18744134.0,,,,,,,,,
Bulgaria,BGR,2001,31876269.0,,0.692,0.717,0.716,0.595,0.617,0.616,0.727,0.727,0.727
Bulgaria,BGR,2002,32614297.0,738028.0,0.721,0.692,0.717,0.619,0.595,0.617,0.727,0.727,0.727
Bulgaria,BGR,2003,31704504.0,-909793.0,0.721,0.721,0.692,0.621,0.619,0.595,0.727,0.727,0.727
Bulgaria,BGR,2004,31379344.0,-325160.0,0.721,0.721,0.721,0.623,0.621,0.619,0.727,0.727,0.727
Bulgaria,BGR,2005,27791801.0,-3587543.0,0.701,0.721,0.721,0.604,0.623,0.621,0.727,0.727,0.727
Bulgaria,BGR,2006,21744169.0,-6047632.0,0.706,0.701,0.721,0.61,0.604,0.623,0.727,0.727,0.727
Bulgaria,BGR,2007,4595898.0,-17148271.0,0.705,0.706,0.701,0.611,0.61,0.604,0.727,0.727,0.727
Bulgaria,BGR,2008,683423.0,-3912475.0,0.711,0.705,0.706,0.617,0.611,0.61,0.727,0.727,0.727
Bulgaria,BGR,2009,-122929.0,-806352.0,0.691,0.711,0.705,0.587,0.617,0.611,0.762,0.727,0.727
Bulgaria,BGR,2010,-547753.0,-424824.0,0.674,0.691,0.711,0.568,0.587,0.617,0.787,0.762,0.727
Bulgaria,BGR,2011,0.0,547753.0,0.672,0.674,0.691,0.565,0.568,0.587,0.796,0.787,0.762
Bulgaria,BGR,2012,-87523.0,-87523.0,0.664,0.672,0.674,0.561,0.565,0.568,0.817,0.796,0.787
Bulgaria,BGR,2013,-279013.0,-191490.0,0.657,0.664,0.672,0.542,0.561,0.565,0.794,0.817,0.796
Bulgaria,BGR,2014,-571415.0,-292402.0,0.673,0.657,0.664,0.561,0.542,0.561,0.813,0.794,0.817
Bulgaria,BGR,2015,-112575.0,458840.0,0.671,0.673,0.657,0.566,0.561,0.542,0.763,0.813,0.794
Bulgaria,BGR,2016,0.0,112575.0,0.667,0.671,0.673,0.561,0.566,0.561,0.783,0.763,0.813
Bulgaria,BGR,2017,0.0,0.0,0.624,0.667,0.671,0.521,0.561,0.566,0.737,0.783,0.763
Bulgaria,BGR,2018,0.0,0.0,0.612,0.624,0.667,0.508,0.521,0.561,0.781,0.737,0.783
Bulgaria,BGR,2019,0.0,0.0,0.609,0.612,0.624,0.506,0.508,0.521,0.767,0.781,0.737
Bulgaria,BGR,2020,0.0,0.0,0.607,0.609,0.612,0.501,0.506,0.508,0.794,0.767,0.781
Bulgaria,BGR,2021,0.0,0.0,0.665,0.607,0.609,0.549,0.501,0.506,0.788,0.794,0.767
Bulgaria,BGR,2022,365779.0,365779.0,0.679,0.665,0.607,0.602,0.549,0.501,0.72,0.788,0.794
Bulgaria,BGR,2023,1265248.0,899469.0,0.659,0.679,0.665,0.58,0.602,0.549,0.783,0.72,0.788
Bahrain,BHR,2001,27748.0,,0.111,0.065,0.049,0.082,0.082,0.082,0.501,0.134,0.134
Bahrain,BHR,2002,96543.0,68795.0,0.164,0.111,0.065,0.082,0.082,0.082,0.553,0.501,0.134
Bahrain,BHR,2003,102343.0,5800.0,0.211,0.164,0.111,0.092,0.082,0.082,0.553,0.553,0.501
Bahrain,BHR,2004,0.0,-102343.0,0.211,0.211,0.164,0.088,0.092,0.082,0.553,0.553,0.553
Bahrain,BHR,2005,0.0,0.0,0.219,0.211,0.211,0.09,0.088,0.092,0.578,0.553,0.553
Bahrain,BHR,2006,185988.0,185988.0,0.221,0.219,0.211,0.096,0.09,0.088,0.578,0.578,0.553
Bahrain,BHR,2007,47870.0,-138118.0,0.22,0.221,0.219,0.091,0.096,0.09,0.578,0.578,0.578
Bahrain,BHR,2008,688375.0,640505.0,0.22,0.22,0.221,0.091,0.091,0.096,0.578,0.578,0.578
Bahrain,BHR,2009,0.0,-688375.0,0.22,0.22,0.22,0.091,0.091,0.091,0.578,0.578,0.578
Bahrain,BHR,2010,54390.0,54390.0,0.216,0.22,0.22,0.088,0.091,0.091,0.572,0.578,0.578
Bahrain,BHR,2011,0.0,-54390.0,0.171,0.216,0.22,0.052,0.088,0.091,0.332,0.572,0.578
Bahrain,BHR,2012,143547.0,143547.0,0.162,0.171,0.216,0.049,0.052,0.088,0.226,0.332,0.572
Bahrain,BHR,2013,0.0,-143547.0,0.162,0.162,0.171,0.051,0.049,0.052,0.193,0.226,0.332
Bahrain,BHR,2014,677090.0,677090.0,0.16,0.162,0.162,0.052,0.051,0.049,0.193,0.193,0.226
Bahrain,BHR,2015,494075.0,-183015.0,0.144,0.16,0.162,0.051,0.052,0.051,0.208,0.193,0.193
Bahrain,BHR,2016,114463.0,-379612.0,0.139,0.144,0.16,0.051,0.051,0.052,0.208,0.208,0.193
Bahrain,BHR,2017,0.0,-114463.0,0.133,0.139,0.144,0.05,0.051,0.051,0.208,0.208,0.208
Bahrain,BHR,2018,0.0,0.0,0.13,0.133,0.139,0.052,0.05,0.051,0.207,0.208,0.208
Bahrain,BHR,2019,712033.0,712033.0,0.132,0.13,0.133,0.059,0.052,0.05,0.245,0.207,0.208
Bahrain,BHR,2020,0.0,-712033.0,0.132,0.132,0.13,0.062,0.059,0.052,0.245,0.245,0.207
Bahrain,BHR,2021,0.0,0.0,0.134,0.132,0.132,0.063,0.062,0.059,0.245,0.245,0.245
Bahrain,BHR,2022,0.0,0.0,0.135,0.134,0.132,0.064,0.063,0.062,0.245,0.245,0.245
Bahrain,BHR,2023,0.0,0.0,0.138,0.135,0.134,0.064,0.064,0.063,0.245,0.245,0.245
,BHS,2001,2018072.0,,,,,,,,,,
,BHS,2002,1986815.0,-31257.0,,,,,,,,,
,BHS,2003,1786946.0,-199869.0,,,,,,,,,
,BHS,2004,1634327.0,-152619.0,,,,,,,,,
,BHS,2005,1637792.0,3465.0,,,,,,,,,
,BHS,2007,696284.0,-941508.0,,,,,,,,,
,BHS,2008,1116218.0,419934.0,,,,,,,,,
,BHS,2009,194093.0,-922125.0,,,,,,,,,
,BHS,2010,887442.0,693349.0,,,,,,,,,
,BHS,2013,-1310080.0,-2197522.0,,,,,,,,,
,BHS,2022,297233.0,1607313.0,,,,,,,,,
,BHS,2024,655984.0,358751.0,,,,,,,,,
Bosnia and Herzegovina,BIH,2001,548432.0,,0.654,0.635,0.621,0.424,0.394,0.361,0.554,0.554,0.502
Bosnia and Herzegovina,BIH,2002,38672854.0,38124422.0,0.654,0.654,0.635,0.418,0.424,0.394,0.554,0.554,0.554
Bosnia and Herzegovina,BIH,2003,43866752.0,5193898.0,0.661,0.654,0.654,0.426,0.418,0.424,0.554,0.554,0.554
Bosnia and Herzegovina,BIH,2004,32414861.0,-11451891.0,0.647,0.661,0.654,0.416,0.426,0.418,0.554,0.554,0.554
Bosnia and Herzegovina,BIH,2005,24785289.0,-7629572.0,0.647,0.647,0.661,0.425,0.416,0.426,0.554,0.554,0.554
Bosnia and Herzegovina,BIH,2006,20246886.0,-4538403.0,0.626,0.647,0.647,0.409,0.425,0.416,0.554,0.554,0.554
Bosnia and Herzegovina,BIH,2007,11912781.0,-8334105.0,0.566,0.626,0.647,0.369,0.409,0.425,0.554,0.554,0.554
Bosnia and Herzegovina,BIH,2008,17619010.0,5706229.0,0.562,0.566,0.626,0.367,0.369,0.409,0.576,0.554,0.554
Bosnia and Herzegovina,BIH,2009,31480968.0,13861958.0,0.56,0.562,0.566,0.366,0.367,0.369,0.585,0.576,0.554
Bosnia and Herzegovina,BIH,2010,27133628.0,-4347340.0,0.566,0.56,0.562,0.37,0.366,0.367,0.613,0.585,0.576
Bosnia and Herzegovina,BIH,2011,29215082.0,2081454.0,0.564,0.566,0.56,0.37,0.37,0.366,0.613,0.613,0.585
Bosnia and Herzegovina,BIH,2012,33852653.0,4637571.0,0.566,0.564,0.566,0.37,0.37,0.37,0.613,0.613,0.613
Bosnia and Herzegovina,BIH,2013,26809061.0,-7043592.0,0.56,0.566,0.564,0.369,0.37,0.37,0.633,0.613,0.613
Bosnia and Herzegovina,BIH,2014,32894104.0,6085043.0,0.557,0.56,0.566,0.37,0.369,0.37,0.633,0.633,0.613
Bosnia and Herzegovina,BIH,2015,20925994.0,-11968110.0,0.547,0.557,0.56,0.363,0.37,0.369,0.633,0.633,0.633
Bosnia and Herzegovina,BIH,2016,12312207.0,-8613787.0,0.547,0.547,0.557,0.358,0.363,0.37,0.629,0.633,0.633
Bosnia and Herzegovina,BIH,2017,17411000.0,5098793.0,0.541,0.547,0.547,0.355,0.358,0.363,0.638,0.629,0.633
Bosnia and Herzegovina,BIH,2018,19101982.0,1690982.0,0.513,0.541,0.547,0.34,0.355,0.358,0.618,0.638,0.629
Bosnia and Herzegovina,BIH,2019,20160414.0,1058432.0,0.515,0.513,0.541,0.338,0.34,0.355,0.638,0.618,0.638
Bosnia and Herzegovina,BIH,2020,27055352.0,6894938.0,0.517,0.515,0.513,0.335,0.338,0.34,0.66,0.638,0.618
Bosnia and Herzegovina,BIH,2021,15637644.0,-11417708.0,0.508,0.517,0.515,0.328,0.335,0.338,0.66,0.66,0.638
Bosnia and Herzegovina,BIH,2022,18868620.0,3230976.0,0.521,0.508,0.517,0.344,0.328,0.335,0.648,0.66,0.66
Bosnia and Herzegovina,BIH,2023,22578318.0,3709698.0,0.502,0.521,0.508,0.336,0.344,0.328,0.662,0.648,0.66
,BIH,2024,18922144.0,-3656174.0,,,,,,,,,
Belarus,BLR,2001,9357339.0,,0.247,0.296,0.332,0.102,0.107,0.114,0.292,0.29,0.317
Belarus,BLR,2002,5549671.0,-3807668.0,0.243,0.247,0.296,0.1,0.102,0.107,0.292,0.292,0.29
Belarus,BLR,2003,9901178.0,4351507.0,0.241,0.243,0.247,0.098,0.1,0.102,0.292,0.292,0.292
Belarus,BLR,2004,4549380.0,-5351798.0,0.24,0.241,0.243,0.097,0.098,0.1,0.292,0.292,0.292
Belarus,BLR,2005,13396168.0,8846788.0,0.233,0.24,0.241,0.095,0.097,0.098,0.292,0.292,0.292
Belarus,BLR,2006,9716307.0,-3679861.0,0.225,0.233,0.24,0.094,0.095,0.097,0.292,0.292,0.292
Belarus,BLR,2007,16768481.0,7052174.0,0.222,0.225,0.233,0.095,0.094,0.095,0.292,0.292,0.292
Belarus,BLR,2008,14397609.0,-2370872.0,0.224,0.222,0.225,0.096,0.095,0.094,0.292,0.292,0.292
Belarus,BLR,2009,14023438.0,-374171.0,0.227,0.224,0.222,0.097,0.096,0.095,0.292,0.292,0.292
Belarus,BLR,2010,14886345.0,862907.0,0.226,0.227,0.224,0.095,0.097,0.096,0.275,0.292,0.292
Belarus,BLR,2011,19993306.0,5106961.0,0.216,0.226,0.227,0.093,0.095,0.097,0.275,0.275,0.292
Belarus,BLR,2012,11631003.0,-8362303.0,0.221,0.216,0.226,0.094,0.093,0.095,0.275,0.275,0.275
Belarus,BLR,2013,11004187.0,-626816.0,0.242,0.221,0.216,0.099,0.094,0.093,0.265,0.275,0.275
Belarus,BLR,2014,8617914.0,-2386273.0,0.243,0.242,0.221,0.099,0.099,0.094,0.265,0.265,0.275
Belarus,BLR,2015,14248822.0,5630908.0,0.247,0.243,0.242,0.1,0.099,0.099,0.32,0.265,0.265
Belarus,BLR,2016,9640658.0,-4608164.0,0.256,0.247,0.243,0.107,0.1,0.099,0.394,0.32,0.265
Belarus,BLR,2017,4444557.0,-5196101.0,0.254,0.256,0.247,0.107,0.107,0.1,0.423,0.394,0.32
Belarus,BLR,2018,9166593.0,4722036.0,0.252,0.254,0.256,0.109,0.107,0.107,0.423,0.423,0.394
Belarus,BLR,2019,9469686.0,303093.0,0.259,0.252,0.254,0.11,0.109,0.107,0.417,0.423,0.423
Belarus,BLR,2020,10097728.0,628042.0,0.208,0.259,0.252,0.045,0.11,0.109,0.419,0.417,0.423
Belarus,BLR,2021,19156116.0,9058388.0,0.172,0.208,0.259,0.035,0.045,0.11,0.228,0.419,0.417
Belarus,BLR,2022,9328630.0,-9827486.0,0.171,0.172,0.208,0.036,0.035,0.045,0.174,0.228,0.419
Belarus,BLR,2023,11377244.0,2048614.0,0.157,0.171,0.172,0.035,0.036,0.035,0.152,0.174,0.228
,BLR,2024,22924252.0,11547008.0,,,,,,,,,
,BLZ,2001,68951.0,,,,,,,,,,
,BLZ,2004,376000.0,307049.0,,,,,,,,,
,BLZ,2005,358511.0,-17489.0,,,,,,,,,
,BLZ,2006,385264.0,26753.0,,,,,,,,,
,BLZ,2007,140076.0,-245188.0,,,,,,,,,
,BLZ,2008,163377.0,23301.0,,,,,,,,,
,BLZ,2010,2952143.0,2788766.0,,,,,,,,,
,BLZ,2019,356015.0,-2596128.0,,,,,,,,,
,BLZ,2020,889629.0,533614.0,,,,,,,,,
,BLZ,2021,1934222.0,1044593.0,,,,,,,,,
,BLZ,2022,1376592.0,-557630.0,,,,,,,,,
,BLZ,2023,930090.0,-446502.0,,,,,,,,,
,BLZ,2024,1244995.0,314905.0,,,,,,,,,
Bolivia,BOL,2001,87838013.0,,0.737,0.743,0.743,0.52,0.527,0.523,0.744,0.744,0.687
Bolivia,BOL,2002,9906509.0,-77931504.0,0.719,0.737,0.743,0.51,0.52,0.527,0.76,0.744,0.744
Bolivia,BOL,2003,23582047.0,13675538.0,0.719,0.719,0.737,0.515,0.51,0.52,0.786,0.76,0.744
Bolivia,BOL,2004,23414962.0,-167085.0,0.753,0.719,0.719,0.541,0.515,0.51,0.786,0.786,0.76
Bolivia,BOL,2005,16261865.0,-7153097.0,0.746,0.753,0.719,0.534,0.541,0.515,0.863,0.786,0.786
Bolivia,BOL,2006,11452851.0,-4809014.0,0.724,0.746,0.753,0.462,0.534,0.541,0.941,0.863,0.786
Bolivia,BOL,2007,16903679.0,5450828.0,0.719,0.724,0.746,0.458,0.462,0.534,0.962,0.941,0.863
Bolivia,BOL,2008,21836900.0,4933221.0,0.719,0.719,0.724,0.453,0.458,0.462,0.962,0.962,0.941
Bolivia,BOL,2009,5138574.0,-16698326.0,0.714,0.719,0.719,0.435,0.453,0.458,0.962,0.962,0.962
Bolivia,BOL,2010,12409472.0,7270898.0,0.68,0.714,0.719,0.4,0.435,0.453,0.938,0.962,0.962
Bolivia,BOL,2011,29279257.0,16869785.0,0.677,0.68,0.714,0.398,0.4,0.435,0.938,0.938,0.962
Bolivia,BOL,2012,23101690.0,-6177567.0,0.67,0.677,0.68,0.391,0.398,0.4,0.922,0.938,0.938
Bolivia,BOL,2013,4811226.0,-18290464.0,0.658,0.67,0.677,0.396,0.391,0.398,0.922,0.922,0.938
Bolivia,BOL,2014,6896405.0,2085179.0,0.647,0.658,0.67,0.391,0.396,0.391,0.914,0.922,0.922
Bolivia,BOL,2015,1201868.0,-5694537.0,0.609,0.647,0.658,0.368,0.391,0.396,0.887,0.914,0.922
Bolivia,BOL,2016,958855.0,-243013.0,0.62,0.609,0.647,0.375,0.368,0.391,0.859,0.887,0.914
Bolivia,BOL,2017,1288435.0,329580.0,0.609,0.62,0.609,0.36,0.375,0.368,0.885,0.859,0.887
Bolivia,BOL,2018,1081402.0,-207033.0,0.593,0.609,0.62,0.341,0.36,0.375,0.905,0.885,0.859
Bolivia,BOL,2019,1072208.0,-9194.0,0.456,0.593,0.609,0.241,0.341,0.36,0.812,0.905,0.885
Bolivia,BOL,2020,2775689.0,1703481.0,0.275,0.456,0.593,0.209,0.241,0.341,0.741,0.812,0.905
Bolivia,BOL,2021,1587804.0,-1187885.0,0.608,0.275,0.456,0.362,0.209,0.241,0.845,0.741,0.812
Bolivia,BOL,2022,295429.0,-1292375.0,0.587,0.608,0.275,0.338,0.362,0.209,0.845,0.845,0.741
Bolivia,BOL,2023,686409.0,390980.0,0.586,0.587,0.608,0.344,0.338,0.362,0.804,0.845,0.845
,BOL,2024,233362.0,-453047.0,,,,,,,,,
Brazil,BRA,2001,3363453.0,,0.854,0.854,0.85,0.717,0.717,0.713,0.9,0.9,0.9
Brazil,BRA,2002,1454565.0,-1908888.0,0.856,0.854,0.854,0.721,0.717,0.717,0.9,0.9,0.9
Brazil,BRA,2003,0.0,-1454565.0,0.855,0.856,0.854,0.722,0.721,0.717,0.948,0.9,0.9
Brazil,BRA,2004,2624611.0,2624611.0,0.855,0.855,0.856,0.722,0.722,0.721,0.948,0.948,0.9
Brazil,BRA,2005,151970.0,-2472641.0,0.867,0.855,0.855,0.772,0.722,0.722,0.948,0.948,0.948
Brazil,BRA,2006,1962182.0,1810212.0,0.868,0.867,0.855,0.77,0.772,0.722,0.948,0.948,0.948
Brazil,BRA,2007,377202.0,-1584980.0,0.866,0.868,0.867,0.769,0.77,0.772,0.948,0.948,0.948
Brazil,BRA,2008,696331.0,319129.0,0.866,0.866,0.868,0.769,0.769,0.77,0.942,0.948,0.948
Brazil,BRA,2009,1617709.0,921378.0,0.866,0.866,0.866,0.769,0.769,0.769,0.942,0.942,0.948
Brazil,BRA,2010,1394625.0,-223084.0,0.871,0.866,0.866,0.776,0.769,0.769,0.942,0.942,0.942
Brazil,BRA,2011,4201356.0,2806731.0,0.875,0.871,0.866,0.781,0.776,0.769,0.933,0.942,0.942
Brazil,BRA,2012,4030988.0,-170368.0,0.871,0.875,0.871,0.777,0.781,0.776,0.924,0.933,0.942
Brazil,BRA,2013,1979069.0,-2051919.0,0.873,0.871,0.875,0.781,0.777,0.781,0.917,0.924,0.933
Brazil,BRA,2014,1913186.0,-65883.0,0.873,0.873,0.871,0.783,0.781,0.777,0.917,0.917,0.924
Brazil,BRA,2015,5527.0,-1907659.0,0.861,0.873,0.873,0.769,0.783,0.781,0.917,0.917,0.917
Brazil,BRA,2016,208742.0,203215.0,0.781,0.861,0.873,0.653,0.769,0.783,0.789,0.917,0.917
Brazil,BRA,2017,1063715.0,854973.0,0.774,0.781,0.861,0.641,0.653,0.769,0.755,0.789,0.917
Brazil,BRA,2018,611769.0,-451946.0,0.749,0.774,0.781,0.608,0.641,0.653,0.733,0.755,0.789
Brazil,BRA,2019,655695.0,43926.0,0.691,0.749,0.774,0.528,0.608,0.641,0.719,0.733,0.755
Brazil,BRA,2020,2677832.0,2022137.0,0.699,0.691,0.749,0.534,0.528,0.608,0.732,0.719,0.733
Brazil,BRA,2021,8499102.0,5821270.0,0.69,0.699,0.691,0.531,0.534,0.528,0.711,0.732,0.719
Brazil,BRA,2022,321994.0,-8177108.0,0.699,0.69,0.699,0.54,0.531,0.534,0.75,0.711,0.732
Brazil,BRA,2023,4101694.0,3779700.0,0.79,0.699,0.69,0.695,0.54,0.531,0.935,0.75,0.711
,BRA,2024,687736.0,-3413958.0,,,,,,,,,
Barbados,BRB,2001,1681727.0,,0.769,0.769,0.77,0.654,0.654,0.656,0.886,0.886,0.87
Barbados,BRB,2002,0.0,-1681727.0,0.769,0.769,0.769,0.654,0.654,0.654,0.886,0.886,0.886
Barbados,BRB,2003,0.0,0.0,0.767,0.769,0.769,0.652,0.654,0.654,0.886,0.886,0.886
Barbados,BRB,2004,598885.0,598885.0,0.766,0.767,0.769,0.65,0.652,0.654,0.886,0.886,0.886
Barbados,BRB,2005,1638372.0,1039487.0,0.766,0.766,0.767,0.65,0.65,0.652,0.886,0.886,0.886
Barbados,BRB,2006,2544357.0,905985.0,0.766,0.766,0.766,0.648,0.65,0.65,0.886,0.886,0.886
Barbados,BRB,2007,211466.0,-2332891.0,0.766,0.766,0.766,0.65,0.648,0.65,0.886,0.886,0.886
Barbados,BRB,2008,67374.0,-144092.0,0.783,0.766,0.766,0.665,0.65,0.648,0.886,0.886,0.886
Barbados,BRB,2009,0.0,-67374.0,0.784,0.783,0.766,0.666,0.665,0.65,0.886,0.886,0.886
Barbados,BRB,2010,0.0,0.0,0.784,0.784,0.783,0.667,0.666,0.665,0.886,0.886,0.886
Barbados,BRB,2011,0.0,0.0,0.784,0.784,0.784,0.667,0.667,0.666,0.886,0.886,0.886
Barbados,BRB,2012,0.0,0.0,0.784,0.784,0.784,0.667,0.667,0.667,0.886,0.886,0.886
Barbados,BRB,2013,0.0,0.0,0.781,0.784,0.784,0.664,0.667,0.667,0.886,0.886,0.886
Barbados,BRB,2014,0.0,0.0,0.78,0.781,0.784,0.662,0.664,0.667,0.886,0.886,0.886
Barbados,BRB,2015,0.0,0.0,0.776,0.78,0.781,0.662,0.662,0.664,0.886,0.886,0.886
Barbados,BRB,2016,0.0,0.0,0.776,0.776,0.78,0.662,0.662,0.662,0.886,0.886,0.886
Barbados,BRB,2017,31268.0,31268.0,0.773,0.776,0.776,0.66,0.662,0.662,0.898,0.886,0.886
Barbados,BRB,2018,0.0,-31268.0,0.776,0.773,0.776,0.656,0.66,0.662,0.9,0.898,0.886
Barbados,BRB,2019,0.0,0.0,0.792,0.776,0.773,0.668,0.656,0.66,0.891,0.9,0.898
Barbados,BRB,2020,0.0,0.0,0.811,0.792,0.776,0.692,0.668,0.656,0.902,0.891,0.9
Barbados,BRB,2021,1041437.0,1041437.0,0.807,0.811,0.792,0.686,0.692,0.668,0.902,0.902,0.891
Barbados,BRB,2022,28459.0,-1012978.0,0.802,0.807,0.811,0.682,0.686,0.692,0.896,0.902,0.902
Barbados,BRB,2023,103943.0,75484.0,0.802,0.802,0.807,0.684,0.682,0.686,0.896,0.896,0.902
Bhutan,BTN,2001,0.0,,0.093,0.091,0.088,0.152,0.15,0.148,0.549,0.549,0.384
Bhutan,BTN,2002,0.0,0.0,0.095,0.093,0.091,0.159,0.152,0.15,0.549,0.549,0.549
Bhutan,BTN,2003,0.0,0.0,0.096,0.095,0.093,0.158,0.159,0.152,0.613,0.549,0.549
Bhutan,BTN,2004,0.0,0.0,0.098,0.096,0.095,0.158,0.158,0.159,0.613,0.613,0.549
Bhutan,BTN,2005,0.0,0.0,0.099,0.098,0.096,0.158,0.158,0.158,0.613,0.613,0.613
Bhutan,BTN,2006,0.0,0.0,0.107,0.099,0.098,0.162,0.158,0.158,0.613,0.613,0.613
Bhutan,BTN,2007,0.0,0.0,0.133,0.107,0.099,0.169,0.162,0.158,0.671,0.613,0.613
Bhutan,BTN,2008,0.0,0.0,0.491,0.133,0.107,0.431,0.169,0.162,0.738,0.671,0.613
Bhutan,BTN,2009,0.0,0.0,0.587,0.491,0.133,0.498,0.431,0.169,0.738,0.738,0.671
Bhutan,BTN,2010,0.0,0.0,0.601,0.587,0.491,0.507,0.498,0.431,0.745,0.738,0.738
Bhutan,BTN,2011,0.0,0.0,0.601,0.601,0.587,0.508,0.507,0.498,0.745,0.745,0.738
Bhutan,BTN,2012,134282.0,134282.0,0.597,0.601,0.601,0.507,0.508,0.507,0.745,0.745,0.745
Bhutan,BTN,2013,0.0,-134282.0,0.573,0.597,0.601,0.482,0.507,0.508,0.778,0.745,0.745
Bhutan,BTN,2014,259051.0,259051.0,0.564,0.573,0.597,0.475,0.482,0.507,0.778,0.778,0.745
Bhutan,BTN,2015,256396.0,-2655.0,0.568,0.564,0.573,0.479,0.475,0.482,0.778,0.778,0.778
Bhutan,BTN,2016,0.0,-256396.0,0.558,0.568,0.564,0.471,0.479,0.475,0.806,0.778,0.778
Bhutan,BTN,2017,0.0,0.0,0.571,0.558,0.568,0.48,0.471,0.479,0.774,0.806,0.778
Bhutan,BTN,2018,0.0,0.0,0.579,0.571,0.558,0.489,0.48,0.471,0.775,0.774,0.806
Bhutan,BTN,2019,0.0,0.0,0.598,0.579,0.571,0.517,0.489,0.48,0.764,0.775,0.774
Bhutan,BTN,2020,0.0,0.0,0.598,0.598,0.579,0.515,0.517,0.489,0.789,0.764,0.775
Bhutan,BTN,2021,0.0,0.0,0.574,0.598,0.598,0.482,0.515,0.517,0.793,0.789,0.764
Bhutan,BTN,2022,0.0,0.0,0.558,0.574,0.598,0.466,0.482,0.515,0.773,0.793,0.789
Bhutan,BTN,2023,0.0,0.0,0.532,0.558,0.574,0.447,0.466,0.482,0.773,0.773,0.793
Botswana,BWA,2001,107413.0,,0.702,0.702,0.703,0.607,0.607,0.607,0.768,0.768,0.768
Botswana,BWA,2002,17450.0,-89963.0,0.702,0.702,0.702,0.607,0.607,0.607,0.768,0.768,0.768
Botswana,BWA,2003,50668.0,33218.0,0.702,0.702,0.702,0.607,0.607,0.607,0.768,0.768,0.768
Botswana,BWA,2004,60259.0,9591.0,0.713,0.702,0.702,0.615,0.607,0.607,0.768,0.768,0.768
Botswana,BWA,2005,-30664.0,-90923.0,0.717,0.713,0.702,0.619,0.615,0.607,0.768,0.768,0.768
Botswana,BWA,2006,89699.0,120363.0,0.722,0.717,0.713,0.623,0.619,0.615,0.768,0.768,0.768
Botswana,BWA,2007,-1843.0,-91542.0,0.72,0.722,0.717,0.623,0.623,0.619,0.768,0.768,0.768
Botswana,BWA,2008,41693.0,43536.0,0.715,0.72,0.722,0.617,0.623,0.623,0.767,0.768,0.768
Botswana,BWA,2009,3310094.0,3268401.0,0.712,0.715,0.72,0.614,0.617,0.623,0.773,0.767,0.768
Botswana,BWA,2010,0.0,-3310094.0,0.717,0.712,0.715,0.622,0.614,0.617,0.755,0.773,0.767
Botswana,BWA,2011,0.0,0.0,0.719,0.717,0.712,0.624,0.622,0.614,0.755,0.755,0.773
Botswana,BWA,2012,0.0,0.0,0.719,0.719,0.717,0.617,0.624,0.622,0.755,0.755,0.755
Botswana,BWA,2013,0.0,0.0,0.713,0.719,0.719,0.609,0.617,0.624,0.769,0.755,0.755
Botswana,BWA,2014,1123851.0,1123851.0,0.711,0.713,0.719,0.61,0.609,0.617,0.785,0.769,0.755
Botswana,BWA,2015,0.0,-1123851.0,0.69,0.711,0.713,0.587,0.61,0.609,0.807,0.785,0.769
Botswana,BWA,2016,9714.0,9714.0,0.685,0.69,0.711,0.582,0.587,0.61,0.807,0.807,0.785
Botswana,BWA,2017,84467.0,74753.0,0.675,0.685,0.69,0.568,0.582,0.587,0.757,0.807,0.807
Botswana,BWA,2018,0.0,-84467.0,0.672,0.675,0.685,0.573,0.568,0.582,0.874,0.757,0.807
Botswana,BWA,2019,-5240.0,-5240.0,0.656,0.672,0.675,0.56,0.573,0.568,0.851,0.874,0.757
Botswana,BWA,2020,0.0,5240.0,0.589,0.656,0.672,0.484,0.56,0.573,0.905,0.851,0.874
Botswana,BWA,2021,478375.0,478375.0,0.587,0.589,0.656,0.477,0.484,0.56,0.905,0.905,0.851
Botswana,BWA,2022,2165439.0,1687064.0,0.573,0.587,0.589,0.459,0.477,0.484,0.856,0.905,0.905
Botswana,BWA,2023,602765.0,-1562674.0,0.564,0.573,0.587,0.444,0.459,0.477,0.887,0.856,0.905
,BWA,2024,499523.0,-103242.0,,,,,,,,,
Central African Republic,CAF,2001,82619.0,,0.341,0.341,0.346,0.217,0.217,0.217,0.521,0.521,0.521
Central African Republic,CAF,2002,107341.0,24722.0,0.341,0.341,0.341,0.217,0.217,0.217,0.521,0.521,0.521
Central African Republic,CAF,2003,0.0,-107341.0,0.245,0.341,0.341,0.118,0.217,0.217,0.578,0.521,0.521
Central African Republic,CAF,2004,-17444.0,-17444.0,0.221,0.245,0.341,0.091,0.118,0.217,0.52,0.578,0.521
Central African Republic,CAF,2005,0.0,17444.0,0.294,0.221,0.245,0.174,0.091,0.118,0.63,0.52,0.578
Central African Republic,CAF,2006,0.0,0.0,0.342,0.294,0.221,0.191,0.174,0.091,0.63,0.63,0.52
Central African Republic,CAF,2007,0.0,0.0,0.342,0.342,0.294,0.191,0.191,0.174,0.63,0.63,0.63
Central African Republic,CAF,2008,28422.0,28422.0,0.342,0.342,0.342,0.191,0.191,0.191,0.678,0.63,0.63
Central African Republic,CAF,2009,436078.0,407656.0,0.342,0.342,0.342,0.191,0.191,0.191,0.62,0.678,0.63
Central African Republic,CAF,2010,3828982.0,3392904.0,0.343,0.342,0.342,0.193,0.191,0.191,0.62,0.62,0.678
Central African Republic,CAF,2011,560554.0,-3268428.0,0.319,0.343,0.342,0.183,0.193,0.191,0.62,0.62,0.62
Central African Republic,CAF,2012,152611.0,-407943.0,0.317,0.319,0.343,0.182,0.183,0.193,0.62,0.62,0.62
Central African Republic,CAF,2013,-337628.0,-490239.0,0.272,0.317,0.319,0.15,0.182,0.183,0.567,0.62,0.62
Central African Republic,CAF,2014,20352578.0,20690206.0,0.282,0.272,0.317,0.17,0.15,0.182,0.573,0.567,0.62
Central African Republic,CAF,2015,7239659.0,-13112919.0,0.284,0.282,0.272,0.179,0.17,0.15,0.602,0.573,0.567
Central African Republic,CAF,2016,4611401.0,-2628258.0,0.4,0.284,0.282,0.231,0.179,0.17,0.642,0.602,0.573
Central African Republic,CAF,2017,10145234.0,5533833.0,0.396,0.4,0.284,0.231,0.231,0.179,0.57,0.642,0.602
Central African Republic,CAF,2018,11236876.0,1091642.0,0.406,0.396,0.4,0.249,0.231,0.231,0.539,0.57,0.642
Central African Republic,CAF,2019,14050033.0,2813157.0,0.379,0.406,0.396,0.214,0.249,0.231,0.554,0.539,0.57
Central African Republic,CAF,2020,11366233.0,-2683800.0,0.374,0.379,0.406,0.201,0.214,0.249,0.554,0.554,0.539
Central African Republic,CAF,2021,11293607.0,-72626.0,0.343,0.374,0.379,0.176,0.201,0.214,0.641,0.554,0.554
Central African Republic,CAF,2022,271667.0,-11021940.0,0.326,0.343,0.374,0.169,0.176,0.201,0.588,0.641,0.554
Central African Republic,CAF,2023,4112988.0,3841321.0,0.301,0.326,0.343,0.102,0.169,0.176,0.539,0.588,0.641
,CAF,2024,2000000.0,-2112988.0,,,,,,,,,
Canada,CAN,2001,0.0,,0.832,0.836,0.836,0.752,0.756,0.756,0.886,0.886,0.89
Canada,CAN,2002,0.0,0.0,0.825,0.832,0.836,0.746,0.752,0.756,0.886,0.886,0.886
Canada,CAN,2003,0.0,0.0,0.825,0.825,0.832,0.746,0.746,0.752,0.886,0.886,0.886
Canada,CAN,2004,0.0,0.0,0.825,0.825,0.825,0.751,0.746,0.746,0.886,0.886,0.886
Canada,CAN,2005,0.0,0.0,0.824,0.825,0.825,0.751,0.751,0.746,0.886,0.886,0.886
Canada,CAN,2006,0.0,0.0,0.83,0.824,0.825,0.757,0.751,0.751,0.857,0.886,0.886
Canada,CAN,2007,0.0,0.0,0.832,0.83,0.824,0.759,0.757,0.751,0.857,0.857,0.886
Canada,CAN,2008,0.0,0.0,0.827,0.832,0.83,0.753,0.759,0.757,0.857,0.857,0.857
Canada,CAN,2009,0.0,0.0,0.826,0.827,0.832,0.753,0.753,0.759,0.857,0.857,0.857
Canada,CAN,2010,0.0,0.0,0.826,0.826,0.827,0.755,0.753,0.753,0.857,0.857,0.857
Canada,CAN,2011,0.0,0.0,0.811,0.826,0.826,0.74,0.755,0.753,0.857,0.857,0.857
Canada,CAN,2012,0.0,0.0,0.81,0.811,0.826,0.738,0.74,0.755,0.857,0.857,0.857
Canada,CAN,2013,0.0,0.0,0.817,0.81,0.811,0.742,0.738,0.74,0.858,0.857,0.857
Canada,CAN,2014,0.0,0.0,0.814,0.817,0.81,0.742,0.742,0.738,0.858,0.858,0.857
Canada,CAN,2015,0.0,0.0,0.807,0.814,0.817,0.735,0.742,0.742,0.876,0.858,0.858
Canada,CAN,2016,0.0,0.0,0.834,0.807,0.814,0.762,0.735,0.742,0.884,0.876,0.858
Canada,CAN,2017,0.0,0.0,0.839,0.834,0.807,0.769,0.762,0.735,0.916,0.884,0.876
Canada,CAN,2018,0.0,0.0,0.84,0.839,0.834,0.763,0.769,0.762,0.916,0.916,0.884
Canada,CAN,2019,0.0,0.0,0.85,0.84,0.839,0.763,0.763,0.769,0.916,0.916,0.916
Canada,CAN,2020,0.0,0.0,0.849,0.85,0.84,0.745,0.763,0.763,0.916,0.916,0.916
Canada,CAN,2021,0.0,0.0,0.843,0.849,0.85,0.749,0.745,0.763,0.916,0.916,0.916
Canada,CAN,2022,-162.0,-162.0,0.848,0.843,0.849,0.745,0.749,0.745,0.916,0.916,0.916
Canada,CAN,2023,0.0,162.0,0.847,0.848,0.843,0.742,0.745,0.749,0.916,0.916,0.916
,CCN,2002,6291581.0,,,,,,,,,,
,CCN,2005,7643655.0,1352074.0,,,,,,,,,
,CCN,2008,4499378.0,-3144277.0,,,,,,,,,
,CCN,2010,3395830.0,-1103548.0,,,,,,,,,
Switzerland,CHE,2001,0.0,,0.889,0.889,0.89,0.836,0.836,0.838,0.972,0.972,0.972
Switzerland,CHE,2002,0.0,0.0,0.889,0.889,0.889,0.837,0.836,0.836,0.972,0.972,0.972
Switzerland,CHE,2003,0.0,0.0,0.888,0.889,0.889,0.841,0.837,0.836,0.972,0.972,0.972
Switzerland,CHE,2004,0.0,0.0,0.886,0.888,0.889,0.841,0.841,0.837,0.972,0.972,0.972
Switzerland,CHE,2005,0.0,0.0,0.886,0.886,0.888,0.841,0.841,0.841,0.972,0.972,0.972
Switzerland,CHE,2006,0.0,0.0,0.886,0.886,0.886,0.841,0.841,0.841,0.972,0.972,0.972
Switzerland,CHE,2007,0.0,0.0,0.888,0.886,0.886,0.842,0.841,0.841,0.972,0.972,0.972
Switzerland,CHE,2008,1199.0,1199.0,0.895,0.888,0.886,0.85,0.842,0.841,0.972,0.972,0.972
Switzerland,CHE,2009,0.0,-1199.0,0.895,0.895,0.888,0.85,0.85,0.842,0.972,0.972,0.972
Switzerland,CHE,2010,0.0,0.0,0.895,0.895,0.895,0.85,0.85,0.85,0.972,0.972,0.972
Switzerland,CHE,2011,0.0,0.0,0.897,0.895,0.895,0.852,0.85,0.85,0.972,0.972,0.972
Switzerland,CHE,2012,0.0,0.0,0.907,0.897,0.895,0.862,0.852,0.85,0.972,0.972,0.972
Switzerland,CHE,2013,0.0,0.0,0.907,0.907,0.897,0.861,0.862,0.852,0.972,0.972,0.972
Switzerland,CHE,2014,0.0,0.0,0.907,0.907,0.907,0.861,0.861,0.862,0.972,0.972,0.972
Switzerland,CHE,2015,0.0,0.0,0.903,0.907,0.907,0.858,0.861,0.861,0.971,0.972,0.972
Switzerland,CHE,2016,0.0,0.0,0.902,0.903,0.907,0.857,0.858,0.861,0.971,0.971,0.972
Switzerland,CHE,2017,0.0,0.0,0.902,0.902,0.903,0.86,0.857,0.858,0.971,0.971,0.971
Switzerland,CHE,2018,0.0,0.0,0.902,0.902,0.902,0.86,0.86,0.857,0.971,0.971,0.971
Switzerland,CHE,2019,0.0,0.0,0.902,0.902,0.902,0.86,0.86,0.86,0.971,0.971,0.971
Switzerland,CHE,2020,0.0,0.0,0.902,0.902,0.902,0.856,0.86,0.86,0.971,0.971,0.971
Switzerland,CHE,2021,0.0,0.0,0.896,0.902,0.902,0.851,0.856,0.86,0.971,0.971,0.971
Switzerland,CHE,2022,0.0,0.0,0.893,0.896,0.902,0.848,0.851,0.856,0.971,0.971,0.971
Switzerland,CHE,2023,0.0,0.0,0.884,0.893,0.896,0.838,0.848,0.851,0.971,0.971,0.971
Chile,CHL,2001,109312.0,,0.876,0.876,0.85,0.811,0.81,0.785,0.785,0.785,0.75
Chile,CHL,2002,0.0,-109312.0,0.88,0.876,0.876,0.817,0.811,0.81,0.772,0.785,0.785
Chile,CHL,2003,0.0,0.0,0.88,0.88,0.876,0.817,0.817,0.811,0.772,0.772,0.785
Chile,CHL,2004,792887.0,792887.0,0.88,0.88,0.88,0.817,0.817,0.817,0.772,0.772,0.772
Chile,CHL,2005,504390.0,-288497.0,0.877,0.88,0.88,0.821,0.817,0.817,0.755,0.772,0.772
Chile,CHL,2006,578324.0,73934.0,0.894,0.877,0.88,0.839,0.821,0.817,0.783,0.755,0.772
Chile,CHL,2007,234635.0,-343689.0,0.894,0.894,0.877,0.842,0.839,0.821,0.783,0.783,0.755
Chile,CHL,2008,142308.0,-92327.0,0.894,0.894,0.894,0.841,0.842,0.839,0.783,0.783,0.783
Chile,CHL,2009,0.0,-142308.0,0.887,0.894,0.894,0.836,0.841,0.842,0.783,0.783,0.783
Chile,CHL,2010,1855.0,1855.0,0.888,0.887,0.894,0.837,0.836,0.841,0.724,0.783,0.783
Chile,CHL,2011,0.0,-1855.0,0.889,0.888,0.887,0.839,0.837,0.836,0.724,0.724,0.783
Chile,CHL,2012,320898.0,320898.0,0.893,0.889,0.888,0.844,0.839,0.837,0.724,0.724,0.724
Chile,CHL,2013,-55373.0,-376271.0,0.894,0.893,0.889,0.846,0.844,0.839,0.724,0.724,0.724
Chile,CHL,2014,25754.0,81127.0,0.893,0.894,0.893,0.85,0.846,0.844,0.784,0.724,0.724
Chile,CHL,2015,29206.0,3452.0,0.886,0.893,0.894,0.839,0.85,0.846,0.793,0.784,0.724
Chile,CHL,2016,32675.0,3469.0,0.886,0.886,0.893,0.839,0.839,0.85,0.792,0.793,0.784
Chile,CHL,2017,41083.0,8408.0,0.889,0.886,0.886,0.842,0.839,0.839,0.79,0.792,0.793
Chile,CHL,2018,0.0,-41083.0,0.87,0.889,0.886,0.803,0.842,0.839,0.788,0.79,0.792
Chile,CHL,2019,0.0,0.0,0.829,0.87,0.889,0.761,0.803,0.842,0.856,0.788,0.79
Chile,CHL,2020,0.0,0.0,0.837,0.829,0.87,0.766,0.761,0.803,0.886,0.856,0.788
Chile,CHL,2021,416326.0,416326.0,0.841,0.837,0.829,0.777,0.766,0.761,0.853,0.886,0.856
Chile,CHL,2022,0.0,-416326.0,0.833,0.841,0.837,0.776,0.777,0.766,0.88,0.853,0.886
Chile,CHL,2023,388862.0,388862.0,0.836,0.833,0.841,0.779,0.776,0.777,0.88,0.88,0.853
,CHL,2024,-3014.0,-391876.0,,,,,,,,,
China,CHN,2001,5644953.0,,0.102,0.1,0.102,0.071,0.07,0.07,0.344,0.344,0.314
China,CHN,2002,10751203.0,5106250.0,0.102,0.102,0.1,0.073,0.071,0.07,0.372,0.344,0.344
China,CHN,2003,17357317.0,6606114.0,0.103,0.102,0.102,0.074,0.073,0.071,0.482,0.372,0.344
China,CHN,2004,28453356.0,11096039.0,0.102,0.103,0.102,0.073,0.074,0.073,0.482,0.482,0.372
China,CHN,2005,35130249.0,6676893.0,0.094,0.102,0.103,0.057,0.073,0.074,0.449,0.482,0.482
China,CHN,2006,21254418.0,-13875831.0,0.094,0.094,0.102,0.057,0.057,0.073,0.449,0.449,0.482
China,CHN,2007,34054859.0,12800441.0,0.095,0.094,0.094,0.057,0.057,0.057,0.449,0.449,0.449
China,CHN,2008,40536980.0,6482121.0,0.095,0.095,0.094,0.057,0.057,0.057,0.455,0.449,0.449
China,CHN,2009,10478561.0,-30058419.0,0.094,0.095,0.095,0.057,0.057,0.057,0.455,0.455,0.449
China,CHN,2010,48530909.0,38052348.0,0.094,0.094,0.095,0.057,0.057,0.057,0.435,0.455,0.455
China,CHN,2011,11505235.0,-37025674.0,0.094,0.094,0.094,0.056,0.057,0.057,0.435,0.435,0.455
China,CHN,2012,16747480.0,5242245.0,0.094,0.094,0.094,0.056,0.056,0.057,0.435,0.435,0.435
China,CHN,2013,23626123.0,6878643.0,0.086,0.094,0.094,0.053,0.056,0.056,0.389,0.435,0.435
China,CHN,2014,12331056.0,-11295067.0,0.084,0.086,0.094,0.052,0.053,0.056,0.389,0.389,0.435
China,CHN,2015,12701184.0,370128.0,0.082,0.084,0.086,0.052,0.052,0.053,0.354,0.389,0.389
China,CHN,2016,8284074.0,-4417110.0,0.08,0.082,0.084,0.052,0.052,0.052,0.342,0.354,0.389
China,CHN,2017,21900327.0,13616253.0,0.078,0.08,0.082,0.052,0.052,0.052,0.346,0.342,0.354
China,CHN,2018,7612211.0,-14288116.0,0.076,0.078,0.08,0.048,0.052,0.052,0.323,0.346,0.342
China,CHN,2019,8181327.0,569116.0,0.075,0.076,0.078,0.047,0.048,0.052,0.32,0.323,0.346
China,CHN,2020,33986642.0,25805315.0,0.075,0.075,0.076,0.042,0.047,0.048,0.325,0.32,0.323
China,CHN,2021,14902026.0,-19084616.0,0.077,0.075,0.075,0.044,0.042,0.047,0.307,0.325,0.32
China,CHN,2022,0.0,-14902026.0,0.075,0.077,0.075,0.042,0.044,0.042,0.304,0.307,0.325
China,CHN,2023,5499013.0,5499013.0,0.074,0.075,0.077,0.037,0.042,0.044,0.257,0.304,0.307
,CHN,2024,5079117.0,-419896.0,,,,,,,,,
Ivory Coast,CIV,2001,0.0,,0.447,0.274,0.389,0.286,0.174,0.244,0.799,0.799,0.709
Ivory Coast,CIV,2002,298022.0,298022.0,0.446,0.447,0.274,0.285,0.286,0.174,0.712,0.799,0.799
Ivory Coast,CIV,2003,966494.0,668472.0,0.439,0.446,0.447,0.283,0.285,0.286,0.712,0.712,0.799
Ivory Coast,CIV,2004,1504770.0,538276.0,0.446,0.439,0.446,0.285,0.283,0.285,0.708,0.712,0.712
Ivory Coast,CIV,2005,987826.0,-516944.0,0.434,0.446,0.439,0.28,0.285,0.283,0.708,0.708,0.712
Ivory Coast,CIV,2006,1781387.0,793561.0,0.434,0.434,0.446,0.281,0.28,0.285,0.708,0.708,0.708
Ivory Coast,CIV,2007,1819282.0,37895.0,0.435,0.434,0.434,0.283,0.281,0.28,0.708,0.708,0.708
Ivory Coast,CIV,2008,2591742.0,772460.0,0.436,0.435,0.434,0.282,0.283,0.281,0.708,0.708,0.708
Ivory Coast,CIV,2009,2347769.0,-243973.0,0.435,0.436,0.435,0.28,0.282,0.283,0.708,0.708,0.708
Ivory Coast,CIV,2010,2572835.0,225066.0,0.446,0.435,0.436,0.284,0.28,0.282,0.708,0.708,0.708
Ivory Coast,CIV,2011,3029152.0,456317.0,0.427,0.446,0.435,0.275,0.284,0.28,0.686,0.708,0.708
Ivory Coast,CIV,2012,14437720.0,11408568.0,0.461,0.427,0.446,0.303,0.275,0.284,0.687,0.686,0.708
Ivory Coast,CIV,2013,9228158.0,-5209562.0,0.465,0.461,0.427,0.295,0.303,0.275,0.736,0.687,0.686
Ivory Coast,CIV,2014,17041617.0,7813459.0,0.463,0.465,0.461,0.299,0.295,0.303,0.736,0.736,0.687
Ivory Coast,CIV,2015,25604597.0,8562980.0,0.473,0.463,0.465,0.304,0.299,0.295,0.736,0.736,0.736
Ivory Coast,CIV,2016,8932640.0,-16671957.0,0.529,0.473,0.463,0.335,0.304,0.299,0.707,0.736,0.736
Ivory Coast,CIV,2017,8648740.0,-283900.0,0.539,0.529,0.473,0.326,0.335,0.304,0.765,0.707,0.736
Ivory Coast,CIV,2018,6207919.0,-2440821.0,0.54,0.539,0.529,0.326,0.326,0.335,0.765,0.765,0.707
Ivory Coast,CIV,2019,1583264.0,-4624655.0,0.534,0.54,0.539,0.314,0.326,0.326,0.763,0.765,0.765
Ivory Coast,CIV,2020,8845925.0,7262661.0,0.499,0.534,0.54,0.261,0.314,0.326,0.767,0.763,0.765
Ivory Coast,CIV,2021,10326136.0,1480211.0,0.435,0.499,0.534,0.233,0.261,0.314,0.777,0.767,0.763
Ivory Coast,CIV,2022,4354553.0,-5971583.0,0.443,0.435,0.499,0.236,0.233,0.261,0.782,0.777,0.767
Ivory Coast,CIV,2023,10308901.0,5954348.0,0.445,0.443,0.435,0.24,0.236,0.233,0.787,0.782,0.777
,CIV,2024,9749495.0,-559406.0,,,,,,,,,
Cameroon,CMR,2001,26360.0,,0.304,0.304,0.292,0.156,0.157,0.147,0.542,0.542,0.513
Cameroon,CMR,2002,126115.0,99755.0,0.306,0.304,0.304,0.156,0.156,0.157,0.542,0.542,0.542
Cameroon,CMR,2003,99760.0,-26355.0,0.309,0.306,0.304,0.157,0.156,0.156,0.542,0.542,0.542
Cameroon,CMR,2004,219007.0,119247.0,0.312,0.309,0.306,0.158,0.157,0.156,0.542,0.542,0.542
Cameroon,CMR,2005,123115.0,-95892.0,0.315,0.312,0.309,0.155,0.158,0.157,0.542,0.542,0.542
Cameroon,CMR,2006,171213.0,48098.0,0.315,0.315,0.312,0.155,0.155,0.158,0.542,0.542,0.542
Cameroon,CMR,2007,232704.0,61491.0,0.314,0.315,0.315,0.153,0.155,0.155,0.542,0.542,0.542
Cameroon,CMR,2008,441522.0,208818.0,0.311,0.314,0.315,0.153,0.153,0.155,0.542,0.542,0.542
Cameroon,CMR,2009,232665.0,-208857.0,0.311,0.311,0.314,0.154,0.153,0.153,0.568,0.542,0.542
Cameroon,CMR,2010,220821.0,-11844.0,0.314,0.311,0.311,0.154,0.154,0.153,0.569,0.568,0.542
Cameroon,CMR,2011,1994282.0,1773461.0,0.317,0.314,0.311,0.155,0.154,0.154,0.607,0.569,0.568
Cameroon,CMR,2012,289105.0,-1705177.0,0.321,0.317,0.314,0.159,0.155,0.154,0.6,0.607,0.569
Cameroon,CMR,2013,1087906.0,798801.0,0.319,0.321,0.317,0.15,0.159,0.155,0.613,0.6,0.607
Cameroon,CMR,2014,317131.0,-770775.0,0.326,0.319,0.321,0.152,0.15,0.159,0.613,0.613,0.6
Cameroon,CMR,2015,216349.0,-100782.0,0.324,0.326,0.319,0.152,0.152,0.15,0.613,0.613,0.613
Cameroon,CMR,2016,-108102.0,-324451.0,0.307,0.324,0.326,0.139,0.152,0.152,0.601,0.613,0.613
Cameroon,CMR,2017,515876.0,623978.0,0.298,0.307,0.324,0.131,0.139,0.152,0.576,0.601,0.613
Cameroon,CMR,2018,783777.0,267901.0,0.293,0.298,0.307,0.12,0.131,0.139,0.597,0.576,0.601
Cameroon,CMR,2019,961294.0,177517.0,0.28,0.293,0.298,0.116,0.12,0.131,0.592,0.597,0.576
Cameroon,CMR,2020,2676671.0,1715377.0,0.285,0.28,0.293,0.123,0.116,0.12,0.589,0.592,0.597
Cameroon,CMR,2021,380887.0,-2295784.0,0.282,0.285,0.28,0.121,0.123,0.116,0.604,0.589,0.592
Cameroon,CMR,2022,6315256.0,5934369.0,0.291,0.282,0.285,0.138,0.121,0.123,0.631,0.604,0.589
Cameroon,CMR,2023,6014044.0,-301212.0,0.279,0.291,0.282,0.122,0.138,0.121,0.578,0.631,0.604
,CMR,2024,5241829.0,-772215.0,,,,,,,,,
,CNA,2002,298022.0,,,,,,,,,,
,CNA,2004,287184.0,-10838.0,,,,,,,,,
,CNA,2005,218856.0,-68328.0,,,,,,,,,
,CNA,2006,161668.0,-57188.0,,,,,,,,,
,CNA,2007,4351775.0,4190107.0,,,,,,,,,
,CNA,2008,1480580.0,-2871195.0,,,,,,,,,
,CNA,2009,34289802.0,32809222.0,,,,,,,,,
,CNA,2010,91389799.0,57099997.0,,,,,,,,,
,CNA,2011,130268612.0,38878813.0,,,,,,,,,
,CNA,2012,91163489.0,-39105123.0,,,,,,,,,
,CNA,2013,74734380.0,-16429109.0,,,,,,,,,
,CNA,2014,149399164.0,74664784.0,,,,,,,,,
,CNA,2015,12846639.0,-136552525.0,,,,,,,,,
,CNA,2016,10814760.0,-2031879.0,,,,,,,,,
,CNA,2017,20721628.0,9906868.0,,,,,,,,,
,CNA,2018,8351217.0,-12370411.0,,,,,,,,,
,CNA,2019,14702424.0,6351207.0,,,,,,,,,
,CNA,2020,16266164.0,1563740.0,,,,,,,,,
,CNA,2021,21194040.0,4927876.0,,,,,,,,,
,CNA,2022,23881851.0,2687811.0,,,,,,,,,
,CNA,2023,9897658.0,-13984193.0,,,,,,,,,
,CNA,2024,13149000.0,3251342.0,,,,,,,,,
Democratic Republic of the Congo,COD,2001,33967642.0,,0.156,0.15,0.149,0.055,0.053,0.043,0.561,0.561,0.561
Democratic Republic of the Congo,COD,2002,40631290.0,6663648.0,0.163,0.156,0.15,0.056,0.055,0.053,0.561,0.561,0.561
Democratic Republic of the Congo,COD,2003,48797573.0,8166283.0,0.18,0.163,0.156,0.085,0.056,0.055,0.561,0.561,0.561
Democratic Republic of the Congo,COD,2004,8420931.0,-40376642.0,0.187,0.18,0.163,0.096,0.085,0.056,0.561,0.561,0.561
Democratic Republic of the Congo,COD,2005,8431153.0,10222.0,0.197,0.187,0.18,0.098,0.096,0.085,0.561,0.561,0.561
Democratic Republic of the Congo,COD,2006,21449183.0,13018030.0,0.251,0.197,0.187,0.116,0.098,0.096,0.576,0.561,0.561
Democratic Republic of the Congo,COD,2007,9892871.0,-11556312.0,0.355,0.251,0.197,0.149,0.116,0.098,0.571,0.576,0.561
Democratic Republic of the Congo,COD,2008,24403975.0,14511104.0,0.357,0.355,0.251,0.149,0.149,0.116,0.571,0.571,0.576
Democratic Republic of the Congo,COD,2009,40891312.0,16487337.0,0.36,0.357,0.355,0.153,0.149,0.149,0.6,0.571,0.571
Democratic Republic of the Congo,COD,2010,28888157.0,-12003155.0,0.352,0.36,0.357,0.152,0.153,0.149,0.633,0.6,0.571
Democratic Republic of the Congo,COD,2011,38023016.0,9134859.0,0.347,0.352,0.36,0.15,0.152,0.153,0.633,0.633,0.6
Democratic Republic of the Congo,COD,2012,44871007.0,6847991.0,0.321,0.347,0.352,0.141,0.15,0.152,0.633,0.633,0.633
Democratic Republic of the Congo,COD,2013,32969973.0,-11901034.0,0.319,0.321,0.347,0.124,0.141,0.15,0.601,0.633,0.633
Democratic Republic of the Congo,COD,2014,27229964.0,-5740009.0,0.318,0.319,0.321,0.126,0.124,0.141,0.601,0.601,0.633
Democratic Republic of the Congo,COD,2015,23855285.0,-3374679.0,0.316,0.318,0.319,0.122,0.126,0.124,0.601,0.601,0.601
Democratic Republic of the Congo,COD,2016,25891430.0,2036145.0,0.305,0.316,0.318,0.119,0.122,0.126,0.655,0.601,0.601
Democratic Republic of the Congo,COD,2017,37004554.0,11113124.0,0.304,0.305,0.316,0.11,0.119,0.122,0.653,0.655,0.601
Democratic Republic of the Congo,COD,2018,36700666.0,-303888.0,0.306,0.304,0.305,0.117,0.11,0.119,0.653,0.653,0.655
Democratic Republic of the Congo,COD,2019,46286679.0,9586013.0,0.344,0.306,0.304,0.141,0.117,0.11,0.671,0.653,0.653
Democratic Republic of the Congo,COD,2020,40661433.0,-5625246.0,0.347,0.344,0.306,0.152,0.141,0.117,0.614,0.671,0.653
Democratic Republic of the Congo,COD,2021,14443748.0,-26217685.0,0.342,0.347,0.344,0.14,0.152,0.141,0.509,0.614,0.671
Democratic Republic of the Congo,COD,2022,18714262.0,4270514.0,0.336,0.342,0.347,0.15,0.14,0.152,0.469,0.509,0.614
Democratic Republic of the Congo,COD,2023,28605322.0,9891060.0,0.333,0.336,0.342,0.123,0.15,0.14,0.472,0.469,0.509
,COD,2024,18364678.0,-10240644.0,,,,,,,,,
Republic of the Congo,COG,2001,100281.0,,0.16,0.163,0.165,0.075,0.075,0.075,0.439,0.439,0.439
Republic of the Congo,COG,2002,173846.0,73565.0,0.208,0.16,0.163,0.085,0.075,0.075,0.458,0.439,0.439
Republic of the Congo,COG,2003,183903.0,10057.0,0.257,0.208,0.16,0.097,0.085,0.075,0.437,0.458,0.439
Republic of the Congo,COG,2004,169680.0,-14223.0,0.257,0.257,0.208,0.097,0.097,0.085,0.437,0.437,0.458
Republic of the Congo,COG,2005,138505.0,-31175.0,0.257,0.257,0.257,0.097,0.097,0.097,0.437,0.437,0.437
Republic of the Congo,COG,2006,148155.0,9650.0,0.257,0.257,0.257,0.097,0.097,0.097,0.437,0.437,0.437
Republic of the Congo,COG,2007,90662.0,-57493.0,0.254,0.257,0.257,0.096,0.097,0.097,0.437,0.437,0.437
Republic of the Congo,COG,2008,165465.0,74803.0,0.252,0.254,0.257,0.095,0.096,0.097,0.437,0.437,0.437
Republic of the Congo,COG,2009,257991.0,92526.0,0.255,0.252,0.254,0.095,0.095,0.096,0.437,0.437,0.437
Republic of the Congo,COG,2010,209194.0,-48797.0,0.255,0.255,0.252,0.095,0.095,0.095,0.437,0.437,0.437
Republic of the Congo,COG,2011,1907223.0,1698029.0,0.255,0.255,0.255,0.095,0.095,0.095,0.437,0.437,0.437
Republic of the Congo,COG,2012,151983.0,-1755240.0,0.254,0.255,0.255,0.095,0.095,0.095,0.442,0.437,0.437
Republic of the Congo,COG,2013,103395.0,-48588.0,0.249,0.254,0.255,0.101,0.095,0.095,0.468,0.442,0.437
Republic of the Congo,COG,2014,221425.0,118030.0,0.249,0.249,0.254,0.101,0.101,0.095,0.468,0.468,0.442
Republic of the Congo,COG,2015,300916.0,79491.0,0.249,0.249,0.249,0.102,0.101,0.101,0.468,0.468,0.468
Republic of the Congo,COG,2016,146259.0,-154657.0,0.247,0.249,0.249,0.101,0.102,0.101,0.468,0.468,0.468
Republic of the Congo,COG,2017,319841.0,173582.0,0.252,0.247,0.249,0.103,0.101,0.102,0.468,0.468,0.468
Republic of the Congo,COG,2018,194569.0,-125272.0,0.258,0.252,0.247,0.109,0.103,0.101,0.507,0.468,0.468
Republic of the Congo,COG,2019,179756.0,-14813.0,0.25,0.258,0.252,0.1,0.109,0.103,0.496,0.507,0.468
Republic of the Congo,COG,2020,112145.0,-67611.0,0.257,0.25,0.258,0.118,0.1,0.109,0.606,0.496,0.507
Republic of the Congo,COG,2021,22940.0,-89205.0,0.254,0.257,0.25,0.116,0.118,0.1,0.606,0.606,0.496
Republic of the Congo,COG,2022,0.0,-22940.0,0.243,0.254,0.257,0.114,0.116,0.118,0.601,0.606,0.606
Republic of the Congo,COG,2023,0.0,0.0,0.253,0.243,0.254,0.121,0.114,0.116,0.61,0.601,0.606
,COG,2024,-5.0,-5.0,,,,,,,,,
Colombia,COL,2001,82520638.0,,0.542,0.55,0.538,0.422,0.426,0.417,0.716,0.716,0.716
Colombia,COL,2002,24154897.0,-58365741.0,0.534,0.542,0.55,0.414,0.422,0.426,0.716,0.716,0.716
Colombia,COL,2003,9560227.0,-14594670.0,0.535,0.534,0.542,0.421,0.414,0.422,0.737,0.716,0.716
Colombia,COL,2004,7225365.0,-2334862.0,0.537,0.535,0.534,0.424,0.421,0.414,0.737,0.737,0.716
Colombia,COL,2005,3877828.0,-3347537.0,0.542,0.537,0.535,0.428,0.424,0.421,0.737,0.737,0.737
Colombia,COL,2006,1731899.0,-2145929.0,0.571,0.542,0.537,0.449,0.428,0.424,0.751,0.737,0.737
Colombia,COL,2007,9838066.0,8106167.0,0.583,0.571,0.542,0.461,0.449,0.428,0.751,0.751,0.737
Colombia,COL,2008,63071535.0,53233469.0,0.585,0.583,0.571,0.462,0.461,0.449,0.751,0.751,0.751
Colombia,COL,2009,87642893.0,24571358.0,0.587,0.585,0.583,0.465,0.462,0.461,0.751,0.751,0.751
Colombia,COL,2010,322351330.0,234708437.0,0.624,0.587,0.585,0.498,0.465,0.462,0.784,0.751,0.751
Colombia,COL,2011,90605852.0,-231745478.0,0.66,0.624,0.587,0.539,0.498,0.465,0.792,0.784,0.751
Colombia,COL,2012,475044381.0,384438529.0,0.661,0.66,0.624,0.54,0.539,0.498,0.792,0.792,0.784
Colombia,COL,2013,30888751.0,-444155630.0,0.669,0.661,0.66,0.537,0.54,0.539,0.807,0.792,0.792
Colombia,COL,2014,347336280.0,316447529.0,0.677,0.669,0.661,0.545,0.537,0.54,0.798,0.807,0.792
Colombia,COL,2015,464949167.0,117612887.0,0.681,0.677,0.669,0.551,0.545,0.537,0.839,0.798,0.807
Colombia,COL,2016,31116727.0,-433832440.0,0.682,0.681,0.677,0.547,0.551,0.545,0.858,0.839,0.798
Colombia,COL,2017,249953632.0,218836905.0,0.68,0.682,0.681,0.548,0.547,0.551,0.828,0.858,0.839
Colombia,COL,2018,229109449.0,-20844183.0,0.666,0.68,0.682,0.533,0.548,0.547,0.824,0.828,0.858
Colombia,COL,2019,362406885.0,133297436.0,0.651,0.666,0.68,0.511,0.533,0.548,0.801,0.824,0.828
Colombia,COL,2020,349101423.0,-13305462.0,0.643,0.651,0.666,0.496,0.511,0.533,0.753,0.801,0.824
Colombia,COL,2021,51060815.0,-298040608.0,0.654,0.643,0.651,0.499,0.496,0.511,0.751,0.753,0.801
Colombia,COL,2022,53185109.0,2124294.0,0.696,0.654,0.643,0.561,0.499,0.496,0.784,0.751,0.753
Colombia,COL,2023,87279139.0,34094030.0,0.711,0.696,0.654,0.57,0.561,0.499,0.779,0.784,0.751
,COL,2024,16088490.0,-71190649.0,,,,,,,,,
Comoros,COM,2001,32829.0,,0.221,0.218,0.296,0.096,0.101,0.135,0.648,0.648,0.575
Comoros,COM,2002,24835.0,-7994.0,0.315,0.221,0.218,0.135,0.096,0.101,0.648,0.648,0.648
Comoros,COM,2003,21695.0,-3140.0,0.369,0.315,0.221,0.156,0.135,0.096,0.648,0.648,0.648
Comoros,COM,2004,23787.0,2092.0,0.408,0.369,0.315,0.215,0.156,0.135,0.648,0.648,0.648
Comoros,COM,2005,23084.0,-703.0,0.427,0.408,0.369,0.241,0.215,0.156,0.648,0.648,0.648
Comoros,COM,2006,32792.0,9708.0,0.419,0.427,0.408,0.237,0.241,0.215,0.631,0.648,0.648
Comoros,COM,2007,0.0,-32792.0,0.414,0.419,0.427,0.235,0.237,0.241,0.631,0.631,0.648
Comoros,COM,2008,28422.0,28422.0,0.414,0.414,0.419,0.235,0.235,0.237,0.631,0.631,0.631
Comoros,COM,2009,-70855.0,-99277.0,0.418,0.414,0.414,0.232,0.235,0.235,0.631,0.631,0.631
Comoros,COM,2010,-3143.0,67712.0,0.416,0.418,0.414,0.243,0.232,0.235,0.631,0.631,0.631
Comoros,COM,2011,0.0,3143.0,0.446,0.416,0.418,0.256,0.243,0.232,0.631,0.631,0.631
Comoros,COM,2012,0.0,0.0,0.446,0.446,0.416,0.256,0.256,0.243,0.631,0.631,0.631
Comoros,COM,2013,0.0,0.0,0.467,0.446,0.446,0.278,0.256,0.256,0.655,0.631,0.631
Comoros,COM,2014,0.0,0.0,0.467,0.467,0.446,0.277,0.278,0.256,0.655,0.655,0.631
Comoros,COM,2015,0.0,0.0,0.395,0.467,0.467,0.24,0.277,0.278,0.655,0.655,0.655
Comoros,COM,2016,0.0,0.0,0.385,0.395,0.467,0.239,0.24,0.277,0.655,0.655,0.655
Comoros,COM,2017,0.0,0.0,0.38,0.385,0.395,0.194,0.239,0.24,0.672,0.655,0.655
Comoros,COM,2018,0.0,0.0,0.367,0.38,0.385,0.176,0.194,0.239,0.675,0.672,0.655
Comoros,COM,2019,0.0,0.0,0.305,0.367,0.38,0.129,0.176,0.194,0.561,0.675,0.672
Comoros,COM,2020,0.0,0.0,0.28,0.305,0.367,0.124,0.129,0.176,0.545,0.561,0.675
Comoros,COM,2021,0.0,0.0,0.28,0.28,0.305,0.124,0.124,0.129,0.545,0.545,0.561
Comoros,COM,2022,0.0,0.0,0.272,0.28,0.28,0.124,0.124,0.124,0.545,0.545,0.545
Comoros,COM,2023,614695.0,614695.0,0.264,0.272,0.28,0.118,0.124,0.124,0.545,0.545,0.545
,COM,2024,500000.0,-114695.0,,,,,,,,,
Cape Verde,CPV,2001,18922.0,,0.762,0.772,0.778,0.677,0.685,0.692,0.722,0.722,0.722
Cape Verde,CPV,2002,41392.0,22470.0,0.767,0.762,0.772,0.682,0.677,0.685,0.722,0.722,0.722
Cape Verde,CPV,2003,36943.0,-4449.0,0.767,0.767,0.762,0.682,0.682,0.677,0.722,0.722,0.722
Cape Verde,CPV,2004,39641.0,2698.0,0.767,0.767,0.767,0.682,0.682,0.682,0.722,0.722,0.722
Cape Verde,CPV,2005,579351.0,539710.0,0.767,0.767,0.767,0.682,0.682,0.682,0.722,0.722,0.722
Cape Verde,CPV,2006,204201.0,-375150.0,0.778,0.767,0.767,0.693,0.682,0.682,0.722,0.722,0.722
Cape Verde,CPV,2007,-1793.0,-205994.0,0.781,0.778,0.767,0.696,0.693,0.682,0.722,0.722,0.722
Cape Verde,CPV,2008,227374.0,229167.0,0.782,0.781,0.778,0.697,0.696,0.693,0.722,0.722,0.722
Cape Verde,CPV,2009,103836.0,-123538.0,0.782,0.782,0.781,0.697,0.697,0.696,0.722,0.722,0.722
Cape Verde,CPV,2010,516084.0,412248.0,0.779,0.782,0.782,0.695,0.697,0.697,0.734,0.722,0.722
Cape Verde,CPV,2011,959911.0,443827.0,0.788,0.779,0.782,0.702,0.695,0.697,0.72,0.734,0.722
Cape Verde,CPV,2012,2060686.0,1100775.0,0.788,0.788,0.779,0.702,0.702,0.695,0.72,0.72,0.734
Cape Verde,CPV,2013,21210695.0,19150009.0,0.794,0.788,0.788,0.708,0.702,0.702,0.72,0.72,0.72
Cape Verde,CPV,2014,451043.0,-20759652.0,0.794,0.794,0.788,0.707,0.708,0.702,0.72,0.72,0.72
Cape Verde,CPV,2015,-42335.0,-493378.0,0.795,0.794,0.794,0.707,0.707,0.708,0.72,0.72,0.72
Cape Verde,CPV,2016,267555.0,309890.0,0.8,0.795,0.794,0.713,0.707,0.707,0.699,0.72,0.72
Cape Verde,CPV,2017,980936.0,713381.0,0.797,0.8,0.795,0.707,0.713,0.707,0.679,0.699,0.72
Cape Verde,CPV,2018,-715696.0,-1696632.0,0.783,0.797,0.8,0.701,0.707,0.713,0.679,0.679,0.699
Cape Verde,CPV,2019,3119.0,718815.0,0.79,0.783,0.797,0.707,0.701,0.707,0.675,0.679,0.679
Cape Verde,CPV,2020,-228956.0,-232075.0,0.793,0.79,0.783,0.701,0.707,0.701,0.675,0.675,0.679
Cape Verde,CPV,2021,172036.0,400992.0,0.775,0.793,0.79,0.676,0.701,0.707,0.675,0.675,0.675
Cape Verde,CPV,2022,0.0,-172036.0,0.754,0.775,0.793,0.651,0.676,0.701,0.653,0.675,0.675
Cape Verde,CPV,2023,-13933.0,-13933.0,0.75,0.754,0.775,0.646,0.651,0.676,0.653,0.653,0.675
,CPV,2024,197668.0,211601.0,,,,,,,,,
Costa Rica,CRI,2001,1432831.0,,0.892,0.892,0.893,0.841,0.84,0.841,0.954,0.946,0.946
Costa Rica,CRI,2002,0.0,-1432831.0,0.895,0.892,0.892,0.843,0.841,0.84,0.954,0.954,0.946
Costa Rica,CRI,2003,0.0,0.0,0.895,0.895,0.892,0.843,0.843,0.841,0.947,0.954,0.954
Costa Rica,CRI,2004,452131.0,452131.0,0.894,0.895,0.895,0.843,0.843,0.843,0.947,0.947,0.954
Costa Rica,CRI,2005,679814.0,227683.0,0.894,0.894,0.895,0.839,0.843,0.843,0.947,0.947,0.947
Costa Rica,CRI,2006,242248.0,-437566.0,0.905,0.894,0.894,0.851,0.839,0.843,0.947,0.947,0.947
Costa Rica,CRI,2007,151665.0,-90583.0,0.908,0.905,0.894,0.854,0.851,0.839,0.947,0.947,0.947
Costa Rica,CRI,2008,86518.0,-65147.0,0.908,0.908,0.905,0.854,0.854,0.851,0.947,0.947,0.947
Costa Rica,CRI,2009,0.0,-86518.0,0.908,0.908,0.908,0.855,0.854,0.854,0.947,0.947,0.947
Costa Rica,CRI,2010,3570597.0,3570597.0,0.91,0.908,0.908,0.857,0.855,0.854,0.947,0.947,0.947
Costa Rica,CRI,2011,0.0,-3570597.0,0.91,0.91,0.908,0.856,0.857,0.855,0.947,0.947,0.947
Costa Rica,CRI,2012,0.0,0.0,0.91,0.91,0.91,0.857,0.856,0.857,0.947,0.947,0.947
Costa Rica,CRI,2013,0.0,0.0,0.907,0.91,0.91,0.853,0.857,0.856,0.945,0.947,0.947
Costa Rica,CRI,2014,1282304.0,1282304.0,0.906,0.907,0.91,0.854,0.853,0.857,0.945,0.945,0.947
Costa Rica,CRI,2015,0.0,-1282304.0,0.906,0.906,0.907,0.854,0.854,0.853,0.922,0.945,0.945
Costa Rica,CRI,2016,0.0,0.0,0.902,0.906,0.906,0.852,0.854,0.854,0.922,0.922,0.945
Costa Rica,CRI,2017,0.0,0.0,0.898,0.902,0.906,0.85,0.852,0.854,0.918,0.922,0.922
Costa Rica,CRI,2018,0.0,0.0,0.89,0.898,0.902,0.834,0.85,0.852,0.922,0.918,0.922
Costa Rica,CRI,2019,0.0,0.0,0.893,0.89,0.898,0.842,0.834,0.85,0.917,0.922,0.918
Costa Rica,CRI,2020,0.0,0.0,0.895,0.893,0.89,0.844,0.842,0.834,0.917,0.917,0.922
Costa Rica,CRI,2021,1429525.0,1429525.0,0.894,0.895,0.893,0.843,0.844,0.842,0.916,0.917,0.917
Costa Rica,CRI,2022,1165931.0,-263594.0,0.866,0.894,0.895,0.813,0.843,0.844,0.928,0.916,0.917
Costa Rica,CRI,2023,4081044.0,2915113.0,0.862,0.866,0.894,0.809,0.813,0.843,0.887,0.928,0.916
,CRI,2024,1195711.0,-2885333.0,,,,,,,,,
,CRN,2003,7053574.0,,,,,,,,,,
,CRN,2004,4732584.0,-2320990.0,,,,,,,,,
,CRN,2005,943462.0,-3789122.0,,,,,,,,,
,CRN,2007,-49175.0,-992637.0,,,,,,,,,
,CRN,2008,664937.0,714112.0,,,,,,,,,
,CRN,2009,624078.0,-40859.0,,,,,,,,,
,CRN,2010,10930220.0,10306142.0,,,,,,,,,
,CRN,2011,30971335.0,20041115.0,,,,,,,,,
,CRN,2012,51175625.0,20204290.0,,,,,,,,,
,CRN,2013,43040018.0,-8135607.0,,,,,,,,,
,CRN,2014,49488358.0,6448340.0,,,,,,,,,
,CRN,2015,1929481.0,-47558877.0,,,,,,,,,
,CRN,2016,3982743.0,2053262.0,,,,,,,,,
,CRN,2017,2686731.0,-1296012.0,,,,,,,,,
,CRN,2018,3341795.0,655064.0,,,,,,,,,
,CRN,2019,4023879.0,682084.0,,,,,,,,,
,CRN,2020,4508458.0,484579.0,,,,,,,,,
,CRN,2021,16154705.0,11646247.0,,,,,,,,,
,CRN,2022,7531757.0,-8622948.0,,,,,,,,,
,CRN,2023,6092121.0,-1439636.0,,,,,,,,,
,CRN,2024,6285000.0,192879.0,,,,,,,,,
,CS-KM,2001,12992658.0,,,,,,,,,,
,CS-KM,2002,74506.0,-12918152.0,,,,,,,,,
,CS-KM,2003,639235.0,564729.0,,,,,,,,,
,CS-KM,2004,148496.0,-490739.0,,,,,,,,,
,CS-KM,2005,480130.0,331634.0,,,,,,,,,
,CS-KM,2006,1316321.0,836191.0,,,,,,,,,
,CS-KM,2007,32058.0,-1284263.0,,,,,,,,,
,CS-KM,2008,1563355.0,1531297.0,,,,,,,,,
,CS-KM,2009,65314646.0,63751291.0,,,,,,,,,
,CS-KM,2010,39338580.0,-25976066.0,,,,,,,,,
,CS-KM,2011,34354086.0,-4984494.0,,,,,,,,,
,CS-KM,2012,6042525.0,-28311561.0,,,,,,,,,
,CS-KM,2013,42927694.0,36885169.0,,,,,,,,,
,CS-KM,2014,40180733.0,-2746961.0,,,,,,,,,
,CS-KM,2015,34810447.0,-5370286.0,,,,,,,,,
,CS-KM,2016,12373787.0,-22436660.0,,,,,,,,,
,CS-KM,2017,25046263.0,12672476.0,,,,,,,,,
,CS-KM,2018,21454412.0,-3591851.0,,,,,,,,,
,CS-KM,2019,25111166.0,3656754.0,,,,,,,,,
,CS-KM,2020,24981739.0,-129427.0,,,,,,,,,
,CS-KM,2021,15577328.0,-9404411.0,,,,,,,,,
,CS-KM,2022,18244118.0,2666790.0,,,,,,,,,
,CS-KM,2023,20597447.0,2353329.0,,,,,,,,,
,CS-KM,2024,31184999.0,10587552.0,,,,,,,,,
Cuba,CUB,2001,5958693.0,,0.113,0.113,0.113,0.041,0.04,0.04,0.13,0.13,0.13
Cuba,CUB,2002,13356812.0,7398119.0,0.113,0.113,0.113,0.041,0.041,0.04,0.13,0.13,0.13
Cuba,CUB,2003,12177385.0,-1179427.0,0.114,0.113,0.113,0.04,0.041,0.041,0.13,0.13,0.13
Cuba,CUB,2004,14729456.0,2552071.0,0.114,0.114,0.113,0.04,0.04,0.041,0.13,0.13,0.13
Cuba,CUB,2005,20735870.0,6006414.0,0.113,0.114,0.114,0.041,0.04,0.04,0.13,0.13,0.13
Cuba,CUB,2006,24975081.0,4239211.0,0.113,0.113,0.114,0.041,0.041,0.04,0.13,0.13,0.13
Cuba,CUB,2007,16740998.0,-8234083.0,0.113,0.113,0.113,0.041,0.041,0.041,0.13,0.13,0.13
Cuba,CUB,2008,41812661.0,25071663.0,0.105,0.113,0.113,0.039,0.041,0.041,0.13,0.13,0.13
Cuba,CUB,2009,27206335.0,-14606326.0,0.167,0.105,0.113,0.05,0.039,0.041,0.13,0.13,0.13
Cuba,CUB,2010,15421507.0,-11784828.0,0.167,0.167,0.105,0.05,0.05,0.039,0.138,0.13,0.13
Cuba,CUB,2011,16241361.0,819854.0,0.167,0.167,0.167,0.051,0.05,0.05,0.138,0.138,0.13
Cuba,CUB,2012,13813206.0,-2428155.0,0.167,0.167,0.167,0.052,0.051,0.05,0.137,0.138,0.138
Cuba,CUB,2013,12099751.0,-1713455.0,0.168,0.167,0.167,0.057,0.052,0.051,0.098,0.137,0.138
Cuba,CUB,2014,1662158.0,-10437593.0,0.168,0.168,0.167,0.057,0.057,0.052,0.098,0.098,0.137
Cuba,CUB,2015,8588440.0,6926282.0,0.168,0.168,0.168,0.057,0.057,0.057,0.098,0.098,0.098
Cuba,CUB,2016,14627399.0,6038959.0,0.169,0.168,0.168,0.055,0.057,0.057,0.093,0.098,0.098
Cuba,CUB,2017,11621339.0,-3006060.0,0.168,0.169,0.168,0.058,0.055,0.057,0.093,0.093,0.098
Cuba,CUB,2018,13595876.0,1974537.0,0.177,0.168,0.169,0.061,0.058,0.055,0.131,0.093,0.093
Cuba,CUB,2019,16293111.0,2697235.0,0.181,0.177,0.168,0.062,0.061,0.058,0.121,0.131,0.093
Cuba,CUB,2020,12647565.0,-3645546.0,0.178,0.181,0.177,0.06,0.062,0.061,0.092,0.121,0.131
Cuba,CUB,2021,13786003.0,1138438.0,0.178,0.178,0.181,0.056,0.06,0.062,0.092,0.092,0.121
Cuba,CUB,2022,5950425.0,-7835578.0,0.178,0.178,0.178,0.056,0.056,0.06,0.092,0.092,0.092
Cuba,CUB,2023,6303531.0,353106.0,0.175,0.178,0.178,0.055,0.056,0.056,0.092,0.092,0.092
,CUB,2024,6115427.0,-188104.0,,,,,,,,,
Cyprus,CYP,2001,0.0,,0.805,0.795,0.765,0.678,0.668,0.632,0.869,0.869,0.8
Cyprus,CYP,2002,0.0,0.0,0.81,0.805,0.795,0.684,0.678,0.668,0.869,0.869,0.869
Cyprus,CYP,2003,0.0,0.0,0.805,0.81,0.805,0.668,0.684,0.678,0.869,0.869,0.869
Cyprus,CYP,2004,0.0,0.0,0.826,0.805,0.81,0.704,0.668,0.684,0.869,0.869,0.869
Cyprus,CYP,2005,0.0,0.0,0.825,0.826,0.805,0.704,0.704,0.668,0.907,0.869,0.869
Cyprus,CYP,2006,0.0,0.0,0.834,0.825,0.826,0.713,0.704,0.704,0.907,0.907,0.869
Cyprus,CYP,2007,0.0,0.0,0.837,0.834,0.825,0.724,0.713,0.704,0.907,0.907,0.907
Cyprus,CYP,2008,0.0,0.0,0.836,0.837,0.834,0.723,0.724,0.713,0.907,0.907,0.907
Cyprus,CYP,2009,0.0,0.0,0.836,0.836,0.837,0.722,0.723,0.724,0.907,0.907,0.907
Cyprus,CYP,2010,0.0,0.0,0.845,0.836,0.836,0.734,0.722,0.723,0.907,0.907,0.907
Cyprus,CYP,2011,0.0,0.0,0.845,0.845,0.836,0.734,0.734,0.722,0.91,0.907,0.907
Cyprus,CYP,2012,0.0,0.0,0.845,0.845,0.845,0.733,0.734,0.734,0.91,0.91,0.907
Cyprus,CYP,2013,0.0,0.0,0.847,0.845,0.845,0.732,0.733,0.734,0.913,0.91,0.91
Cyprus,CYP,2014,777154.0,777154.0,0.846,0.847,0.845,0.733,0.732,0.733,0.913,0.913,0.91
Cyprus,CYP,2015,0.0,-777154.0,0.851,0.846,0.847,0.737,0.733,0.732,0.903,0.913,0.913
Cyprus,CYP,2016,-496560.0,-496560.0,0.851,0.851,0.846,0.739,0.737,0.733,0.903,0.903,0.913
Cyprus,CYP,2017,0.0,496560.0,0.84,0.851,0.851,0.731,0.739,0.737,0.884,0.903,0.903
Cyprus,CYP,2018,0.0,0.0,0.836,0.84,0.851,0.722,0.731,0.739,0.876,0.884,0.903
Cyprus,CYP,2019,0.0,0.0,0.84,0.836,0.84,0.71,0.722,0.731,0.862,0.876,0.884
Cyprus,CYP,2020,0.0,0.0,0.807,0.84,0.836,0.691,0.71,0.722,0.866,0.862,0.876
Cyprus,CYP,2021,0.0,0.0,0.795,0.807,0.84,0.653,0.691,0.71,0.858,0.866,0.862
Cyprus,CYP,2022,0.0,0.0,0.779,0.795,0.807,0.645,0.653,0.691,0.862,0.858,0.866
Cyprus,CYP,2023,0.0,0.0,0.777,0.779,0.795,0.643,0.645,0.653,0.842,0.862,0.858
Czechia,CZE,2001,-47325.0,,0.878,0.878,0.878,0.801,0.801,0.801,0.782,0.782,0.754
Czechia,CZE,2002,-78699.0,-31374.0,0.884,0.878,0.878,0.808,0.801,0.801,0.782,0.782,0.782
Czechia,CZE,2003,-2645.0,76054.0,0.891,0.884,0.878,0.814,0.808,0.801,0.782,0.782,0.782
Czechia,CZE,2004,503.0,3148.0,0.892,0.891,0.884,0.815,0.814,0.808,0.782,0.782,0.782
Czechia,CZE,2005,0.0,-503.0,0.892,0.892,0.891,0.816,0.815,0.814,0.782,0.782,0.782
Czechia,CZE,2006,2993530.0,2993530.0,0.896,0.892,0.892,0.821,0.816,0.815,0.782,0.782,0.782
Czechia,CZE,2007,0.0,-2993530.0,0.897,0.896,0.892,0.824,0.821,0.816,0.782,0.782,0.782
Czechia,CZE,2008,0.0,0.0,0.897,0.897,0.896,0.821,0.824,0.821,0.782,0.782,0.782
Czechia,CZE,2009,4207.0,4207.0,0.888,0.897,0.897,0.813,0.821,0.824,0.782,0.782,0.782
Czechia,CZE,2010,0.0,-4207.0,0.883,0.888,0.897,0.805,0.813,0.821,0.783,0.782,0.782
Czechia,CZE,2011,0.0,0.0,0.891,0.883,0.888,0.808,0.805,0.813,0.783,0.783,0.782
Czechia,CZE,2012,0.0,0.0,0.891,0.891,0.883,0.814,0.808,0.805,0.783,0.783,0.783
Czechia,CZE,2013,0.0,0.0,0.863,0.891,0.891,0.779,0.814,0.808,0.779,0.783,0.783
Czechia,CZE,2014,1458459.0,1458459.0,0.852,0.863,0.891,0.766,0.779,0.814,0.766,0.779,0.783
Czechia,CZE,2015,-3726.0,-1462185.0,0.852,0.852,0.863,0.766,0.766,0.779,0.766,0.766,0.779
Czechia,CZE,2016,629547.0,633273.0,0.852,0.852,0.852,0.763,0.766,0.766,0.766,0.766,0.766
Czechia,CZE,2017,1049970.0,420423.0,0.833,0.852,0.852,0.726,0.763,0.766,0.816,0.766,0.766
Czechia,CZE,2018,0.0,-1049970.0,0.81,0.833,0.852,0.708,0.726,0.763,0.79,0.816,0.766
Czechia,CZE,2019,0.0,0.0,0.8,0.81,0.833,0.699,0.708,0.726,0.771,0.79,0.816
Czechia,CZE,2020,0.0,0.0,0.806,0.8,0.81,0.709,0.699,0.708,0.765,0.771,0.79
Czechia,CZE,2021,0.0,0.0,0.789,0.806,0.8,0.698,0.709,0.699,0.805,0.765,0.771
Czechia,CZE,2022,432719.0,432719.0,0.854,0.789,0.806,0.784,0.698,0.709,0.783,0.805,0.765
Czechia,CZE,2023,230511.0,-202208.0,0.863,0.854,0.789,0.796,0.784,0.698,0.786,0.783,0.805
,CZE,2024,200000.0,-30511.0,,,,,,,,,
Germany,DEU,2001,0.0,,0.899,0.899,0.899,0.86,0.86,0.86,0.98,0.98,0.98
Germany,DEU,2002,0.0,0.0,0.898,0.899,0.899,0.859,0.86,0.86,0.98,0.98,0.98
Germany,DEU,2003,0.0,0.0,0.896,0.898,0.899,0.857,0.859,0.86,0.98,0.98,0.98
Germany,DEU,2004,0.0,0.0,0.896,0.896,0.898,0.857,0.857,0.859,0.98,0.98,0.98
Germany,DEU,2005,0.0,0.0,0.896,0.896,0.896,0.859,0.857,0.857,0.98,0.98,0.98
Germany,DEU,2006,0.0,0.0,0.902,0.896,0.896,0.864,0.859,0.857,0.98,0.98,0.98
Germany,DEU,2007,0.0,0.0,0.902,0.902,0.896,0.864,0.864,0.859,0.98,0.98,0.98
Germany,DEU,2008,0.0,0.0,0.902,0.902,0.902,0.864,0.864,0.864,0.98,0.98,0.98
Germany,DEU,2009,0.0,0.0,0.9,0.902,0.902,0.862,0.864,0.864,0.98,0.98,0.98
Germany,DEU,2010,0.0,0.0,0.898,0.9,0.902,0.862,0.862,0.864,0.98,0.98,0.98
Germany,DEU,2011,0.0,0.0,0.9,0.898,0.9,0.864,0.862,0.862,0.98,0.98,0.98
Germany,DEU,2012,0.0,0.0,0.899,0.9,0.898,0.863,0.864,0.862,0.98,0.98,0.98
Germany,DEU,2013,0.0,0.0,0.892,0.899,0.9,0.853,0.863,0.864,0.98,0.98,0.98
Germany,DEU,2014,0.0,0.0,0.885,0.892,0.899,0.845,0.853,0.863,0.98,0.98,0.98
Germany,DEU,2015,0.0,0.0,0.883,0.885,0.892,0.845,0.845,0.853,0.98,0.98,0.98
Germany,DEU,2016,0.0,0.0,0.888,0.883,0.885,0.848,0.845,0.845,0.98,0.98,0.98
Germany,DEU,2017,0.0,0.0,0.889,0.888,0.883,0.842,0.848,0.845,0.98,0.98,0.98
Germany,DEU,2018,0.0,0.0,0.881,0.889,0.888,0.834,0.842,0.848,0.98,0.98,0.98
Germany,DEU,2019,0.0,0.0,0.878,0.881,0.889,0.831,0.834,0.842,0.98,0.98,0.98
Germany,DEU,2020,0.0,0.0,0.87,0.878,0.881,0.821,0.831,0.834,0.98,0.98,0.98
Germany,DEU,2021,0.0,0.0,0.863,0.87,0.878,0.814,0.821,0.831,0.98,0.98,0.98
Germany,DEU,2022,0.0,0.0,0.855,0.863,0.87,0.806,0.814,0.821,0.98,0.98,0.98
Germany,DEU,2023,5122461.0,5122461.0,0.855,0.855,0.863,0.812,0.806,0.814,0.98,0.98,0.98
Djibouti,DJI,2001,-16693.0,,0.253,0.251,0.246,0.117,0.116,0.114,0.438,0.438,0.391
Djibouti,DJI,2002,104702.0,121395.0,0.268,0.253,0.251,0.122,0.117,0.116,0.459,0.438,0.438
Djibouti,DJI,2003,81167.0,-23535.0,0.262,0.268,0.253,0.12,0.122,0.117,0.459,0.459,0.438
Djibouti,DJI,2004,103075.0,21908.0,0.264,0.262,0.268,0.121,0.12,0.122,0.459,0.459,0.459
Djibouti,DJI,2005,66472.0,-36603.0,0.25,0.264,0.262,0.116,0.121,0.12,0.459,0.459,0.459
Djibouti,DJI,2006,74526.0,8054.0,0.247,0.25,0.264,0.115,0.116,0.121,0.459,0.459,0.459
Djibouti,DJI,2007,-86653.0,-161179.0,0.247,0.247,0.25,0.115,0.115,0.116,0.459,0.459,0.459
Djibouti,DJI,2008,32693.0,119346.0,0.242,0.247,0.247,0.114,0.115,0.115,0.459,0.459,0.459
Djibouti,DJI,2009,662703.0,630010.0,0.244,0.242,0.247,0.114,0.114,0.115,0.459,0.459,0.459
Djibouti,DJI,2010,1185432.0,522729.0,0.242,0.244,0.242,0.113,0.114,0.114,0.459,0.459,0.459
Djibouti,DJI,2011,1495841.0,310409.0,0.246,0.242,0.244,0.114,0.113,0.114,0.459,0.459,0.459
Djibouti,DJI,2012,212127.0,-1283714.0,0.247,0.246,0.242,0.115,0.114,0.113,0.459,0.459,0.459
Djibouti,DJI,2013,22765.0,-189362.0,0.244,0.247,0.246,0.114,0.115,0.114,0.463,0.459,0.459
Djibouti,DJI,2014,-4539.0,-27304.0,0.245,0.244,0.247,0.114,0.114,0.115,0.463,0.463,0.459
Djibouti,DJI,2015,24272.0,28811.0,0.245,0.245,0.244,0.114,0.114,0.114,0.463,0.463,0.463
Djibouti,DJI,2016,-894.0,-25166.0,0.243,0.245,0.245,0.114,0.114,0.114,0.463,0.463,0.463
Djibouti,DJI,2017,70899.0,71793.0,0.243,0.243,0.245,0.11,0.114,0.114,0.463,0.463,0.463
Djibouti,DJI,2018,3584758.0,3513859.0,0.25,0.243,0.243,0.113,0.11,0.114,0.454,0.463,0.463
Djibouti,DJI,2019,58396.0,-3526362.0,0.251,0.25,0.243,0.119,0.113,0.11,0.454,0.454,0.463
Djibouti,DJI,2020,126854.0,68458.0,0.25,0.251,0.25,0.119,0.119,0.113,0.454,0.454,0.454
Djibouti,DJI,2021,2296193.0,2169339.0,0.251,0.25,0.251,0.12,0.119,0.119,0.454,0.454,0.454
Djibouti,DJI,2022,4316823.0,2020630.0,0.25,0.251,0.25,0.119,0.12,0.119,0.454,0.454,0.454
Djibouti,DJI,2023,4929570.0,612747.0,0.25,0.25,0.251,0.118,0.119,0.12,0.454,0.454,0.454
,DJI,2024,2987135.0,-1942435.0,,,,,,,,,
Denmark,DNK,2001,0.0,,0.906,0.906,0.906,0.879,0.878,0.878,0.987,0.987,0.987
Denmark,DNK,2002,0.0,0.0,0.908,0.906,0.906,0.88,0.879,0.878,0.987,0.987,0.987
Denmark,DNK,2003,0.0,0.0,0.908,0.908,0.906,0.88,0.88,0.879,0.987,0.987,0.987
Denmark,DNK,2004,0.0,0.0,0.908,0.908,0.908,0.88,0.88,0.88,0.987,0.987,0.987
Denmark,DNK,2005,0.0,0.0,0.92,0.908,0.908,0.895,0.88,0.88,0.987,0.987,0.987
Denmark,DNK,2006,0.0,0.0,0.922,0.92,0.908,0.896,0.895,0.88,0.987,0.987,0.987
Denmark,DNK,2007,0.0,0.0,0.922,0.922,0.92,0.896,0.896,0.895,0.987,0.987,0.987
Denmark,DNK,2008,0.0,0.0,0.921,0.922,0.922,0.895,0.896,0.896,0.987,0.987,0.987
Denmark,DNK,2009,0.0,0.0,0.921,0.921,0.922,0.895,0.895,0.896,0.987,0.987,0.987
Denmark,DNK,2010,0.0,0.0,0.921,0.921,0.921,0.895,0.895,0.895,0.987,0.987,0.987
Denmark,DNK,2011,0.0,0.0,0.921,0.921,0.921,0.894,0.895,0.895,0.987,0.987,0.987
Denmark,DNK,2012,0.0,0.0,0.921,0.921,0.921,0.895,0.894,0.895,0.987,0.987,0.987
Denmark,DNK,2013,0.0,0.0,0.921,0.921,0.921,0.895,0.895,0.894,0.987,0.987,0.987
Denmark,DNK,2014,0.0,0.0,0.921,0.921,0.921,0.895,0.895,0.895,0.987,0.987,0.987
Denmark,DNK,2015,0.0,0.0,0.921,0.921,0.921,0.894,0.895,0.895,0.986,0.987,0.987
Denmark,DNK,2016,0.0,0.0,0.918,0.921,0.921,0.892,0.894,0.895,0.986,0.986,0.987
Denmark,DNK,2017,0.0,0.0,0.918,0.918,0.921,0.891,0.892,0.894,0.986,0.986,0.986
Denmark,DNK,2018,0.0,0.0,0.918,0.918,0.918,0.89,0.891,0.892,0.986,0.986,0.986
Denmark,DNK,2019,0.0,0.0,0.916,0.918,0.918,0.886,0.89,0.891,0.986,0.986,0.986
Denmark,DNK,2020,0.0,0.0,0.915,0.916,0.918,0.882,0.886,0.89,0.986,0.986,0.986
Denmark,DNK,2021,0.0,0.0,0.915,0.915,0.916,0.882,0.882,0.886,0.971,0.986,0.986
Denmark,DNK,2022,0.0,0.0,0.915,0.915,0.915,0.887,0.882,0.882,0.971,0.971,0.986
Denmark,DNK,2023,0.0,0.0,0.917,0.915,0.915,0.884,0.887,0.882,0.971,0.971,0.971
Dominican Republic,DOM,2001,11684797.0,,0.673,0.665,0.647,0.391,0.391,0.378,0.818,0.818,0.818
Dominican Republic,DOM,2002,8365233.0,-3319564.0,0.672,0.673,0.665,0.388,0.391,0.391,0.818,0.818,0.818
Dominican Republic,DOM,2003,11159536.0,2794303.0,0.671,0.672,0.673,0.385,0.388,0.391,0.818,0.818,0.818
Dominican Republic,DOM,2004,8062305.0,-3097231.0,0.659,0.671,0.672,0.379,0.385,0.388,0.818,0.818,0.818
Dominican Republic,DOM,2005,7884603.0,-177702.0,0.651,0.659,0.671,0.383,0.379,0.385,0.818,0.818,0.818
Dominican Republic,DOM,2006,15861781.0,7977178.0,0.644,0.651,0.659,0.378,0.383,0.379,0.818,0.818,0.818
Dominican Republic,DOM,2007,10767136.0,-5094645.0,0.636,0.644,0.651,0.376,0.378,0.383,0.818,0.818,0.818
Dominican Republic,DOM,2008,2996327.0,-7770809.0,0.638,0.636,0.644,0.376,0.376,0.378,0.818,0.818,0.818
Dominican Republic,DOM,2009,24624938.0,21628611.0,0.639,0.638,0.636,0.377,0.376,0.376,0.818,0.818,0.818
Dominican Republic,DOM,2010,20198303.0,-4426635.0,0.625,0.639,0.638,0.371,0.377,0.376,0.818,0.818,0.818
Dominican Republic,DOM,2011,10986834.0,-9211469.0,0.623,0.625,0.639,0.364,0.371,0.377,0.818,0.818,0.818
Dominican Republic,DOM,2012,6321292.0,-4665542.0,0.612,0.623,0.625,0.366,0.364,0.371,0.818,0.818,0.818
Dominican Republic,DOM,2013,1792377.0,-4528915.0,0.6,0.612,0.623,0.354,0.366,0.364,0.823,0.818,0.818
Dominican Republic,DOM,2014,2762544.0,970167.0,0.6,0.6,0.612,0.352,0.354,0.366,0.823,0.823,0.818
Dominican Republic,DOM,2015,9810023.0,7047479.0,0.59,0.6,0.6,0.344,0.352,0.354,0.759,0.823,0.823
Dominican Republic,DOM,2016,5179409.0,-4630614.0,0.571,0.59,0.6,0.333,0.344,0.352,0.764,0.759,0.823
Dominican Republic,DOM,2017,13701939.0,8522530.0,0.559,0.571,0.59,0.328,0.333,0.344,0.764,0.764,0.759
Dominican Republic,DOM,2018,10090427.0,-3611512.0,0.573,0.559,0.571,0.339,0.328,0.333,0.766,0.764,0.764
Dominican Republic,DOM,2019,9803981.0,-286446.0,0.569,0.573,0.559,0.34,0.339,0.328,0.864,0.766,0.764
Dominican Republic,DOM,2020,9336390.0,-467591.0,0.656,0.569,0.573,0.449,0.34,0.339,0.913,0.864,0.766
Dominican Republic,DOM,2021,2118008.0,-7218382.0,0.694,0.656,0.569,0.484,0.449,0.34,0.943,0.913,0.864
Dominican Republic,DOM,2022,12449193.0,10331185.0,0.692,0.694,0.656,0.478,0.484,0.449,0.932,0.943,0.913
Dominican Republic,DOM,2023,19527079.0,7077886.0,0.692,0.692,0.694,0.471,0.478,0.484,0.87,0.932,0.943
,DOM,2024,14534242.0,-4992837.0,,,,,,,,,
Algeria,DZA,2001,117721.0,,0.326,0.326,0.328,0.161,0.161,0.161,0.327,0.327,0.273
Algeria,DZA,2002,82784.0,-34937.0,0.326,0.326,0.326,0.161,0.161,0.161,0.327,0.327,0.327
Algeria,DZA,2003,662795.0,580011.0,0.331,0.326,0.326,0.163,0.161,0.161,0.327,0.327,0.327
Algeria,DZA,2004,583565.0,-79230.0,0.333,0.331,0.326,0.163,0.163,0.161,0.327,0.327,0.327
Algeria,DZA,2005,92337.0,-491228.0,0.335,0.333,0.331,0.168,0.163,0.163,0.327,0.327,0.327
Algeria,DZA,2006,1208667.0,1116330.0,0.335,0.335,0.333,0.168,0.168,0.163,0.312,0.327,0.327
Algeria,DZA,2007,669785.0,-538882.0,0.334,0.335,0.335,0.166,0.168,0.168,0.312,0.312,0.327
Algeria,DZA,2008,1904394.0,1234609.0,0.329,0.334,0.335,0.165,0.166,0.168,0.312,0.312,0.312
Algeria,DZA,2009,440601.0,-1463793.0,0.327,0.329,0.334,0.164,0.165,0.166,0.312,0.312,0.312
Algeria,DZA,2010,203476.0,-237125.0,0.322,0.327,0.329,0.164,0.164,0.165,0.312,0.312,0.312
Algeria,DZA,2011,133984.0,-69492.0,0.322,0.322,0.327,0.165,0.164,0.164,0.312,0.312,0.312
Algeria,DZA,2012,0.0,-133984.0,0.324,0.322,0.322,0.167,0.165,0.164,0.332,0.312,0.312
Algeria,DZA,2013,92981.0,92981.0,0.327,0.324,0.322,0.171,0.167,0.165,0.366,0.332,0.312
Algeria,DZA,2014,103621.0,10640.0,0.324,0.327,0.324,0.173,0.171,0.167,0.354,0.366,0.332
Algeria,DZA,2015,76919.0,-26702.0,0.331,0.324,0.327,0.175,0.173,0.171,0.354,0.354,0.366
Algeria,DZA,2016,0.0,-76919.0,0.308,0.331,0.324,0.165,0.175,0.173,0.345,0.354,0.354
Algeria,DZA,2017,75655.0,75655.0,0.309,0.308,0.331,0.16,0.165,0.175,0.31,0.345,0.354
Algeria,DZA,2018,349539.0,273884.0,0.305,0.309,0.308,0.161,0.16,0.165,0.399,0.31,0.345
Algeria,DZA,2019,349653.0,114.0,0.293,0.305,0.309,0.153,0.161,0.16,0.348,0.399,0.31
Algeria,DZA,2020,741358.0,391705.0,0.279,0.293,0.305,0.152,0.153,0.161,0.347,0.348,0.399
Algeria,DZA,2021,1545801.0,804443.0,0.282,0.279,0.293,0.139,0.152,0.153,0.319,0.347,0.348
Algeria,DZA,2022,0.0,-1545801.0,0.269,0.282,0.279,0.126,0.139,0.152,0.307,0.319,0.347
Algeria,DZA,2023,0.0,0.0,0.265,0.269,0.282,0.123,0.126,0.139,0.307,0.307,0.319
,DZA,2024,500000.0,500000.0,,,,,,,,,
,EAG,2002,165568.0,,,,,,,,,,
,EAG,2007,3400186.0,3234618.0,,,,,,,,,
,EAG,2008,1102795.0,-2297391.0,,,,,,,,,
,EAG,2009,2555675.0,1452880.0,,,,,,,,,
,EAG,2010,1612847.0,-942828.0,,,,,,,,,
,EAG,2011,2220650.0,607803.0,,,,,,,,,
,EAG,2012,2246776.0,26126.0,,,,,,,,,
,EAG,2013,1624894.0,-621882.0,,,,,,,,,
,EAG,2014,1989549.0,364655.0,,,,,,,,,
,EAG,2015,1181553.0,-807996.0,,,,,,,,,
,EAG,2016,2742995.0,1561442.0,,,,,,,,,
,EAG,2017,1643033.0,-1099962.0,,,,,,,,,
,EAG,2018,674265.0,-968768.0,,,,,,,,,
,EAG,2019,373601.0,-300664.0,,,,,,,,,
,EAG,2020,297833.0,-75768.0,,,,,,,,,
,EAG,2021,2268899.0,1971066.0,,,,,,,,,
,EAG,2022,1633537.0,-635362.0,,,,,,,,,
,EAG,2023,1229391.0,-404146.0,,,,,,,,,
,EAG,2024,1778259.0,548868.0,,,,,,,,,
,EAQ,2004,3138247.0,,,,,,,,,,
,EAQ,2005,960301.0,-2177946.0,,,,,,,,,
,EAQ,2011,2692492.0,1732191.0,,,,,,,,,
,EAQ,2012,31575551.0,28883059.0,,,,,,,,,
,EAQ,2013,17340123.0,-14235428.0,,,,,,,,,
,EAQ,2014,51783880.0,34443757.0,,,,,,,,,
,EAQ,2015,30639552.0,-21144328.0,,,,,,,,,
,EAQ,2016,34085954.0,3446402.0,,,,,,,,,
,EAQ,2017,25205145.0,-8880809.0,,,,,,,,,
,EAQ,2018,31728272.0,6523127.0,,,,,,,,,
,EAQ,2019,34769415.0,3041143.0,,,,,,,,,
,EAQ,2020,46350187.0,11580772.0,,,,,,,,,
,EAQ,2021,9656654.0,-36693533.0,,,,,,,,,
,EAQ,2022,3291272.0,-6365382.0,,,,,,,,,
,EAQ,2023,8708183.0,5416911.0,,,,,,,,,
,EAQ,2024,2944006.0,-5764177.0,,,,,,,,,
,ECN,2012,137773.0,,,,,,,,,,
,ECN,2018,129634.0,-8139.0,,,,,,,,,
,ECN,2019,595937.0,466303.0,,,,,,,,,
,ECN,2020,180298.0,-415639.0,,,,,,,,,
,ECN,2021,830975.0,650677.0,,,,,,,,,
Ecuador,ECU,2001,12443791.0,,0.689,0.689,0.693,0.445,0.445,0.454,0.753,0.753,0.753
Ecuador,ECU,2002,13153214.0,709423.0,0.689,0.689,0.689,0.446,0.445,0.445,0.753,0.753,0.753
Ecuador,ECU,2003,5448382.0,-7704832.0,0.698,0.689,0.689,0.454,0.446,0.445,0.753,0.753,0.753
Ecuador,ECU,2004,23314617.0,17866235.0,0.698,0.698,0.689,0.452,0.454,0.446,0.753,0.753,0.753
Ecuador,ECU,2005,12249915.0,-11064702.0,0.698,0.698,0.698,0.454,0.452,0.454,0.753,0.753,0.753
Ecuador,ECU,2006,7278815.0,-4971100.0,0.693,0.698,0.698,0.451,0.454,0.452,0.817,0.753,0.753
Ecuador,ECU,2007,2133323.0,-5145492.0,0.671,0.693,0.698,0.407,0.451,0.454,0.806,0.817,0.753
Ecuador,ECU,2008,6499489.0,4366166.0,0.634,0.671,0.693,0.343,0.407,0.451,0.804,0.806,0.817
Ecuador,ECU,2009,4122614.0,-2376875.0,0.613,0.634,0.671,0.329,0.343,0.407,0.71,0.804,0.806
Ecuador,ECU,2010,13132021.0,9009407.0,0.588,0.613,0.634,0.309,0.329,0.343,0.625,0.71,0.804
Ecuador,ECU,2011,15946240.0,2814219.0,0.581,0.588,0.613,0.304,0.309,0.329,0.606,0.625,0.71
Ecuador,ECU,2012,7531362.0,-8414878.0,0.586,0.581,0.588,0.306,0.304,0.309,0.606,0.606,0.625
Ecuador,ECU,2013,9295248.0,1763886.0,0.538,0.586,0.581,0.265,0.306,0.304,0.548,0.606,0.606
Ecuador,ECU,2014,9083227.0,-212021.0,0.534,0.538,0.586,0.262,0.265,0.306,0.548,0.548,0.606
Ecuador,ECU,2015,3641448.0,-5441779.0,0.533,0.534,0.538,0.263,0.262,0.265,0.548,0.548,0.548
Ecuador,ECU,2016,1450640.0,-2190808.0,0.54,0.533,0.534,0.264,0.263,0.262,0.548,0.548,0.548
Ecuador,ECU,2017,5005993.0,3555353.0,0.552,0.54,0.533,0.338,0.264,0.263,0.574,0.548,0.548
Ecuador,ECU,2018,8794626.0,3788633.0,0.641,0.552,0.54,0.458,0.338,0.264,0.646,0.574,0.548
Ecuador,ECU,2019,15926367.0,7131741.0,0.617,0.641,0.552,0.446,0.458,0.338,0.62,0.646,0.574
Ecuador,ECU,2020,23748446.0,7822079.0,0.626,0.617,0.641,0.481,0.446,0.458,0.684,0.62,0.646
Ecuador,ECU,2021,4173990.0,-19574456.0,0.625,0.626,0.617,0.454,0.481,0.446,0.655,0.684,0.62
Ecuador,ECU,2022,2947582.0,-1226408.0,0.661,0.625,0.626,0.504,0.454,0.481,0.708,0.655,0.684
Ecuador,ECU,2023,9014996.0,6067414.0,0.641,0.661,0.625,0.463,0.504,0.454,0.763,0.708,0.655
,ECU,2024,17966255.0,8951259.0,,,,,,,,,
,EEE,2001,5874847.0,,,,,,,,,,
,EEE,2002,2689375.0,-3185472.0,,,,,,,,,
,EEE,2003,4852091.0,2162716.0,,,,,,,,,
,EEE,2004,2008034.0,-2844057.0,,,,,,,,,
,EEE,2005,10850725.0,8842691.0,,,,,,,,,
,EEE,2006,25961504.0,15110779.0,,,,,,,,,
,EEE,2007,3790814.0,-22170690.0,,,,,,,,,
,EEE,2008,4006870.0,216056.0,,,,,,,,,
,EEE,2009,237311.0,-3769559.0,,,,,,,,,
,EEE,2010,280034.0,42723.0,,,,,,,,,
,EEE,2011,2798387.0,2518353.0,,,,,,,,,
,EEE,2012,353678.0,-2444709.0,,,,,,,,,
,EEE,2013,1750029.0,1396351.0,,,,,,,,,
,EEE,2014,778696.0,-971333.0,,,,,,,,,
,EEE,2015,1591566.0,812870.0,,,,,,,,,
,EEE,2016,1942680.0,351114.0,,,,,,,,,
,EEE,2017,3762429.0,1819749.0,,,,,,,,,
,EEE,2019,5968672.0,2206243.0,,,,,,,,,
,EEE,2020,7550501.0,1581829.0,,,,,,,,,
,EEE,2021,5344518.0,-2205983.0,,,,,,,,,
,EEE,2022,1861301.0,-3483217.0,,,,,,,,,
,EEE,2024,24664.0,-1836637.0,,,,,,,,,
,EEN,2001,13734750.0,,,,,,,,,,
,EEN,2002,25038281.0,11303531.0,,,,,,,,,
,EEN,2003,31685711.0,6647430.0,,,,,,,,,
,EEN,2004,42839569.0,11153858.0,,,,,,,,,
,EEN,2005,21476277.0,-21363292.0,,,,,,,,,
,EEN,2006,10384823.0,-11091454.0,,,,,,,,,
,EEN,2007,32503892.0,22119069.0,,,,,,,,,
,EEN,2008,34811857.0,2307965.0,,,,,,,,,
,EEN,2009,31279471.0,-3532386.0,,,,,,,,,
,EEN,2010,43377457.0,12097986.0,,,,,,,,,
,EEN,2011,38301124.0,-5076333.0,,,,,,,,,
,EEN,2012,2478087.0,-35823037.0,,,,,,,,,
,EEN,2013,2099073.0,-379014.0,,,,,,,,,
,EEN,2014,12723934.0,10624861.0,,,,,,,,,
,EEN,2015,9366643.0,-3357291.0,,,,,,,,,
,EEN,2016,12859595.0,3492952.0,,,,,,,,,
,EEN,2017,22726845.0,9867250.0,,,,,,,,,
,EEN,2018,36471028.0,13744183.0,,,,,,,,,
,EEN,2019,26247004.0,-10224024.0,,,,,,,,,
,EEN,2020,26084592.0,-162412.0,,,,,,,,,
,EEN,2021,35264712.0,9180120.0,,,,,,,,,
,EEN,2022,42241935.0,6977223.0,,,,,,,,,
,EEN,2023,28189454.0,-14052481.0,,,,,,,,,
,EEN,2024,55860663.0,27671209.0,,,,,,,,,
,EES,2001,199147.0,,,,,,,,,,
,EES,2002,1252081.0,1052934.0,,,,,,,,,
,EES,2003,1174030.0,-78051.0,,,,,,,,,
,EES,2004,3982748.0,2808718.0,,,,,,,,,
,EES,2005,1339734.0,-2643014.0,,,,,,,,,
,EES,2006,2049283.0,709549.0,,,,,,,,,
,EES,2007,2484334.0,435051.0,,,,,,,,,
,EES,2008,3392053.0,907719.0,,,,,,,,,
,EES,2009,3508085.0,116032.0,,,,,,,,,
,EES,2010,4929829.0,1421744.0,,,,,,,,,
,EES,2011,655326.0,-4274503.0,,,,,,,,,
,EES,2012,584058.0,-71268.0,,,,,,,,,
,EES,2013,1566534.0,982476.0,,,,,,,,,
,EES,2014,7038940.0,5472406.0,,,,,,,,,
,EES,2015,2991384.0,-4047556.0,,,,,,,,,
,EES,2016,2998038.0,6654.0,,,,,,,,,
,EES,2017,12511119.0,9513081.0,,,,,,,,,
,EES,2018,3745094.0,-8766025.0,,,,,,,,,
,EES,2019,10492581.0,6747487.0,,,,,,,,,
,EES,2020,15719385.0,5226804.0,,,,,,,,,
,EES,2021,19029142.0,3309757.0,,,,,,,,,
,EES,2023,6713201.0,-12315941.0,,,,,,,,,
,EES,2024,11392835.0,4679634.0,,,,,,,,,
Egypt,EGY,2001,-2942774.0,,0.209,0.217,0.215,0.151,0.154,0.155,0.232,0.232,0.239
Egypt,EGY,2002,12628535.0,15571309.0,0.209,0.209,0.217,0.151,0.151,0.154,0.254,0.232,0.232
Egypt,EGY,2003,61592227.0,48963692.0,0.209,0.209,0.209,0.151,0.151,0.151,0.254,0.254,0.232
Egypt,EGY,2004,19975476.0,-41616751.0,0.208,0.209,0.209,0.151,0.151,0.151,0.254,0.254,0.254
Egypt,EGY,2005,15663819.0,-4311657.0,0.21,0.208,0.209,0.152,0.151,0.151,0.254,0.254,0.254
Egypt,EGY,2006,56454375.0,40790556.0,0.212,0.21,0.208,0.153,0.152,0.151,0.254,0.254,0.254
Egypt,EGY,2007,71180679.0,14726304.0,0.212,0.212,0.21,0.152,0.153,0.152,0.253,0.254,0.254
Egypt,EGY,2008,55873083.0,-15307596.0,0.212,0.212,0.212,0.152,0.152,0.153,0.253,0.253,0.254
Egypt,EGY,2009,76400837.0,20527754.0,0.211,0.212,0.212,0.152,0.152,0.152,0.232,0.253,0.253
Egypt,EGY,2010,36531150.0,-39869687.0,0.212,0.211,0.212,0.152,0.152,0.152,0.232,0.232,0.253
Egypt,EGY,2011,77052258.0,40521108.0,0.204,0.212,0.211,0.122,0.152,0.152,0.327,0.232,0.232
Egypt,EGY,2012,35183569.0,-41868689.0,0.298,0.204,0.212,0.157,0.122,0.152,0.318,0.327,0.232
Egypt,EGY,2013,7431660.0,-27751909.0,0.187,0.298,0.204,0.097,0.157,0.122,0.18,0.318,0.327
Egypt,EGY,2014,42395188.0,34963528.0,0.137,0.187,0.298,0.085,0.097,0.157,0.136,0.18,0.318
Egypt,EGY,2015,20456414.0,-21938774.0,0.156,0.137,0.187,0.093,0.085,0.097,0.112,0.136,0.18
Egypt,EGY,2016,-8747566.0,-29203980.0,0.178,0.156,0.137,0.122,0.093,0.085,0.107,0.112,0.136
Egypt,EGY,2017,12446951.0,21194517.0,0.178,0.178,0.156,0.113,0.122,0.093,0.146,0.107,0.112
Egypt,EGY,2018,24256091.0,11809140.0,0.176,0.178,0.178,0.112,0.113,0.122,0.155,0.146,0.107
Egypt,EGY,2019,6943113.0,-17312978.0,0.174,0.176,0.178,0.116,0.112,0.113,0.198,0.155,0.146
Egypt,EGY,2020,30756303.0,23813190.0,0.176,0.174,0.176,0.117,0.116,0.112,0.184,0.198,0.155
Egypt,EGY,2021,12122482.0,-18633821.0,0.18,0.176,0.174,0.116,0.117,0.116,0.191,0.184,0.198
Egypt,EGY,2022,26966137.0,14843655.0,0.183,0.18,0.176,0.123,0.116,0.117,0.202,0.191,0.184
Egypt,EGY,2023,33139572.0,6173435.0,0.187,0.183,0.18,0.123,0.123,0.116,0.202,0.202,0.191
,EGY,2024,4592232.0,-28547340.0,,,,,,,,,
,ENS,2001,336345.0,,,,,,,,,,
,ENS,2007,172301.0,-164044.0,,,,,,,,,
,ENS,2012,2874167.0,2701866.0,,,,,,,,,
,ENS,2013,4144473.0,1270306.0,,,,,,,,,
,ENS,2014,3787331.0,-357142.0,,,,,,,,,
,ENS,2015,4317123.0,529792.0,,,,,,,,,
,ENS,2016,2624917.0,-1692206.0,,,,,,,,,
,ENS,2017,-3752.0,-2628669.0,,,,,,,,,
,ENS,2018,3482189.0,3485941.0,,,,,,,,,
,ENS,2019,5583928.0,2101739.0,,,,,,,,,
,ENS,2020,11552130.0,5968202.0,,,,,,,,,
,ENS,2021,22331712.0,10779582.0,,,,,,,,,
,ENS,2022,1843701.0,-20488011.0,,,,,,,,,
,ENS,2023,3027216.0,1183515.0,,,,,,,,,
,ENS,2024,6822700.0,3795484.0,,,,,,,,,
Eritrea,ERI,2001,2392880.0,,0.103,0.12,0.122,0.016,0.027,0.031,0.042,0.042,0.085
Eritrea,ERI,2002,4667696.0,2274816.0,0.084,0.103,0.12,0.011,0.016,0.027,0.042,0.042,0.042
Eritrea,ERI,2003,7233900.0,2566204.0,0.067,0.084,0.103,0.006,0.011,0.016,0.042,0.042,0.042
Eritrea,ERI,2004,422124.0,-6811776.0,0.067,0.067,0.084,0.006,0.006,0.011,0.042,0.042,0.042
Eritrea,ERI,2005,2888747.0,2466623.0,0.067,0.067,0.067,0.006,0.006,0.006,0.042,0.042,0.042
Eritrea,ERI,2006,33863.0,-2854884.0,0.067,0.067,0.067,0.006,0.006,0.006,0.042,0.042,0.042
Eritrea,ERI,2007,-29006.0,-62869.0,0.067,0.067,0.067,0.006,0.006,0.006,0.042,0.042,0.042
Eritrea,ERI,2008,35527.0,64533.0,0.067,0.067,0.067,0.006,0.006,0.006,0.042,0.042,0.042
Eritrea,ERI,2009,20224.0,-15303.0,0.068,0.067,0.067,0.005,0.006,0.006,0.042,0.042,0.042
Eritrea,ERI,2010,69620.0,49396.0,0.068,0.068,0.067,0.005,0.005,0.006,0.042,0.042,0.042
Eritrea,ERI,2011,0.0,-69620.0,0.068,0.068,0.068,0.005,0.005,0.005,0.042,0.042,0.042
Eritrea,ERI,2012,-768778.0,-768778.0,0.067,0.068,0.068,0.005,0.005,0.005,0.042,0.042,0.042
Eritrea,ERI,2013,-287373.0,481405.0,0.07,0.067,0.068,0.006,0.005,0.005,0.044,0.042,0.042
Eritrea,ERI,2014,-976284.0,-688911.0,0.07,0.07,0.067,0.007,0.006,0.005,0.044,0.044,0.042
Eritrea,ERI,2015,102297.0,1078581.0,0.069,0.07,0.07,0.006,0.007,0.006,0.044,0.044,0.044
Eritrea,ERI,2016,173602.0,71305.0,0.069,0.069,0.07,0.006,0.006,0.007,0.044,0.044,0.044
Eritrea,ERI,2017,162223.0,-11379.0,0.069,0.069,0.069,0.007,0.006,0.006,0.044,0.044,0.044
Eritrea,ERI,2018,147580.0,-14643.0,0.068,0.069,0.069,0.007,0.007,0.006,0.045,0.044,0.044
Eritrea,ERI,2019,67016.0,-80564.0,0.07,0.068,0.069,0.009,0.007,0.007,0.045,0.045,0.044
Eritrea,ERI,2020,165596.0,98580.0,0.069,0.07,0.068,0.01,0.009,0.007,0.056,0.045,0.045
Eritrea,ERI,2021,114180.0,-51416.0,0.071,0.069,0.07,0.01,0.01,0.009,0.053,0.056,0.045
Eritrea,ERI,2022,0.0,-114180.0,0.071,0.071,0.069,0.012,0.01,0.01,0.055,0.053,0.056
Eritrea,ERI,2023,0.0,0.0,0.068,0.071,0.071,0.01,0.012,0.01,0.062,0.055,0.053
Spain,ESP,2001,0.0,,0.893,0.893,0.894,0.817,0.817,0.82,0.854,0.854,0.854
Spain,ESP,2002,0.0,0.0,0.893,0.893,0.893,0.817,0.817,0.817,0.854,0.854,0.854
Spain,ESP,2003,0.0,0.0,0.875,0.893,0.893,0.796,0.817,0.817,0.854,0.854,0.854
Spain,ESP,2004,0.0,0.0,0.875,0.875,0.893,0.808,0.796,0.817,0.854,0.854,0.854
Spain,ESP,2005,0.0,0.0,0.879,0.875,0.875,0.811,0.808,0.796,0.854,0.854,0.854
Spain,ESP,2006,0.0,0.0,0.879,0.879,0.875,0.812,0.811,0.808,0.854,0.854,0.854
Spain,ESP,2007,0.0,0.0,0.876,0.879,0.879,0.808,0.812,0.811,0.854,0.854,0.854
Spain,ESP,2008,0.0,0.0,0.886,0.876,0.879,0.819,0.808,0.812,0.854,0.854,0.854
Spain,ESP,2009,0.0,0.0,0.888,0.886,0.876,0.821,0.819,0.808,0.862,0.854,0.854
Spain,ESP,2010,0.0,0.0,0.892,0.888,0.886,0.825,0.821,0.819,0.863,0.862,0.854
Spain,ESP,2011,0.0,0.0,0.893,0.892,0.888,0.821,0.825,0.821,0.863,0.863,0.862
Spain,ESP,2012,0.0,0.0,0.889,0.893,0.892,0.799,0.821,0.825,0.847,0.863,0.863
Spain,ESP,2013,0.0,0.0,0.875,0.889,0.893,0.778,0.799,0.821,0.844,0.847,0.863
Spain,ESP,2014,0.0,0.0,0.871,0.875,0.889,0.774,0.778,0.799,0.869,0.844,0.847
Spain,ESP,2015,0.0,0.0,0.856,0.871,0.875,0.759,0.774,0.778,0.863,0.869,0.844
Spain,ESP,2016,0.0,0.0,0.847,0.856,0.871,0.766,0.759,0.774,0.869,0.863,0.869
Spain,ESP,2017,18448.0,18448.0,0.835,0.847,0.856,0.757,0.766,0.759,0.855,0.869,0.863
Spain,ESP,2018,0.0,-18448.0,0.851,0.835,0.847,0.776,0.757,0.766,0.861,0.855,0.869
Spain,ESP,2019,0.0,0.0,0.871,0.851,0.835,0.804,0.776,0.757,0.882,0.861,0.855
Spain,ESP,2020,0.0,0.0,0.874,0.871,0.851,0.786,0.804,0.776,0.903,0.882,0.861
Spain,ESP,2021,0.0,0.0,0.85,0.874,0.871,0.775,0.786,0.804,0.896,0.903,0.882
Spain,ESP,2022,0.0,0.0,0.867,0.85,0.874,0.782,0.775,0.786,0.894,0.896,0.903
Spain,ESP,2023,0.0,0.0,0.846,0.867,0.85,0.759,0.782,0.775,0.893,0.894,0.896
Estonia,EST,2001,18499.0,,0.869,0.869,0.869,0.808,0.808,0.807,0.769,0.769,0.769
Estonia,EST,2002,0.0,-18499.0,0.871,0.869,0.869,0.811,0.808,0.808,0.769,0.769,0.769
Estonia,EST,2003,0.0,0.0,0.868,0.871,0.869,0.808,0.811,0.808,0.807,0.769,0.769
Estonia,EST,2004,114176.0,114176.0,0.871,0.868,0.871,0.811,0.808,0.811,0.807,0.807,0.769
Estonia,EST,2005,0.0,-114176.0,0.871,0.871,0.868,0.811,0.811,0.808,0.807,0.807,0.807
Estonia,EST,2006,1429414.0,1429414.0,0.871,0.871,0.871,0.811,0.811,0.811,0.807,0.807,0.807
Estonia,EST,2007,0.0,-1429414.0,0.871,0.871,0.871,0.811,0.811,0.811,0.807,0.807,0.807
Estonia,EST,2008,0.0,0.0,0.871,0.871,0.871,0.811,0.811,0.811,0.837,0.807,0.807
Estonia,EST,2009,-101748.0,-101748.0,0.874,0.871,0.871,0.814,0.811,0.811,0.837,0.837,0.807
Estonia,EST,2010,0.0,101748.0,0.88,0.874,0.871,0.829,0.814,0.811,0.858,0.837,0.837
Estonia,EST,2011,0.0,0.0,0.883,0.88,0.874,0.832,0.829,0.814,0.858,0.858,0.837
Estonia,EST,2012,0.0,0.0,0.883,0.883,0.88,0.832,0.832,0.829,0.858,0.858,0.858
Estonia,EST,2013,0.0,0.0,0.883,0.883,0.883,0.834,0.832,0.832,0.861,0.858,0.858
Estonia,EST,2014,0.0,0.0,0.888,0.883,0.883,0.838,0.834,0.832,0.853,0.861,0.858
Estonia,EST,2015,0.0,0.0,0.894,0.888,0.883,0.845,0.838,0.834,0.853,0.853,0.861
Estonia,EST,2016,0.0,0.0,0.907,0.894,0.888,0.859,0.845,0.838,0.878,0.853,0.853
Estonia,EST,2017,0.0,0.0,0.907,0.907,0.894,0.861,0.859,0.845,0.871,0.878,0.853
Estonia,EST,2018,0.0,0.0,0.906,0.907,0.907,0.863,0.861,0.859,0.902,0.871,0.878
Estonia,EST,2019,0.0,0.0,0.898,0.906,0.907,0.848,0.863,0.861,0.902,0.902,0.871
Estonia,EST,2020,0.0,0.0,0.897,0.898,0.906,0.842,0.848,0.863,0.902,0.902,0.902
Estonia,EST,2021,160769.0,160769.0,0.9,0.897,0.898,0.853,0.842,0.848,0.913,0.902,0.902
Estonia,EST,2022,691489.0,530720.0,0.896,0.9,0.897,0.853,0.853,0.842,0.9,0.913,0.902
Estonia,EST,2023,547607.0,-143882.0,0.893,0.896,0.9,0.845,0.853,0.853,0.89,0.9,0.913
,EST,2024,101171.0,-446436.0,,,,,,,,,
Ethiopia,ETH,2001,6852600.0,,0.241,0.241,0.245,0.11,0.11,0.111,0.402,0.402,0.402
Ethiopia,ETH,2002,5911842.0,-940758.0,0.242,0.241,0.241,0.11,0.11,0.11,0.402,0.402,0.402
Ethiopia,ETH,2003,4681455.0,-1230387.0,0.242,0.242,0.241,0.111,0.11,0.11,0.402,0.402,0.402
Ethiopia,ETH,2004,6056076.0,1374621.0,0.241,0.242,0.242,0.11,0.111,0.11,0.402,0.402,0.402
Ethiopia,ETH,2005,11174126.0,5118050.0,0.256,0.241,0.242,0.115,0.11,0.111,0.402,0.402,0.402
Ethiopia,ETH,2006,14737482.0,3563356.0,0.241,0.256,0.241,0.111,0.115,0.11,0.287,0.402,0.402
Ethiopia,ETH,2007,27992938.0,13255456.0,0.244,0.241,0.256,0.113,0.111,0.115,0.294,0.287,0.402
Ethiopia,ETH,2008,7274833.0,-20718105.0,0.244,0.244,0.241,0.113,0.113,0.111,0.294,0.294,0.287
Ethiopia,ETH,2009,5900511.0,-1374322.0,0.244,0.244,0.244,0.113,0.113,0.113,0.291,0.294,0.294
Ethiopia,ETH,2010,5421454.0,-479057.0,0.229,0.244,0.244,0.109,0.113,0.113,0.288,0.291,0.294
Ethiopia,ETH,2011,5448465.0,27011.0,0.223,0.229,0.244,0.105,0.109,0.113,0.335,0.288,0.291
Ethiopia,ETH,2012,1273526.0,-4174939.0,0.225,0.223,0.229,0.106,0.105,0.109,0.335,0.335,0.288
Ethiopia,ETH,2013,-1527793.0,-2801319.0,0.223,0.225,0.223,0.104,0.106,0.105,0.364,0.335,0.335
Ethiopia,ETH,2014,1528813.0,3056606.0,0.227,0.223,0.225,0.104,0.104,0.106,0.364,0.364,0.335
Ethiopia,ETH,2015,2615037.0,1086224.0,0.228,0.227,0.223,0.102,0.104,0.104,0.364,0.364,0.364
Ethiopia,ETH,2016,1104742.0,-1510295.0,0.226,0.228,0.227,0.099,0.102,0.104,0.319,0.364,0.364
Ethiopia,ETH,2017,3027806.0,1923064.0,0.228,0.226,0.228,0.098,0.099,0.102,0.33,0.319,0.364
Ethiopia,ETH,2018,3935676.0,907870.0,0.271,0.228,0.226,0.131,0.098,0.099,0.328,0.33,0.319
Ethiopia,ETH,2019,29251698.0,25316022.0,0.329,0.271,0.228,0.158,0.131,0.098,0.63,0.328,0.33
Ethiopia,ETH,2020,64197800.0,34946102.0,0.32,0.329,0.271,0.152,0.158,0.131,0.66,0.63,0.328
Ethiopia,ETH,2021,5323280.0,-58874520.0,0.29,0.32,0.329,0.136,0.152,0.158,0.743,0.66,0.63
Ethiopia,ETH,2022,7814477.0,2491197.0,0.3,0.29,0.32,0.134,0.136,0.152,0.771,0.743,0.66
Ethiopia,ETH,2023,12010174.0,4195697.0,0.279,0.3,0.29,0.106,0.134,0.136,0.722,0.771,0.743
,ETH,2024,38225921.0,26215747.0,,,,,,,,,
,EUN,2003,146205.0,,,,,,,,,,
,EUN,2009,4893345.0,4747140.0,,,,,,,,,
,EUN,2010,5592448.0,699103.0,,,,,,,,,
,EUN,2011,6664573.0,1072125.0,,,,,,,,,
,EUN,2012,8007261.0,1342688.0,,,,,,,,,
,EUN,2013,7311894.0,-695367.0,,,,,,,,,
,EUN,2014,10518762.0,3206868.0,,,,,,,,,
,EUN,2015,17051353.0,6532591.0,,,,,,,,,
,EUN,2016,23673664.0,6622311.0,,,,,,,,,
,EUN,2017,13954551.0,-9719113.0,,,,,,,,,
,EUN,2018,36146794.0,22192243.0,,,,,,,,,
,EUN,2019,22338956.0,-13807838.0,,,,,,,,,
,EUN,2020,40019453.0,17680497.0,,,,,,,,,
,EUN,2021,18022697.0,-21996756.0,,,,,,,,,
,EUN,2022,12896984.0,-5125713.0,,,,,,,,,
,EUN,2023,35961576.0,23064592.0,,,,,,,,,
,EUN,2024,19802082.0,-16159494.0,,,,,,,,,
,EUS,2001,6895437.0,,,,,,,,,,
,EUS,2002,19826036.0,12930599.0,,,,,,,,,
,EUS,2003,12651191.0,-7174845.0,,,,,,,,,
,EUS,2004,7629114.0,-5022077.0,,,,,,,,,
,EUS,2005,25867316.0,18238202.0,,,,,,,,,
,EUS,2006,5766161.0,-20101155.0,,,,,,,,,
,EUS,2007,20179236.0,14413075.0,,,,,,,,,
,EUS,2008,3222835.0,-16956401.0,,,,,,,,,
,EUS,2009,6578871.0,3356036.0,,,,,,,,,
,EUS,2010,15199975.0,8621104.0,,,,,,,,,
,EUS,2011,6759182.0,-8440793.0,,,,,,,,,
,EUS,2012,96638743.0,89879561.0,,,,,,,,,
,EUS,2013,17383540.0,-79255203.0,,,,,,,,,
,EUS,2014,13216103.0,-4167437.0,,,,,,,,,
,EUS,2015,13726151.0,510048.0,,,,,,,,,
,EUS,2016,-942.0,-13727093.0,,,,,,,,,
,EUS,2017,2478567.0,2479509.0,,,,,,,,,
,EUS,2018,7591492.0,5112925.0,,,,,,,,,
,EUS,2019,14047885.0,6456393.0,,,,,,,,,
,EUS,2020,15211838.0,1163953.0,,,,,,,,,
,EUS,2021,15063293.0,-148545.0,,,,,,,,,
,EUS,2022,11160973.0,-3902320.0,,,,,,,,,
,EUS,2023,4014822.0,-7146151.0,,,,,,,,,
,EUS,2024,3706784.0,-308038.0,,,,,,,,,
Finland,FIN,2001,0.0,,0.873,0.873,0.873,0.834,0.834,0.833,0.97,0.97,0.97
Finland,FIN,2002,0.0,0.0,0.873,0.873,0.873,0.834,0.834,0.834,0.97,0.97,0.97
Finland,FIN,2003,0.0,0.0,0.871,0.873,0.873,0.831,0.834,0.834,0.97,0.97,0.97
Finland,FIN,2004,0.0,0.0,0.871,0.871,0.873,0.83,0.831,0.834,0.97,0.97,0.97
Finland,FIN,2005,0.0,0.0,0.871,0.871,0.871,0.83,0.83,0.831,0.97,0.97,0.97
Finland,FIN,2006,0.0,0.0,0.88,0.871,0.871,0.842,0.83,0.83,0.97,0.97,0.97
Finland,FIN,2007,0.0,0.0,0.881,0.88,0.871,0.842,0.842,0.83,0.97,0.97,0.97
Finland,FIN,2008,0.0,0.0,0.881,0.881,0.88,0.842,0.842,0.842,0.97,0.97,0.97
Finland,FIN,2009,0.0,0.0,0.881,0.881,0.881,0.842,0.842,0.842,0.97,0.97,0.97
Finland,FIN,2010,0.0,0.0,0.881,0.881,0.881,0.842,0.842,0.842,0.967,0.97,0.97
Finland,FIN,2011,0.0,0.0,0.884,0.881,0.881,0.843,0.842,0.842,0.967,0.967,0.97
Finland,FIN,2012,0.0,0.0,0.885,0.884,0.881,0.844,0.843,0.842,0.967,0.967,0.967
Finland,FIN,2013,0.0,0.0,0.891,0.885,0.884,0.858,0.844,0.843,0.968,0.967,0.967
Finland,FIN,2014,0.0,0.0,0.891,0.891,0.885,0.858,0.858,0.844,0.968,0.968,0.967
Finland,FIN,2015,0.0,0.0,0.869,0.891,0.891,0.827,0.858,0.858,0.968,0.968,0.968
Finland,FIN,2016,0.0,0.0,0.869,0.869,0.891,0.827,0.827,0.858,0.968,0.968,0.968
Finland,FIN,2017,0.0,0.0,0.873,0.869,0.869,0.836,0.827,0.827,0.953,0.968,0.968
Finland,FIN,2018,0.0,0.0,0.884,0.873,0.869,0.849,0.836,0.827,0.957,0.953,0.968
Finland,FIN,2019,0.0,0.0,0.881,0.884,0.873,0.842,0.849,0.836,0.969,0.957,0.953
Finland,FIN,2020,0.0,0.0,0.88,0.881,0.884,0.844,0.842,0.849,0.969,0.969,0.957
Finland,FIN,2021,0.0,0.0,0.871,0.88,0.881,0.835,0.844,0.842,0.969,0.969,0.969
Finland,FIN,2022,0.0,0.0,0.869,0.871,0.88,0.827,0.835,0.844,0.969,0.969,0.969
Finland,FIN,2023,0.0,0.0,0.853,0.869,0.871,0.812,0.827,0.835,0.935,0.969,0.969
Fiji,FJI,2001,13454.0,,0.256,0.344,0.542,0.184,0.208,0.403,0.518,0.518,0.518
Fiji,FJI,2002,165568.0,152114.0,0.317,0.256,0.344,0.253,0.184,0.208,0.518,0.518,0.518
Fiji,FJI,2003,0.0,-165568.0,0.53,0.317,0.256,0.371,0.253,0.184,0.518,0.518,0.518
Fiji,FJI,2004,465425.0,465425.0,0.53,0.53,0.317,0.371,0.371,0.253,0.518,0.518,0.518
Fiji,FJI,2005,0.0,-465425.0,0.53,0.53,0.53,0.371,0.371,0.371,0.518,0.518,0.518
Fiji,FJI,2006,0.0,0.0,0.395,0.53,0.53,0.267,0.371,0.371,0.455,0.518,0.518
Fiji,FJI,2007,0.0,0.0,0.134,0.395,0.53,0.105,0.267,0.371,0.42,0.455,0.518
Fiji,FJI,2008,0.0,0.0,0.131,0.134,0.395,0.105,0.105,0.267,0.42,0.42,0.455
Fiji,FJI,2009,14067.0,14067.0,0.129,0.131,0.134,0.097,0.105,0.105,0.386,0.42,0.42
Fiji,FJI,2010,34726.0,20659.0,0.131,0.129,0.131,0.105,0.097,0.105,0.386,0.386,0.42
Fiji,FJI,2011,0.0,-34726.0,0.131,0.131,0.129,0.105,0.105,0.097,0.386,0.386,0.386
Fiji,FJI,2012,0.0,0.0,0.135,0.131,0.131,0.106,0.105,0.105,0.414,0.386,0.386
Fiji,FJI,2013,0.0,0.0,0.14,0.135,0.131,0.114,0.106,0.105,0.424,0.414,0.386
Fiji,FJI,2014,647628.0,647628.0,0.196,0.14,0.135,0.145,0.114,0.106,0.5,0.424,0.414
Fiji,FJI,2015,0.0,-647628.0,0.385,0.196,0.14,0.27,0.145,0.114,0.661,0.5,0.424
Fiji,FJI,2016,0.0,0.0,0.397,0.385,0.196,0.275,0.27,0.145,0.668,0.661,0.5
Fiji,FJI,2017,222875.0,222875.0,0.4,0.397,0.385,0.283,0.275,0.27,0.701,0.668,0.661
Fiji,FJI,2018,0.0,-222875.0,0.403,0.4,0.397,0.28,0.283,0.275,0.649,0.701,0.668
Fiji,FJI,2019,-10327.0,-10327.0,0.391,0.403,0.4,0.264,0.28,0.283,0.581,0.649,0.701
Fiji,FJI,2020,820070.0,830397.0,0.411,0.391,0.403,0.276,0.264,0.28,0.645,0.581,0.649
Fiji,FJI,2021,0.0,-820070.0,0.4,0.411,0.391,0.269,0.276,0.264,0.722,0.645,0.581
Fiji,FJI,2022,803379.0,803379.0,0.398,0.4,0.411,0.263,0.269,0.276,0.812,0.722,0.645
Fiji,FJI,2023,256123.0,-547256.0,0.509,0.398,0.4,0.411,0.263,0.269,0.848,0.812,0.722
,FJI,2024,1500000.0,1243877.0,,,,,,,,,
France,FRA,2001,0.0,,0.873,0.873,0.873,0.798,0.798,0.798,0.915,0.915,0.915
France,FRA,2002,0.0,0.0,0.874,0.873,0.873,0.801,0.798,0.798,0.915,0.915,0.915
France,FRA,2003,0.0,0.0,0.874,0.874,0.873,0.802,0.801,0.798,0.915,0.915,0.915
France,FRA,2004,0.0,0.0,0.874,0.874,0.874,0.802,0.802,0.801,0.915,0.915,0.915
France,FRA,2005,0.0,0.0,0.874,0.874,0.874,0.802,0.802,0.802,0.915,0.915,0.915
France,FRA,2006,0.0,0.0,0.874,0.874,0.874,0.802,0.802,0.802,0.915,0.915,0.915
France,FRA,2007,0.0,0.0,0.877,0.874,0.874,0.807,0.802,0.802,0.915,0.915,0.915
France,FRA,2008,0.0,0.0,0.885,0.877,0.874,0.816,0.807,0.802,0.9,0.915,0.915
France,FRA,2009,0.0,0.0,0.885,0.885,0.877,0.816,0.816,0.807,0.9,0.9,0.915
France,FRA,2010,0.0,0.0,0.885,0.885,0.885,0.816,0.816,0.816,0.917,0.9,0.9
France,FRA,2011,0.0,0.0,0.887,0.885,0.885,0.818,0.816,0.816,0.917,0.917,0.9
France,FRA,2012,0.0,0.0,0.89,0.887,0.885,0.82,0.818,0.816,0.917,0.917,0.917
France,FRA,2013,0.0,0.0,0.89,0.89,0.887,0.822,0.82,0.818,0.917,0.917,0.917
France,FRA,2014,0.0,0.0,0.889,0.89,0.89,0.821,0.822,0.82,0.917,0.917,0.917
France,FRA,2015,0.0,0.0,0.883,0.889,0.89,0.812,0.821,0.822,0.901,0.917,0.917
France,FRA,2016,0.0,0.0,0.883,0.883,0.889,0.812,0.812,0.821,0.901,0.901,0.917
France,FRA,2017,0.0,0.0,0.886,0.883,0.883,0.817,0.812,0.812,0.897,0.901,0.901
France,FRA,2018,0.0,0.0,0.874,0.886,0.883,0.802,0.817,0.812,0.865,0.897,0.901
France,FRA,2019,0.0,0.0,0.866,0.874,0.886,0.793,0.802,0.817,0.888,0.865,0.897
France,FRA,2020,0.0,0.0,0.866,0.866,0.874,0.789,0.793,0.802,0.896,0.888,0.865
France,FRA,2021,0.0,0.0,0.868,0.866,0.866,0.789,0.789,0.793,0.905,0.896,0.888
France,FRA,2022,0.0,0.0,0.875,0.868,0.866,0.807,0.789,0.789,0.851,0.905,0.896
France,FRA,2023,0.0,0.0,0.871,0.875,0.868,0.807,0.807,0.789,0.869,0.851,0.905
,FSM,2001,1681727.0,,,,,,,,,,
,FSM,2002,1544749.0,-136978.0,,,,,,,,,
,FSM,2003,1515655.0,-29094.0,,,,,,,,,
,FSM,2004,828567.0,-687088.0,,,,,,,,,
,FSM,2005,769472.0,-59095.0,,,,,,,,,
,FSM,2006,745263.0,-24209.0,,,,,,,,,
,FSM,2007,725296.0,-19967.0,,,,,,,,,
,FSM,2008,1174160.0,448864.0,,,,,,,,,
,FSM,2009,1352813.0,178653.0,,,,,,,,,
,FSM,2012,6172833.0,4820020.0,,,,,,,,,
,FSM,2014,10381769.0,4208936.0,,,,,,,,,
,FSM,2015,640990.0,-9740779.0,,,,,,,,,
,FSM,2016,635906.0,-5084.0,,,,,,,,,
,FSM,2017,851203.0,215297.0,,,,,,,,,
,FSM,2018,5718338.0,4867135.0,,,,,,,,,
,FSM,2019,1257254.0,-4461084.0,,,,,,,,,
,FSM,2020,1032860.0,-224394.0,,,,,,,,,
,FSM,2021,1049419.0,16559.0,,,,,,,,,
,FSM,2022,589145.0,-460274.0,,,,,,,,,
,FSM,2023,310933.0,-278212.0,,,,,,,,,
,FSM,2024,1049410.0,738477.0,,,,,,,,,
Gabon,GAB,2001,49639.0,,0.342,0.337,0.338,0.2,0.199,0.203,0.694,0.658,0.658
Gabon,GAB,2002,37600.0,-12039.0,0.344,0.342,0.337,0.202,0.2,0.199,0.694,0.694,0.658
Gabon,GAB,2003,0.0,-37600.0,0.344,0.344,0.342,0.202,0.202,0.2,0.694,0.694,0.694
Gabon,GAB,2004,48468.0,48468.0,0.344,0.344,0.344,0.202,0.202,0.202,0.694,0.694,0.694
Gabon,GAB,2005,0.0,-48468.0,0.346,0.344,0.344,0.203,0.202,0.202,0.694,0.694,0.694
Gabon,GAB,2006,0.0,0.0,0.353,0.346,0.344,0.204,0.203,0.202,0.694,0.694,0.694
Gabon,GAB,2007,0.0,0.0,0.351,0.353,0.346,0.204,0.204,0.203,0.757,0.694,0.694
Gabon,GAB,2008,38627.0,38627.0,0.351,0.351,0.353,0.204,0.204,0.204,0.757,0.757,0.694
Gabon,GAB,2009,314960.0,276333.0,0.35,0.351,0.351,0.204,0.204,0.204,0.757,0.757,0.757
Gabon,GAB,2010,0.0,-314960.0,0.37,0.35,0.351,0.206,0.204,0.204,0.818,0.757,0.757
Gabon,GAB,2011,61523.0,61523.0,0.37,0.37,0.35,0.206,0.206,0.204,0.818,0.818,0.757
Gabon,GAB,2012,53713.0,-7810.0,0.359,0.37,0.37,0.21,0.206,0.206,0.81,0.818,0.818
Gabon,GAB,2013,52755.0,-958.0,0.375,0.359,0.37,0.223,0.21,0.206,0.815,0.81,0.818
Gabon,GAB,2014,61525.0,8770.0,0.375,0.375,0.359,0.223,0.223,0.21,0.815,0.815,0.81
Gabon,GAB,2015,-777.0,-62302.0,0.375,0.375,0.375,0.223,0.223,0.223,0.815,0.815,0.815
Gabon,GAB,2016,-2650.0,-1873.0,0.378,0.375,0.375,0.224,0.223,0.223,0.865,0.815,0.815
Gabon,GAB,2017,-15233.0,-12583.0,0.398,0.378,0.375,0.233,0.224,0.223,0.843,0.865,0.815
Gabon,GAB,2018,0.0,15233.0,0.386,0.398,0.378,0.212,0.233,0.224,0.81,0.843,0.865
Gabon,GAB,2019,0.0,0.0,0.377,0.386,0.398,0.201,0.212,0.233,0.8,0.81,0.843
Gabon,GAB,2020,0.0,0.0,0.368,0.377,0.386,0.196,0.201,0.212,0.8,0.8,0.81
Gabon,GAB,2021,0.0,0.0,0.368,0.368,0.377,0.199,0.196,0.201,0.759,0.8,0.8
Gabon,GAB,2022,0.0,0.0,0.362,0.368,0.368,0.199,0.199,0.196,0.711,0.759,0.8
Gabon,GAB,2023,204898.0,204898.0,0.325,0.362,0.368,0.185,0.199,0.199,0.678,0.711,0.759
,GAB,2024,593227.0,388329.0,,,,,,,,,
United Kingdom,GBR,2001,0.0,,0.856,0.848,0.835,0.792,0.785,0.77,0.956,0.956,0.956
United Kingdom,GBR,2002,0.0,0.0,0.857,0.856,0.848,0.793,0.792,0.785,0.956,0.956,0.956
United Kingdom,GBR,2003,0.0,0.0,0.857,0.857,0.856,0.793,0.793,0.792,0.956,0.956,0.956
United Kingdom,GBR,2004,0.0,0.0,0.857,0.857,0.857,0.793,0.793,0.793,0.956,0.956,0.956
United Kingdom,GBR,2005,0.0,0.0,0.863,0.857,0.857,0.8,0.793,0.793,0.956,0.956,0.956
United Kingdom,GBR,2006,0.0,0.0,0.87,0.863,0.857,0.807,0.8,0.793,0.949,0.956,0.956
United Kingdom,GBR,2007,0.0,0.0,0.87,0.87,0.863,0.807,0.807,0.8,0.949,0.949,0.956
United Kingdom,GBR,2008,0.0,0.0,0.87,0.87,0.87,0.807,0.807,0.807,0.949,0.949,0.949
United Kingdom,GBR,2009,0.0,0.0,0.87,0.87,0.87,0.807,0.807,0.807,0.949,0.949,0.949
United Kingdom,GBR,2010,0.0,0.0,0.866,0.87,0.87,0.802,0.807,0.807,0.949,0.949,0.949
United Kingdom,GBR,2011,0.0,0.0,0.865,0.866,0.87,0.801,0.802,0.807,0.949,0.949,0.949
United Kingdom,GBR,2012,0.0,0.0,0.868,0.865,0.866,0.804,0.801,0.802,0.952,0.949,0.949
United Kingdom,GBR,2013,0.0,0.0,0.864,0.868,0.865,0.796,0.804,0.801,0.955,0.952,0.949
United Kingdom,GBR,2014,0.0,0.0,0.861,0.864,0.868,0.794,0.796,0.804,0.955,0.955,0.952
United Kingdom,GBR,2015,0.0,0.0,0.855,0.861,0.864,0.788,0.794,0.796,0.955,0.955,0.955
United Kingdom,GBR,2016,0.0,0.0,0.854,0.855,0.861,0.787,0.788,0.794,0.955,0.955,0.955
United Kingdom,GBR,2017,0.0,0.0,0.865,0.854,0.855,0.801,0.787,0.788,0.955,0.955,0.955
United Kingdom,GBR,2018,0.0,0.0,0.875,0.865,0.854,0.811,0.801,0.787,0.952,0.955,0.955
United Kingdom,GBR,2019,0.0,0.0,0.854,0.875,0.865,0.787,0.811,0.801,0.941,0.952,0.955
United Kingdom,GBR,2020,0.0,0.0,0.871,0.854,0.875,0.8,0.787,0.811,0.95,0.941,0.952
United Kingdom,GBR,2021,0.0,0.0,0.857,0.871,0.854,0.781,0.8,0.787,0.939,0.95,0.941
United Kingdom,GBR,2022,0.0,0.0,0.844,0.857,0.871,0.768,0.781,0.8,0.946,0.939,0.95
United Kingdom,GBR,2023,0.0,0.0,0.852,0.844,0.857,0.771,0.768,0.781,0.912,0.946,0.939
Georgia,GEO,2001,16869818.0,,0.382,0.374,0.378,0.209,0.205,0.214,0.432,0.432,0.386
Georgia,GEO,2002,31774828.0,14905010.0,0.379,0.382,0.374,0.208,0.209,0.205,0.407,0.432,0.432
Georgia,GEO,2003,21886140.0,-9888688.0,0.384,0.379,0.382,0.22,0.208,0.209,0.407,0.407,0.432
Georgia,GEO,2004,25402313.0,3516173.0,0.548,0.384,0.379,0.357,0.22,0.208,0.726,0.407,0.407
Georgia,GEO,2005,20753111.0,-4649202.0,0.547,0.548,0.384,0.373,0.357,0.22,0.67,0.726,0.407
Georgia,GEO,2006,17368179.0,-3384932.0,0.548,0.547,0.548,0.378,0.373,0.357,0.689,0.67,0.726
Georgia,GEO,2007,23638717.0,6270538.0,0.539,0.548,0.547,0.369,0.378,0.373,0.676,0.689,0.67
Georgia,GEO,2008,20674841.0,-2963876.0,0.495,0.539,0.548,0.339,0.369,0.378,0.674,0.676,0.689
Georgia,GEO,2009,47459782.0,26784941.0,0.491,0.495,0.539,0.34,0.339,0.369,0.697,0.674,0.676
Georgia,GEO,2010,85441091.0,37981309.0,0.496,0.491,0.495,0.34,0.34,0.339,0.696,0.697,0.674
Georgia,GEO,2011,40868910.0,-44572181.0,0.5,0.496,0.491,0.344,0.34,0.34,0.703,0.696,0.697
Georgia,GEO,2012,34208183.0,-6660727.0,0.519,0.5,0.496,0.361,0.344,0.34,0.725,0.703,0.696
Georgia,GEO,2013,34636940.0,428757.0,0.623,0.519,0.5,0.456,0.361,0.344,0.745,0.725,0.703
Georgia,GEO,2014,36760436.0,2123496.0,0.675,0.623,0.519,0.5,0.456,0.361,0.74,0.745,0.725
Georgia,GEO,2015,23592733.0,-13167703.0,0.668,0.675,0.623,0.504,0.5,0.456,0.778,0.74,0.745
Georgia,GEO,2016,26200738.0,2608005.0,0.685,0.668,0.675,0.518,0.504,0.5,0.791,0.778,0.74
Georgia,GEO,2017,17337254.0,-8863484.0,0.669,0.685,0.668,0.498,0.518,0.504,0.818,0.791,0.778
Georgia,GEO,2018,31492054.0,14154800.0,0.663,0.669,0.685,0.514,0.498,0.518,0.826,0.818,0.791
Georgia,GEO,2019,28838113.0,-2653941.0,0.627,0.663,0.669,0.48,0.514,0.498,0.813,0.826,0.818
Georgia,GEO,2020,36419284.0,7581171.0,0.616,0.627,0.663,0.47,0.48,0.514,0.793,0.813,0.826
Georgia,GEO,2021,20439318.0,-15979966.0,0.604,0.616,0.627,0.454,0.47,0.48,0.769,0.793,0.813
Georgia,GEO,2022,35634489.0,15195171.0,0.607,0.604,0.616,0.464,0.454,0.47,0.763,0.769,0.793
Georgia,GEO,2023,39196650.0,3562161.0,0.591,0.607,0.604,0.456,0.464,0.454,0.757,0.763,0.769
,GEO,2024,48653411.0,9456761.0,,,,,,,,,
Ghana,GHA,2001,710532.0,,0.721,0.664,0.597,0.622,0.57,0.504,0.879,0.879,0.88
Ghana,GHA,2002,122587.0,-587945.0,0.731,0.721,0.664,0.629,0.622,0.57,0.879,0.879,0.879
Ghana,GHA,2003,100805.0,-21782.0,0.731,0.731,0.721,0.631,0.629,0.622,0.899,0.879,0.879
Ghana,GHA,2004,4533578.0,4432773.0,0.734,0.731,0.731,0.635,0.631,0.629,0.899,0.899,0.879
Ghana,GHA,2005,2594947.0,-1938631.0,0.73,0.734,0.731,0.634,0.635,0.631,0.899,0.899,0.899
Ghana,GHA,2006,5591729.0,2996782.0,0.73,0.73,0.734,0.634,0.634,0.635,0.899,0.899,0.899
Ghana,GHA,2007,2852583.0,-2739146.0,0.736,0.73,0.73,0.636,0.634,0.634,0.899,0.899,0.899
Ghana,GHA,2008,3454140.0,601557.0,0.732,0.736,0.73,0.632,0.636,0.634,0.899,0.899,0.899
Ghana,GHA,2009,742653.0,-2711487.0,0.755,0.732,0.736,0.652,0.632,0.636,0.899,0.899,0.899
Ghana,GHA,2010,3919603.0,3176950.0,0.761,0.755,0.732,0.663,0.652,0.632,0.899,0.899,0.899
Ghana,GHA,2011,3867353.0,-52250.0,0.761,0.761,0.755,0.663,0.663,0.652,0.899,0.899,0.899
Ghana,GHA,2012,8948898.0,5081545.0,0.771,0.761,0.761,0.661,0.663,0.663,0.906,0.899,0.899
Ghana,GHA,2013,8830544.0,-118354.0,0.75,0.771,0.761,0.635,0.661,0.663,0.855,0.906,0.899
Ghana,GHA,2014,4334621.0,-4495923.0,0.746,0.75,0.771,0.63,0.635,0.661,0.855,0.855,0.906
Ghana,GHA,2015,6386795.0,2052174.0,0.739,0.746,0.75,0.631,0.63,0.635,0.849,0.855,0.855
Ghana,GHA,2016,11529492.0,5142697.0,0.725,0.739,0.746,0.61,0.631,0.63,0.865,0.849,0.855
Ghana,GHA,2017,10619337.0,-910155.0,0.739,0.725,0.739,0.628,0.61,0.631,0.913,0.865,0.849
Ghana,GHA,2018,10055977.0,-563360.0,0.735,0.739,0.725,0.623,0.628,0.61,0.913,0.913,0.865
Ghana,GHA,2019,11103666.0,1047689.0,0.718,0.735,0.739,0.606,0.623,0.628,0.823,0.913,0.913
Ghana,GHA,2020,6772550.0,-4331116.0,0.718,0.718,0.735,0.604,0.606,0.623,0.81,0.823,0.913
Ghana,GHA,2021,9101850.0,2329300.0,0.659,0.718,0.718,0.554,0.604,0.606,0.858,0.81,0.823
Ghana,GHA,2022,6117964.0,-2983886.0,0.663,0.659,0.718,0.559,0.554,0.604,0.827,0.858,0.81
Ghana,GHA,2023,8802256.0,2684292.0,0.657,0.663,0.659,0.555,0.559,0.554,0.827,0.827,0.858
,GHA,2024,21112393.0,12310137.0,,,,,,,,,
Guinea,GIN,2001,2328484.0,,0.277,0.272,0.265,0.111,0.11,0.11,0.69,0.69,0.621
Guinea,GIN,2002,5250114.0,2921630.0,0.273,0.277,0.272,0.11,0.111,0.11,0.69,0.69,0.69
Guinea,GIN,2003,1764996.0,-3485118.0,0.277,0.273,0.277,0.117,0.11,0.111,0.69,0.69,0.69
Guinea,GIN,2004,2228136.0,463140.0,0.274,0.277,0.273,0.116,0.117,0.11,0.69,0.69,0.69
Guinea,GIN,2005,4782841.0,2554705.0,0.274,0.274,0.277,0.117,0.116,0.117,0.69,0.69,0.69
Guinea,GIN,2006,6179828.0,1396987.0,0.271,0.274,0.274,0.118,0.117,0.116,0.707,0.69,0.69
Guinea,GIN,2007,19246539.0,13066711.0,0.271,0.271,0.274,0.123,0.118,0.117,0.707,0.707,0.69
Guinea,GIN,2008,5797996.0,-13448543.0,0.271,0.271,0.271,0.096,0.123,0.118,0.703,0.707,0.707
Guinea,GIN,2009,5548494.0,-249502.0,0.177,0.271,0.271,0.056,0.096,0.123,0.661,0.703,0.707
Guinea,GIN,2010,8926030.0,3377536.0,0.236,0.177,0.271,0.092,0.056,0.096,0.802,0.661,0.703
Guinea,GIN,2011,12573513.0,3647483.0,0.318,0.236,0.177,0.115,0.092,0.056,0.802,0.802,0.661
Guinea,GIN,2012,5846997.0,-6726516.0,0.318,0.318,0.236,0.115,0.115,0.092,0.802,0.802,0.802
Guinea,GIN,2013,7855293.0,2008296.0,0.322,0.318,0.318,0.117,0.115,0.115,0.765,0.802,0.802
Guinea,GIN,2014,1317953.0,-6537340.0,0.375,0.322,0.318,0.161,0.117,0.115,0.765,0.765,0.802
Guinea,GIN,2015,5554929.0,4236976.0,0.375,0.375,0.322,0.161,0.161,0.117,0.783,0.765,0.765
Guinea,GIN,2016,4742486.0,-812443.0,0.377,0.375,0.375,0.166,0.161,0.161,0.761,0.783,0.765
Guinea,GIN,2017,12966812.0,8224326.0,0.369,0.377,0.375,0.161,0.166,0.161,0.761,0.761,0.783
Guinea,GIN,2018,1074490.0,-11892322.0,0.373,0.369,0.377,0.158,0.161,0.166,0.788,0.761,0.761
Guinea,GIN,2019,3603415.0,2528925.0,0.36,0.373,0.369,0.141,0.158,0.161,0.754,0.788,0.761
Guinea,GIN,2020,3546916.0,-56499.0,0.295,0.36,0.373,0.113,0.141,0.158,0.695,0.754,0.788
Guinea,GIN,2021,1264593.0,-2282323.0,0.258,0.295,0.36,0.098,0.113,0.141,0.572,0.695,0.754
Guinea,GIN,2022,243513.0,-1021080.0,0.172,0.258,0.295,0.082,0.098,0.113,0.528,0.572,0.695
Guinea,GIN,2023,5146854.0,4903341.0,0.169,0.172,0.258,0.079,0.082,0.098,0.406,0.528,0.572
,GIN,2024,8215473.0,3068619.0,,,,,,,,,
The Gambia,GMB,2001,66622.0,,0.258,0.255,0.258,0.123,0.123,0.127,0.226,0.226,0.226
The Gambia,GMB,2002,24431.0,-42191.0,0.256,0.258,0.255,0.121,0.123,0.123,0.226,0.226,0.226
The Gambia,GMB,2003,43268.0,18837.0,0.257,0.256,0.258,0.119,0.121,0.123,0.226,0.226,0.226
The Gambia,GMB,2004,58077.0,14809.0,0.257,0.257,0.256,0.116,0.119,0.121,0.226,0.226,0.226
The Gambia,GMB,2005,65166.0,7089.0,0.257,0.257,0.257,0.116,0.116,0.119,0.226,0.226,0.226
The Gambia,GMB,2006,170700.0,105534.0,0.251,0.257,0.257,0.114,0.116,0.116,0.219,0.226,0.226
The Gambia,GMB,2007,-5186.0,-175886.0,0.243,0.251,0.257,0.112,0.114,0.116,0.219,0.219,0.226
The Gambia,GMB,2008,56843.0,62029.0,0.243,0.243,0.251,0.111,0.112,0.114,0.233,0.219,0.219
The Gambia,GMB,2009,88059.0,31216.0,0.243,0.243,0.243,0.111,0.111,0.112,0.233,0.233,0.219
The Gambia,GMB,2010,0.0,-88059.0,0.244,0.243,0.243,0.112,0.111,0.111,0.233,0.233,0.233
The Gambia,GMB,2011,82030.0,82030.0,0.244,0.244,0.243,0.112,0.112,0.111,0.233,0.233,0.233
The Gambia,GMB,2012,74215.0,-7815.0,0.243,0.244,0.244,0.113,0.112,0.112,0.233,0.233,0.233
The Gambia,GMB,2013,142355.0,68140.0,0.241,0.243,0.244,0.105,0.113,0.112,0.22,0.233,0.233
The Gambia,GMB,2014,165233.0,22878.0,0.244,0.241,0.243,0.105,0.105,0.113,0.223,0.22,0.233
The Gambia,GMB,2015,132480.0,-32753.0,0.244,0.244,0.241,0.106,0.105,0.105,0.223,0.223,0.22
The Gambia,GMB,2016,187793.0,55313.0,0.25,0.244,0.244,0.11,0.106,0.105,0.254,0.223,0.223
The Gambia,GMB,2017,2160516.0,1972723.0,0.498,0.25,0.244,0.393,0.11,0.106,0.725,0.254,0.223
The Gambia,GMB,2018,974739.0,-1185777.0,0.538,0.498,0.25,0.422,0.393,0.11,0.83,0.725,0.254
The Gambia,GMB,2019,3376824.0,2402085.0,0.524,0.538,0.498,0.421,0.422,0.393,0.816,0.83,0.725
The Gambia,GMB,2020,1342674.0,-2034150.0,0.496,0.524,0.538,0.403,0.421,0.422,0.785,0.816,0.83
The Gambia,GMB,2021,3932198.0,2589524.0,0.507,0.496,0.524,0.417,0.403,0.421,0.815,0.785,0.816
The Gambia,GMB,2022,3911919.0,-20279.0,0.621,0.507,0.496,0.5,0.417,0.403,0.798,0.815,0.785
The Gambia,GMB,2023,4904742.0,992823.0,0.635,0.621,0.507,0.516,0.5,0.417,0.822,0.798,0.815
,GMB,2024,2597230.0,-2307512.0,,,,,,,,,
Guinea-Bissau,GNB,2001,411265.0,,0.428,0.424,0.364,0.232,0.228,0.201,0.647,0.647,0.627
Guinea-Bissau,GNB,2002,0.0,-411265.0,0.434,0.428,0.424,0.239,0.232,0.228,0.645,0.647,0.647
Guinea-Bissau,GNB,2003,-71178.0,-71178.0,0.376,0.434,0.428,0.202,0.239,0.232,0.645,0.645,0.647
Guinea-Bissau,GNB,2004,0.0,71178.0,0.377,0.376,0.434,0.218,0.202,0.239,0.714,0.645,0.645
Guinea-Bissau,GNB,2005,0.0,0.0,0.451,0.377,0.376,0.263,0.218,0.202,0.714,0.714,0.645
Guinea-Bissau,GNB,2006,208675.0,208675.0,0.446,0.451,0.377,0.26,0.263,0.218,0.714,0.714,0.714
Guinea-Bissau,GNB,2007,254144.0,45469.0,0.446,0.446,0.451,0.259,0.26,0.263,0.714,0.714,0.714
Guinea-Bissau,GNB,2008,278022.0,23878.0,0.402,0.446,0.446,0.228,0.259,0.26,0.714,0.714,0.714
Guinea-Bissau,GNB,2009,422011.0,143989.0,0.452,0.402,0.446,0.261,0.228,0.259,0.763,0.714,0.714
Guinea-Bissau,GNB,2010,900372.0,478361.0,0.448,0.452,0.402,0.262,0.261,0.228,0.763,0.763,0.714
Guinea-Bissau,GNB,2011,1820002.0,919630.0,0.449,0.448,0.452,0.26,0.262,0.261,0.763,0.763,0.763
Guinea-Bissau,GNB,2012,279424.0,-1540578.0,0.328,0.449,0.448,0.171,0.26,0.262,0.763,0.763,0.763
Guinea-Bissau,GNB,2013,-26378.0,-305802.0,0.288,0.328,0.449,0.195,0.171,0.26,0.75,0.763,0.763
Guinea-Bissau,GNB,2014,29737.0,56115.0,0.439,0.288,0.328,0.27,0.195,0.171,0.75,0.75,0.763
Guinea-Bissau,GNB,2015,0.0,-29737.0,0.501,0.439,0.288,0.29,0.27,0.195,0.75,0.75,0.75
Guinea-Bissau,GNB,2016,0.0,0.0,0.5,0.501,0.439,0.289,0.29,0.27,0.75,0.75,0.75
Guinea-Bissau,GNB,2017,0.0,0.0,0.49,0.5,0.501,0.286,0.289,0.29,0.75,0.75,0.75
Guinea-Bissau,GNB,2018,244707.0,244707.0,0.51,0.49,0.5,0.307,0.286,0.289,0.828,0.75,0.75
Guinea-Bissau,GNB,2019,0.0,-244707.0,0.529,0.51,0.49,0.327,0.307,0.286,0.807,0.828,0.75
Guinea-Bissau,GNB,2020,0.0,0.0,0.533,0.529,0.51,0.328,0.327,0.307,0.807,0.807,0.828
Guinea-Bissau,GNB,2021,0.0,0.0,0.535,0.533,0.529,0.321,0.328,0.327,0.807,0.807,0.807
Guinea-Bissau,GNB,2022,0.0,0.0,0.377,0.535,0.533,0.147,0.321,0.328,0.794,0.807,0.807
Guinea-Bissau,GNB,2023,271490.0,271490.0,0.428,0.377,0.535,0.231,0.147,0.321,0.794,0.794,0.807
,GNB,2024,-250000.0,-521490.0,,,,,,,,,
Equatorial Guinea,GNQ,2001,0.0,,0.186,0.186,0.182,0.052,0.052,0.051,0.167,0.167,0.155
Equatorial Guinea,GNQ,2002,99342.0,99342.0,0.186,0.186,0.186,0.053,0.052,0.052,0.167,0.167,0.167
Equatorial Guinea,GNQ,2003,365512.0,266170.0,0.185,0.186,0.186,0.053,0.053,0.052,0.167,0.167,0.167
Equatorial Guinea,GNQ,2004,356799.0,-8713.0,0.184,0.185,0.186,0.053,0.053,0.053,0.167,0.167,0.167
Equatorial Guinea,GNQ,2005,0.0,-356799.0,0.18,0.184,0.185,0.053,0.053,0.053,0.167,0.167,0.167
Equatorial Guinea,GNQ,2006,0.0,0.0,0.182,0.18,0.184,0.054,0.053,0.053,0.167,0.167,0.167
Equatorial Guinea,GNQ,2007,0.0,0.0,0.182,0.182,0.18,0.053,0.054,0.053,0.167,0.167,0.167
Equatorial Guinea,GNQ,2008,0.0,0.0,0.179,0.182,0.182,0.053,0.053,0.054,0.167,0.167,0.167
Equatorial Guinea,GNQ,2009,0.0,0.0,0.18,0.179,0.182,0.053,0.053,0.053,0.167,0.167,0.167
Equatorial Guinea,GNQ,2010,40214.0,40214.0,0.177,0.18,0.179,0.049,0.053,0.053,0.123,0.167,0.167
Equatorial Guinea,GNQ,2011,42601.0,2387.0,0.176,0.177,0.18,0.049,0.049,0.053,0.123,0.123,0.167
Equatorial Guinea,GNQ,2012,100949.0,58348.0,0.176,0.176,0.177,0.049,0.049,0.049,0.123,0.123,0.123
Equatorial Guinea,GNQ,2013,142631.0,41682.0,0.177,0.176,0.176,0.052,0.049,0.049,0.123,0.123,0.123
Equatorial Guinea,GNQ,2014,115744.0,-26887.0,0.179,0.177,0.176,0.053,0.052,0.049,0.123,0.123,0.123
Equatorial Guinea,GNQ,2015,130671.0,14927.0,0.178,0.179,0.177,0.05,0.053,0.052,0.13,0.123,0.123
Equatorial Guinea,GNQ,2016,83208.0,-47463.0,0.18,0.178,0.179,0.051,0.05,0.053,0.13,0.13,0.123
Equatorial Guinea,GNQ,2017,34357.0,-48851.0,0.174,0.18,0.178,0.049,0.051,0.05,0.136,0.13,0.13
Equatorial Guinea,GNQ,2018,461902.0,427545.0,0.177,0.174,0.18,0.052,0.049,0.051,0.136,0.136,0.13
Equatorial Guinea,GNQ,2019,0.0,-461902.0,0.178,0.177,0.174,0.051,0.052,0.049,0.125,0.136,0.136
Equatorial Guinea,GNQ,2020,111377.0,111377.0,0.175,0.178,0.177,0.051,0.051,0.052,0.168,0.125,0.136
Equatorial Guinea,GNQ,2021,0.0,-111377.0,0.172,0.175,0.178,0.051,0.051,0.051,0.159,0.168,0.125
Equatorial Guinea,GNQ,2022,407044.0,407044.0,0.173,0.172,0.175,0.049,0.051,0.051,0.161,0.159,0.168
Equatorial Guinea,GNQ,2023,759149.0,352105.0,0.183,0.173,0.172,0.054,0.049,0.051,0.145,0.161,0.159
,GNQ,2024,1517550.0,758401.0,,,,,,,,,
Greece,GRC,2001,0.0,,0.887,0.882,0.883,0.802,0.798,0.798,0.863,0.863,0.863
Greece,GRC,2002,0.0,0.0,0.887,0.887,0.882,0.802,0.802,0.798,0.863,0.863,0.863
Greece,GRC,2003,0.0,0.0,0.887,0.887,0.887,0.802,0.802,0.802,0.863,0.863,0.863
Greece,GRC,2004,0.0,0.0,0.889,0.887,0.887,0.803,0.802,0.802,0.863,0.863,0.863
Greece,GRC,2005,0.0,0.0,0.89,0.889,0.887,0.804,0.803,0.802,0.863,0.863,0.863
Greece,GRC,2006,0.0,0.0,0.89,0.89,0.889,0.803,0.804,0.803,0.863,0.863,0.863
Greece,GRC,2007,0.0,0.0,0.895,0.89,0.89,0.805,0.803,0.804,0.863,0.863,0.863
Greece,GRC,2008,2450.0,2450.0,0.9,0.895,0.89,0.811,0.805,0.803,0.863,0.863,0.863
Greece,GRC,2009,0.0,-2450.0,0.901,0.9,0.895,0.812,0.811,0.805,0.863,0.863,0.863
Greece,GRC,2010,0.0,0.0,0.901,0.901,0.9,0.812,0.812,0.811,0.88,0.863,0.863
Greece,GRC,2011,0.0,0.0,0.901,0.901,0.901,0.814,0.812,0.812,0.88,0.88,0.863
Greece,GRC,2012,0.0,0.0,0.897,0.901,0.901,0.81,0.814,0.812,0.88,0.88,0.88
Greece,GRC,2013,0.0,0.0,0.889,0.897,0.901,0.801,0.81,0.814,0.88,0.88,0.88
Greece,GRC,2014,0.0,0.0,0.889,0.889,0.897,0.804,0.801,0.81,0.88,0.88,0.88
Greece,GRC,2015,0.0,0.0,0.88,0.889,0.889,0.785,0.804,0.801,0.88,0.88,0.88
Greece,GRC,2016,0.0,0.0,0.872,0.88,0.889,0.776,0.785,0.804,0.88,0.88,0.88
Greece,GRC,2017,0.0,0.0,0.868,0.872,0.88,0.775,0.776,0.785,0.88,0.88,0.88
Greece,GRC,2018,0.0,0.0,0.859,0.868,0.872,0.767,0.775,0.776,0.88,0.88,0.88
Greece,GRC,2019,0.0,0.0,0.864,0.859,0.868,0.763,0.767,0.775,0.88,0.88,0.88
Greece,GRC,2020,0.0,0.0,0.788,0.864,0.859,0.669,0.763,0.767,0.858,0.88,0.88
Greece,GRC,2021,0.0,0.0,0.76,0.788,0.864,0.63,0.669,0.763,0.834,0.858,0.88
Greece,GRC,2022,0.0,0.0,0.762,0.76,0.788,0.607,0.63,0.669,0.834,0.834,0.858
Greece,GRC,2023,0.0,0.0,0.735,0.762,0.76,0.573,0.607,0.63,0.826,0.834,0.834
,GRD,2008,3482.0,,,,,,,,,,
Guatemala,GTM,2001,10754636.0,,0.542,0.542,0.491,0.362,0.362,0.291,0.657,0.657,0.666
Guatemala,GTM,2002,9557045.0,-1197591.0,0.542,0.542,0.542,0.362,0.362,0.362,0.657,0.657,0.657
Guatemala,GTM,2003,10586361.0,1029316.0,0.543,0.542,0.542,0.363,0.362,0.362,0.657,0.657,0.657
Guatemala,GTM,2004,19300857.0,8714496.0,0.552,0.543,0.542,0.372,0.363,0.362,0.657,0.657,0.657
Guatemala,GTM,2005,20730715.0,1429858.0,0.552,0.552,0.543,0.373,0.372,0.363,0.657,0.657,0.657
Guatemala,GTM,2006,25533141.0,4802426.0,0.552,0.552,0.552,0.374,0.373,0.372,0.657,0.657,0.657
Guatemala,GTM,2007,27603316.0,2070175.0,0.563,0.552,0.552,0.386,0.374,0.373,0.657,0.657,0.657
Guatemala,GTM,2008,24634362.0,-2968954.0,0.582,0.563,0.552,0.395,0.386,0.374,0.657,0.657,0.657
Guatemala,GTM,2009,30600600.0,5966238.0,0.58,0.582,0.563,0.396,0.395,0.386,0.657,0.657,0.657
Guatemala,GTM,2010,54442930.0,23842330.0,0.583,0.58,0.582,0.397,0.396,0.395,0.657,0.657,0.657
Guatemala,GTM,2011,38379195.0,-16063735.0,0.581,0.583,0.58,0.393,0.397,0.396,0.657,0.657,0.657
Guatemala,GTM,2012,39609467.0,1230272.0,0.576,0.581,0.583,0.391,0.393,0.397,0.657,0.657,0.657
Guatemala,GTM,2013,-1824946.0,-41434413.0,0.574,0.576,0.581,0.41,0.391,0.393,0.641,0.657,0.657
Guatemala,GTM,2014,40576026.0,42400972.0,0.572,0.574,0.576,0.412,0.41,0.391,0.641,0.641,0.657
Guatemala,GTM,2015,27617884.0,-12958142.0,0.587,0.572,0.574,0.425,0.412,0.41,0.67,0.641,0.641
Guatemala,GTM,2016,61096306.0,33478422.0,0.626,0.587,0.572,0.451,0.425,0.412,0.67,0.67,0.641
Guatemala,GTM,2017,97408398.0,36312092.0,0.621,0.626,0.587,0.444,0.451,0.425,0.626,0.67,0.67
Guatemala,GTM,2018,55631028.0,-41777370.0,0.602,0.621,0.626,0.415,0.444,0.451,0.492,0.626,0.67
Guatemala,GTM,2019,60306422.0,4675394.0,0.597,0.602,0.621,0.415,0.415,0.444,0.448,0.492,0.626
Guatemala,GTM,2020,30968910.0,-29337512.0,0.589,0.597,0.602,0.402,0.415,0.415,0.513,0.448,0.492
Guatemala,GTM,2021,65451834.0,34482924.0,0.555,0.589,0.597,0.359,0.402,0.415,0.511,0.513,0.448
Guatemala,GTM,2022,32758999.0,-32692835.0,0.509,0.555,0.589,0.314,0.359,0.402,0.382,0.511,0.513
Guatemala,GTM,2023,42809460.0,10050461.0,0.506,0.509,0.555,0.338,0.314,0.359,0.412,0.382,0.511
,GTM,2024,54760275.0,11950815.0,,,,,,,,,
Guyana,GUY,2001,3043120.0,,0.553,0.519,0.522,0.353,0.334,0.337,0.714,0.714,0.714
Guyana,GUY,2002,2872954.0,-170166.0,0.572,0.553,0.519,0.362,0.353,0.334,0.714,0.714,0.714
Guyana,GUY,2003,2733054.0,-139900.0,0.588,0.572,0.553,0.372,0.362,0.353,0.714,0.714,0.714
Guyana,GUY,2004,4245957.0,1512903.0,0.588,0.588,0.572,0.372,0.372,0.362,0.714,0.714,0.714
Guyana,GUY,2005,2390764.0,-1855193.0,0.588,0.588,0.588,0.372,0.372,0.372,0.714,0.714,0.714
Guyana,GUY,2006,3507345.0,1116581.0,0.583,0.588,0.588,0.369,0.372,0.372,0.714,0.714,0.714
Guyana,GUY,2007,2722048.0,-785297.0,0.579,0.583,0.588,0.366,0.369,0.372,0.714,0.714,0.714
Guyana,GUY,2008,3181421.0,459373.0,0.576,0.579,0.583,0.366,0.366,0.369,0.714,0.714,0.714
Guyana,GUY,2009,2364865.0,-816556.0,0.583,0.576,0.579,0.369,0.366,0.366,0.725,0.714,0.714
Guyana,GUY,2010,1932212.0,-432653.0,0.583,0.583,0.576,0.369,0.369,0.366,0.725,0.725,0.714
Guyana,GUY,2011,3024881.0,1092669.0,0.582,0.583,0.583,0.369,0.369,0.369,0.725,0.725,0.725
Guyana,GUY,2012,784093.0,-2240788.0,0.579,0.582,0.583,0.369,0.369,0.369,0.725,0.725,0.725
Guyana,GUY,2013,652468.0,-131625.0,0.608,0.579,0.582,0.386,0.369,0.369,0.754,0.725,0.725
Guyana,GUY,2014,-16834.0,-669302.0,0.607,0.608,0.579,0.385,0.386,0.369,0.754,0.754,0.725
Guyana,GUY,2015,245135.0,261969.0,0.65,0.607,0.608,0.444,0.385,0.386,0.757,0.754,0.754
Guyana,GUY,2016,534161.0,289026.0,0.657,0.65,0.607,0.456,0.444,0.385,0.77,0.757,0.754
Guyana,GUY,2017,-4537.0,-538698.0,0.66,0.657,0.65,0.457,0.456,0.444,0.774,0.77,0.757
Guyana,GUY,2018,-12730.0,-8193.0,0.664,0.66,0.657,0.45,0.457,0.456,0.79,0.774,0.77
Guyana,GUY,2019,569512.0,582242.0,0.64,0.664,0.66,0.426,0.45,0.457,0.769,0.79,0.774
Guyana,GUY,2020,830321.0,260809.0,0.555,0.64,0.664,0.386,0.426,0.45,0.769,0.769,0.79
Guyana,GUY,2021,594246.0,-236075.0,0.498,0.555,0.64,0.335,0.386,0.426,0.765,0.769,0.769
Guyana,GUY,2022,2184425.0,1590179.0,0.491,0.498,0.555,0.329,0.335,0.386,0.765,0.765,0.769
Guyana,GUY,2023,0.0,-2184425.0,0.484,0.491,0.498,0.313,0.329,0.335,0.745,0.765,0.765
,GUY,2024,316000.0,316000.0,,,,,,,,,
Hong Kong,HKG,2001,85768.0,,0.372,0.371,0.371,0.325,0.325,0.325,0.763,0.763,0.763
Hong Kong,HKG,2002,84440.0,-1328.0,0.372,0.372,0.371,0.325,0.325,0.325,0.763,0.763,0.763
Hong Kong,HKG,2003,812952.0,728512.0,0.372,0.372,0.372,0.325,0.325,0.325,0.828,0.763,0.763
Hong Kong,HKG,2004,301297.0,-511655.0,0.371,0.372,0.372,0.325,0.325,0.325,0.778,0.828,0.763
Hong Kong,HKG,2005,17676.0,-283621.0,0.369,0.371,0.372,0.324,0.325,0.325,0.778,0.778,0.828
Hong Kong,HKG,2006,186316.0,168640.0,0.369,0.369,0.371,0.324,0.324,0.325,0.778,0.778,0.778
Hong Kong,HKG,2007,195830.0,9514.0,0.369,0.369,0.369,0.324,0.324,0.324,0.778,0.778,0.778
Hong Kong,HKG,2008,178284.0,-17546.0,0.369,0.369,0.369,0.324,0.324,0.324,0.778,0.778,0.778
Hong Kong,HKG,2009,806041.0,627757.0,0.371,0.369,0.369,0.324,0.324,0.324,0.778,0.778,0.778
Hong Kong,HKG,2010,2045788.0,1239747.0,0.369,0.371,0.369,0.323,0.324,0.324,0.778,0.778,0.778
Hong Kong,HKG,2011,441745.0,-1604043.0,0.367,0.369,0.371,0.322,0.323,0.324,0.779,0.778,0.778
Hong Kong,HKG,2012,1013199.0,571454.0,0.362,0.367,0.369,0.316,0.322,0.323,0.764,0.779,0.778
Hong Kong,HKG,2013,389113.0,-624086.0,0.358,0.362,0.367,0.314,0.316,0.322,0.753,0.764,0.779
Hong Kong,HKG,2014,200312.0,-188801.0,0.354,0.358,0.362,0.311,0.314,0.316,0.753,0.753,0.764
Hong Kong,HKG,2015,250582.0,50270.0,0.345,0.354,0.358,0.303,0.311,0.314,0.714,0.753,0.753
Hong Kong,HKG,2016,318474.0,67892.0,0.333,0.345,0.354,0.294,0.303,0.311,0.714,0.714,0.753
Hong Kong,HKG,2017,670126.0,351652.0,0.325,0.333,0.345,0.289,0.294,0.303,0.714,0.714,0.714
Hong Kong,HKG,2018,544473.0,-125653.0,0.318,0.325,0.333,0.281,0.289,0.294,0.689,0.714,0.714
Hong Kong,HKG,2019,772520.0,228047.0,0.3,0.318,0.325,0.267,0.281,0.289,0.69,0.689,0.714
Hong Kong,HKG,2020,2297104.0,1524584.0,0.255,0.3,0.318,0.204,0.267,0.281,0.584,0.69,0.689
Hong Kong,HKG,2021,2340754.0,43650.0,0.205,0.255,0.3,0.168,0.204,0.267,0.445,0.584,0.69
Hong Kong,HKG,2022,0.0,-2340754.0,0.16,0.205,0.255,0.149,0.168,0.204,0.406,0.445,0.584
Hong Kong,HKG,2023,0.0,0.0,0.149,0.16,0.205,0.139,0.149,0.168,0.392,0.406,0.445
Honduras,HND,2001,11938794.0,,0.555,0.556,0.556,0.326,0.326,0.316,0.74,0.74,0.74
Honduras,HND,2002,11114659.0,-824135.0,0.555,0.555,0.556,0.327,0.326,0.326,0.74,0.74,0.74
Honduras,HND,2003,14222265.0,3107606.0,0.565,0.555,0.555,0.333,0.327,0.326,0.74,0.74,0.74
Honduras,HND,2004,27329171.0,13106906.0,0.565,0.565,0.555,0.333,0.333,0.327,0.74,0.74,0.74
Honduras,HND,2005,32521596.0,5192425.0,0.559,0.565,0.565,0.331,0.333,0.333,0.74,0.74,0.74
Honduras,HND,2006,7179298.0,-25342298.0,0.521,0.559,0.565,0.312,0.331,0.333,0.74,0.74,0.74
Honduras,HND,2007,13962384.0,6783086.0,0.522,0.521,0.559,0.315,0.312,0.331,0.74,0.74,0.74
Honduras,HND,2008,12324633.0,-1637751.0,0.519,0.522,0.521,0.323,0.315,0.312,0.74,0.74,0.74
Honduras,HND,2009,4445647.0,-7878986.0,0.441,0.519,0.522,0.283,0.323,0.315,0.759,0.74,0.74
Honduras,HND,2010,11084010.0,6638363.0,0.408,0.441,0.519,0.239,0.283,0.323,0.742,0.759,0.74
Honduras,HND,2011,17393614.0,6309604.0,0.419,0.408,0.441,0.248,0.239,0.283,0.748,0.742,0.759
Honduras,HND,2012,25779278.0,8385664.0,0.418,0.419,0.408,0.24,0.248,0.239,0.772,0.748,0.742
Honduras,HND,2013,34872578.0,9093300.0,0.413,0.418,0.419,0.255,0.24,0.248,0.798,0.772,0.748
Honduras,HND,2014,32922384.0,-1950194.0,0.433,0.413,0.418,0.27,0.255,0.24,0.779,0.798,0.772
Honduras,HND,2015,48228518.0,15306134.0,0.426,0.433,0.413,0.245,0.27,0.255,0.783,0.779,0.798
Honduras,HND,2016,74139820.0,25911302.0,0.425,0.426,0.433,0.254,0.245,0.27,0.8,0.783,0.779
Honduras,HND,2017,94135142.0,19995322.0,0.414,0.425,0.426,0.244,0.254,0.245,0.772,0.8,0.783
Honduras,HND,2018,54482749.0,-39652393.0,0.361,0.414,0.425,0.233,0.244,0.254,0.782,0.772,0.8
Honduras,HND,2019,24617740.0,-29865009.0,0.368,0.361,0.414,0.229,0.233,0.244,0.792,0.782,0.772
Honduras,HND,2020,28574339.0,3956599.0,0.372,0.368,0.361,0.233,0.229,0.233,0.78,0.792,0.782
Honduras,HND,2021,50143842.0,21569503.0,0.394,0.372,0.368,0.248,0.233,0.229,0.78,0.78,0.792
Honduras,HND,2022,36166160.0,-13977682.0,0.544,0.394,0.372,0.389,0.248,0.233,0.819,0.78,0.78
Honduras,HND,2023,49713510.0,13547350.0,0.539,0.544,0.394,0.398,0.389,0.248,0.754,0.819,0.78
,HND,2024,61723700.0,12010190.0,,,,,,,,,
Croatia,HRV,2001,14264398.0,,0.767,0.76,0.431,0.622,0.61,0.272,0.728,0.697,0.589
Croatia,HRV,2002,18318141.0,4053743.0,0.766,0.767,0.76,0.622,0.622,0.61,0.728,0.728,0.697
Croatia,HRV,2003,13166163.0,-5151978.0,0.769,0.766,0.767,0.624,0.622,0.622,0.728,0.728,0.728
Croatia,HRV,2004,14344595.0,1178432.0,0.757,0.769,0.766,0.606,0.624,0.622,0.728,0.728,0.728
Croatia,HRV,2005,14192100.0,-152495.0,0.775,0.757,0.769,0.635,0.606,0.624,0.728,0.728,0.728
Croatia,HRV,2006,6795266.0,-7396834.0,0.772,0.775,0.757,0.63,0.635,0.606,0.728,0.728,0.728
Croatia,HRV,2007,3128955.0,-3666311.0,0.784,0.772,0.775,0.642,0.63,0.635,0.728,0.728,0.728
Croatia,HRV,2008,-210879.0,-3339834.0,0.779,0.784,0.772,0.638,0.642,0.63,0.731,0.728,0.728
Croatia,HRV,2009,479371.0,690250.0,0.784,0.779,0.784,0.653,0.638,0.642,0.756,0.731,0.728
Croatia,HRV,2010,146389.0,-332982.0,0.844,0.784,0.779,0.73,0.653,0.638,0.792,0.756,0.731
Croatia,HRV,2011,0.0,-146389.0,0.853,0.844,0.784,0.744,0.73,0.653,0.825,0.792,0.756
Croatia,HRV,2012,-10924.0,-10924.0,0.851,0.853,0.844,0.744,0.744,0.73,0.825,0.825,0.792
Croatia,HRV,2013,-4535.0,6389.0,0.828,0.851,0.853,0.71,0.744,0.744,0.825,0.825,0.825
Croatia,HRV,2014,0.0,4535.0,0.823,0.828,0.851,0.704,0.71,0.744,0.825,0.825,0.825
Croatia,HRV,2015,-252730.0,-252730.0,0.816,0.823,0.828,0.703,0.704,0.71,0.79,0.825,0.825
Croatia,HRV,2016,31615.0,284345.0,0.765,0.816,0.823,0.651,0.703,0.704,0.715,0.79,0.825
Croatia,HRV,2017,0.0,-31615.0,0.739,0.765,0.816,0.623,0.651,0.703,0.72,0.715,0.79
Croatia,HRV,2018,0.0,0.0,0.729,0.739,0.765,0.615,0.623,0.651,0.72,0.72,0.715
Croatia,HRV,2019,0.0,0.0,0.734,0.729,0.739,0.617,0.615,0.623,0.72,0.72,0.72
Croatia,HRV,2020,0.0,0.0,0.756,0.734,0.729,0.647,0.617,0.615,0.716,0.72,0.72
Croatia,HRV,2021,688143.0,688143.0,0.747,0.756,0.734,0.641,0.647,0.617,0.672,0.716,0.72
Croatia,HRV,2022,0.0,-688143.0,0.724,0.747,0.756,0.636,0.641,0.647,0.694,0.672,0.716
Croatia,HRV,2023,3410885.0,3410885.0,0.725,0.724,0.747,0.628,0.636,0.641,0.694,0.694,0.672
,HRV,2024,2672824.0,-738061.0,,,,,,,,,
Haiti,HTI,2001,4736685.0,,0.417,0.437,0.442,0.27,0.28,0.282,0.577,0.577,0.577
Haiti,HTI,2002,4551878.0,-184807.0,0.41,0.417,0.437,0.265,0.27,0.28,0.577,0.577,0.577
Haiti,HTI,2003,4796749.0,244871.0,0.408,0.41,0.417,0.259,0.265,0.27,0.579,0.577,0.577
Haiti,HTI,2004,27176813.0,22380064.0,0.249,0.408,0.41,0.108,0.259,0.265,0.524,0.579,0.577
Haiti,HTI,2005,97007057.0,69830244.0,0.247,0.249,0.408,0.097,0.108,0.259,0.515,0.524,0.579
Haiti,HTI,2006,57498586.0,-39508471.0,0.386,0.247,0.249,0.211,0.097,0.108,0.563,0.515,0.524
Haiti,HTI,2007,24827361.0,-32671225.0,0.469,0.386,0.247,0.299,0.211,0.097,0.586,0.563,0.515
Haiti,HTI,2008,66572335.0,41744974.0,0.468,0.469,0.386,0.301,0.299,0.211,0.586,0.586,0.563
Haiti,HTI,2009,60118733.0,-6453602.0,0.459,0.468,0.469,0.296,0.301,0.299,0.586,0.586,0.586
Haiti,HTI,2010,79298125.0,19179392.0,0.459,0.459,0.468,0.275,0.296,0.301,0.563,0.586,0.586
Haiti,HTI,2011,179361298.0,100063173.0,0.431,0.459,0.459,0.262,0.275,0.296,0.563,0.563,0.586
Haiti,HTI,2012,145600097.0,-33761201.0,0.438,0.431,0.459,0.268,0.262,0.275,0.563,0.563,0.563
Haiti,HTI,2013,40450585.0,-105149512.0,0.434,0.438,0.431,0.262,0.268,0.262,0.563,0.563,0.563
Haiti,HTI,2014,64622618.0,24172033.0,0.434,0.434,0.438,0.262,0.262,0.268,0.563,0.563,0.563
Haiti,HTI,2015,68734395.0,4111777.0,0.425,0.434,0.434,0.243,0.262,0.262,0.563,0.563,0.563
Haiti,HTI,2016,42056116.0,-26678279.0,0.42,0.425,0.434,0.255,0.243,0.262,0.603,0.563,0.563
Haiti,HTI,2017,23733283.0,-18322833.0,0.418,0.42,0.425,0.251,0.255,0.243,0.603,0.603,0.563
Haiti,HTI,2018,35505294.0,11772011.0,0.429,0.418,0.42,0.257,0.251,0.255,0.598,0.603,0.603
Haiti,HTI,2019,29985013.0,-5520281.0,0.421,0.429,0.418,0.247,0.257,0.251,0.536,0.598,0.603
Haiti,HTI,2020,42506604.0,12521591.0,0.4,0.421,0.429,0.237,0.247,0.257,0.539,0.536,0.598
Haiti,HTI,2021,17815683.0,-24690921.0,0.33,0.4,0.421,0.204,0.237,0.247,0.511,0.539,0.536
Haiti,HTI,2022,14208337.0,-3607346.0,0.233,0.33,0.4,0.154,0.204,0.237,0.482,0.511,0.539
Haiti,HTI,2023,22116088.0,7907751.0,0.231,0.233,0.33,0.084,0.154,0.204,0.482,0.482,0.511
,HTI,2024,5639791.0,-16476297.0,,,,,,,,,
Hungary,HUN,2001,12251.0,,0.839,0.839,0.839,0.75,0.75,0.75,0.788,0.788,0.788
Hungary,HUN,2002,-20955.0,-33206.0,0.842,0.839,0.839,0.755,0.75,0.75,0.788,0.788,0.788
Hungary,HUN,2003,-225797.0,-204842.0,0.843,0.842,0.839,0.759,0.755,0.75,0.788,0.788,0.788
Hungary,HUN,2004,3396519.0,3622316.0,0.843,0.843,0.842,0.759,0.759,0.755,0.788,0.788,0.788
Hungary,HUN,2005,5236833.0,1840314.0,0.843,0.843,0.843,0.754,0.759,0.759,0.775,0.788,0.788
Hungary,HUN,2006,3693522.0,-1543311.0,0.831,0.843,0.843,0.742,0.754,0.759,0.775,0.775,0.788
Hungary,HUN,2007,0.0,-3693522.0,0.85,0.831,0.843,0.765,0.742,0.754,0.775,0.775,0.775
Hungary,HUN,2008,3215344.0,3215344.0,0.85,0.85,0.831,0.766,0.765,0.742,0.775,0.775,0.775
Hungary,HUN,2009,3017379.0,-197965.0,0.85,0.85,0.85,0.766,0.766,0.765,0.775,0.775,0.775
Hungary,HUN,2010,0.0,-3017379.0,0.808,0.85,0.85,0.677,0.766,0.766,0.705,0.775,0.775
Hungary,HUN,2011,0.0,0.0,0.778,0.808,0.85,0.639,0.677,0.766,0.668,0.705,0.775
Hungary,HUN,2012,664695.0,664695.0,0.773,0.778,0.808,0.621,0.639,0.677,0.668,0.668,0.705
Hungary,HUN,2013,0.0,-664695.0,0.738,0.773,0.778,0.575,0.621,0.639,0.596,0.668,0.668
Hungary,HUN,2014,0.0,0.0,0.669,0.738,0.773,0.521,0.575,0.621,0.561,0.596,0.668
Hungary,HUN,2015,0.0,0.0,0.617,0.669,0.738,0.477,0.521,0.575,0.573,0.561,0.596
Hungary,HUN,2016,70081.0,70081.0,0.613,0.617,0.669,0.474,0.477,0.521,0.573,0.573,0.561
Hungary,HUN,2017,0.0,-70081.0,0.555,0.613,0.617,0.432,0.474,0.477,0.573,0.573,0.573
Hungary,HUN,2018,0.0,0.0,0.481,0.555,0.613,0.373,0.432,0.474,0.55,0.573,0.573
Hungary,HUN,2019,0.0,0.0,0.466,0.481,0.555,0.364,0.373,0.432,0.55,0.55,0.573
Hungary,HUN,2020,0.0,0.0,0.46,0.466,0.481,0.351,0.364,0.373,0.567,0.55,0.55
Hungary,HUN,2021,1132745.0,1132745.0,0.45,0.46,0.466,0.346,0.351,0.364,0.544,0.567,0.55
Hungary,HUN,2022,0.0,-1132745.0,0.447,0.45,0.46,0.335,0.346,0.351,0.538,0.544,0.567
Hungary,HUN,2023,0.0,0.0,0.434,0.447,0.45,0.323,0.335,0.346,0.486,0.538,0.544
Indonesia,IDN,2001,103253820.0,,0.666,0.666,0.55,0.505,0.505,0.417,0.831,0.831,0.824
Indonesia,IDN,2002,107141049.0,3887229.0,0.666,0.666,0.666,0.512,0.505,0.505,0.831,0.831,0.831
Indonesia,IDN,2003,87648321.0,-19492728.0,0.666,0.666,0.666,0.512,0.512,0.505,0.831,0.831,0.831
Indonesia,IDN,2004,79970598.0,-7677723.0,0.689,0.666,0.666,0.528,0.512,0.512,0.831,0.831,0.831
Indonesia,IDN,2005,41330284.0,-38640314.0,0.7,0.689,0.666,0.534,0.528,0.512,0.831,0.831,0.831
Indonesia,IDN,2006,52523024.0,11192740.0,0.696,0.7,0.689,0.534,0.534,0.528,0.831,0.831,0.831
Indonesia,IDN,2007,75238953.0,22715929.0,0.697,0.696,0.7,0.537,0.534,0.534,0.831,0.831,0.831
Indonesia,IDN,2008,83150476.0,7911523.0,0.707,0.697,0.696,0.545,0.537,0.534,0.833,0.831,0.831
Indonesia,IDN,2009,29518355.0,-53632121.0,0.684,0.707,0.697,0.526,0.545,0.537,0.836,0.833,0.831
Indonesia,IDN,2010,42534251.0,13015896.0,0.686,0.684,0.707,0.539,0.526,0.545,0.843,0.836,0.833
Indonesia,IDN,2011,49996652.0,7462401.0,0.686,0.686,0.684,0.538,0.539,0.526,0.843,0.843,0.836
Indonesia,IDN,2012,70104736.0,20108084.0,0.685,0.686,0.686,0.534,0.538,0.539,0.843,0.843,0.843
Indonesia,IDN,2013,38551763.0,-31552973.0,0.668,0.685,0.686,0.52,0.534,0.538,0.909,0.843,0.843
Indonesia,IDN,2014,43906520.0,5354757.0,0.658,0.668,0.685,0.512,0.52,0.534,0.914,0.909,0.843
Indonesia,IDN,2015,30141166.0,-13765354.0,0.654,0.658,0.668,0.511,0.512,0.52,0.902,0.914,0.909
Indonesia,IDN,2016,11332610.0,-18808556.0,0.639,0.654,0.658,0.496,0.511,0.512,0.902,0.902,0.914
Indonesia,IDN,2017,33635346.0,22302736.0,0.627,0.639,0.654,0.484,0.496,0.511,0.878,0.902,0.902
Indonesia,IDN,2018,51994006.0,18358660.0,0.599,0.627,0.639,0.463,0.484,0.496,0.888,0.878,0.902
Indonesia,IDN,2019,32071464.0,-19922542.0,0.596,0.599,0.627,0.459,0.463,0.484,0.844,0.888,0.878
Indonesia,IDN,2020,32615585.0,544121.0,0.566,0.596,0.599,0.411,0.459,0.463,0.884,0.844,0.888
Indonesia,IDN,2021,22482613.0,-10132972.0,0.545,0.566,0.596,0.398,0.411,0.459,0.847,0.884,0.844
Indonesia,IDN,2022,28611556.0,6128943.0,0.561,0.545,0.566,0.39,0.398,0.411,0.875,0.847,0.884
Indonesia,IDN,2023,20075466.0,-8536090.0,0.538,0.561,0.545,0.348,0.39,0.398,0.814,0.875,0.847
,IDN,2024,15007249.0,-5068217.0,,,,,,,,,
India,IND,2001,984856.0,,0.735,0.735,0.737,0.584,0.584,0.586,0.814,0.814,0.814
India,IND,2002,6611061.0,5626205.0,0.739,0.735,0.735,0.587,0.584,0.584,0.814,0.814,0.814
India,IND,2003,107.0,-6610954.0,0.736,0.739,0.735,0.583,0.587,0.584,0.861,0.814,0.814
India,IND,2004,756375.0,756268.0,0.731,0.736,0.739,0.578,0.583,0.587,0.813,0.861,0.814
India,IND,2005,538674.0,-217701.0,0.723,0.731,0.736,0.573,0.578,0.583,0.834,0.813,0.861
India,IND,2006,1322097.0,783423.0,0.721,0.723,0.731,0.569,0.573,0.578,0.834,0.834,0.813
India,IND,2007,1059173.0,-262924.0,0.721,0.721,0.723,0.569,0.569,0.573,0.839,0.834,0.834
India,IND,2008,1455278.0,396105.0,0.721,0.721,0.721,0.569,0.569,0.569,0.839,0.839,0.834
India,IND,2009,1201529.0,-253749.0,0.683,0.721,0.721,0.539,0.569,0.569,0.839,0.839,0.839
India,IND,2010,0.0,-1201529.0,0.671,0.683,0.721,0.532,0.539,0.569,0.839,0.839,0.839
India,IND,2011,-70169.0,-70169.0,0.671,0.671,0.683,0.532,0.532,0.539,0.83,0.839,0.839
India,IND,2012,1348202.0,1418371.0,0.659,0.671,0.671,0.525,0.532,0.532,0.844,0.83,0.839
India,IND,2013,631789.0,-716413.0,0.65,0.659,0.671,0.522,0.525,0.532,0.828,0.844,0.83
India,IND,2014,968075.0,336286.0,0.617,0.65,0.659,0.488,0.522,0.525,0.696,0.828,0.844
India,IND,2015,832111.0,-135964.0,0.543,0.617,0.65,0.417,0.488,0.522,0.633,0.696,0.828
India,IND,2016,547647.0,-284464.0,0.524,0.543,0.617,0.406,0.417,0.488,0.627,0.633,0.696
India,IND,2017,0.0,-547647.0,0.488,0.524,0.543,0.371,0.406,0.417,0.617,0.627,0.633
India,IND,2018,-19382.0,-19382.0,0.482,0.488,0.524,0.363,0.371,0.406,0.625,0.617,0.627
India,IND,2019,0.0,19382.0,0.43,0.482,0.488,0.324,0.363,0.371,0.622,0.625,0.617
India,IND,2020,7172450.0,7172450.0,0.39,0.43,0.482,0.292,0.324,0.363,0.636,0.622,0.625
India,IND,2021,6709396.0,-463054.0,0.398,0.39,0.43,0.307,0.292,0.324,0.627,0.636,0.622
India,IND,2022,4927390.0,-1782006.0,0.384,0.398,0.39,0.291,0.307,0.292,0.689,0.627,0.636
India,IND,2023,9302388.0,4374998.0,0.374,0.384,0.398,0.273,0.291,0.307,0.605,0.689,0.627
,IND,2024,6799430.0,-2502958.0,,,,,,,,,
Ireland,IRL,2001,0.0,,0.885,0.885,0.88,0.809,0.809,0.804,0.944,0.944,0.944
Ireland,IRL,2002,0.0,0.0,0.883,0.885,0.885,0.807,0.809,0.809,0.944,0.944,0.944
Ireland,IRL,2003,0.0,0.0,0.882,0.883,0.885,0.806,0.807,0.809,0.944,0.944,0.944
Ireland,IRL,2004,0.0,0.0,0.882,0.882,0.883,0.806,0.806,0.807,0.944,0.944,0.944
Ireland,IRL,2005,0.0,0.0,0.882,0.882,0.882,0.806,0.806,0.806,0.944,0.944,0.944
Ireland,IRL,2006,0.0,0.0,0.882,0.882,0.882,0.806,0.806,0.806,0.944,0.944,0.944
Ireland,IRL,2007,0.0,0.0,0.891,0.882,0.882,0.815,0.806,0.806,0.944,0.944,0.944
Ireland,IRL,2008,0.0,0.0,0.896,0.891,0.882,0.82,0.815,0.806,0.944,0.944,0.944
Ireland,IRL,2009,0.0,0.0,0.896,0.896,0.891,0.82,0.82,0.815,0.939,0.944,0.944
Ireland,IRL,2010,0.0,0.0,0.896,0.896,0.896,0.82,0.82,0.82,0.939,0.939,0.944
Ireland,IRL,2011,0.0,0.0,0.896,0.896,0.896,0.821,0.82,0.82,0.939,0.939,0.939
Ireland,IRL,2012,0.0,0.0,0.897,0.896,0.896,0.822,0.821,0.82,0.939,0.939,0.939
Ireland,IRL,2013,0.0,0.0,0.895,0.897,0.896,0.823,0.822,0.821,0.95,0.939,0.939
Ireland,IRL,2014,0.0,0.0,0.895,0.895,0.897,0.824,0.823,0.822,0.95,0.95,0.939
Ireland,IRL,2015,0.0,0.0,0.895,0.895,0.895,0.825,0.824,0.823,0.951,0.95,0.95
Ireland,IRL,2016,0.0,0.0,0.886,0.895,0.895,0.815,0.825,0.824,0.951,0.951,0.95
Ireland,IRL,2017,0.0,0.0,0.887,0.886,0.895,0.821,0.815,0.825,0.951,0.951,0.951
Ireland,IRL,2018,0.0,0.0,0.89,0.887,0.886,0.821,0.821,0.815,0.941,0.951,0.951
Ireland,IRL,2019,0.0,0.0,0.887,0.89,0.887,0.822,0.821,0.821,0.91,0.941,0.951
Ireland,IRL,2020,0.0,0.0,0.891,0.887,0.89,0.824,0.822,0.821,0.956,0.91,0.941
Ireland,IRL,2021,0.0,0.0,0.898,0.891,0.887,0.833,0.824,0.822,0.954,0.956,0.91
Ireland,IRL,2022,0.0,0.0,0.892,0.898,0.891,0.827,0.833,0.824,0.954,0.954,0.956
Ireland,IRL,2023,0.0,0.0,0.894,0.892,0.898,0.829,0.827,0.833,0.954,0.954,0.954
Iran,IRN,2001,58860.0,,0.234,0.233,0.234,0.154,0.162,0.16,0.232,0.232,0.304
Iran,IRN,2002,124176.0,65316.0,0.232,0.234,0.233,0.153,0.154,0.162,0.232,0.232,0.232
Iran,IRN,2003,89347.0,-34829.0,0.232,0.232,0.234,0.153,0.153,0.154,0.211,0.232,0.232
Iran,IRN,2004,1674496.0,1585149.0,0.207,0.232,0.232,0.143,0.153,0.153,0.213,0.211,0.232
Iran,IRN,2005,1778712.0,104216.0,0.177,0.207,0.232,0.128,0.143,0.153,0.198,0.213,0.211
Iran,IRN,2006,4958978.0,3180266.0,0.173,0.177,0.207,0.126,0.128,0.143,0.144,0.198,0.213
Iran,IRN,2007,6222313.0,1263335.0,0.173,0.173,0.177,0.127,0.126,0.128,0.144,0.144,0.198
Iran,IRN,2008,4446291.0,-1776022.0,0.167,0.173,0.173,0.125,0.127,0.126,0.144,0.144,0.144
Iran,IRN,2009,948830.0,-3497461.0,0.158,0.167,0.173,0.122,0.125,0.127,0.187,0.144,0.144
Iran,IRN,2010,1717918.0,769088.0,0.144,0.158,0.167,0.117,0.122,0.125,0.138,0.187,0.144
Iran,IRN,2011,1784994.0,67076.0,0.145,0.144,0.158,0.118,0.117,0.122,0.138,0.138,0.187
Iran,IRN,2012,1340494.0,-444500.0,0.158,0.145,0.144,0.121,0.118,0.117,0.161,0.138,0.138
Iran,IRN,2013,770058.0,-570436.0,0.174,0.158,0.145,0.129,0.121,0.118,0.156,0.161,0.138
Iran,IRN,2014,1337333.0,567275.0,0.183,0.174,0.158,0.131,0.129,0.121,0.163,0.156,0.161
Iran,IRN,2015,865079.0,-472254.0,0.186,0.183,0.174,0.136,0.131,0.129,0.193,0.163,0.156
Iran,IRN,2016,1358081.0,493002.0,0.186,0.186,0.183,0.137,0.136,0.131,0.177,0.193,0.163
Iran,IRN,2017,596583.0,-761498.0,0.185,0.186,0.186,0.134,0.137,0.136,0.192,0.177,0.193
Iran,IRN,2018,965248.0,368665.0,0.182,0.185,0.186,0.131,0.134,0.137,0.17,0.192,0.177
Iran,IRN,2019,1665357.0,700109.0,0.181,0.182,0.185,0.126,0.131,0.134,0.146,0.17,0.192
Iran,IRN,2020,803413.0,-861944.0,0.165,0.181,0.182,0.119,0.126,0.131,0.143,0.146,0.17
Iran,IRN,2021,1090707.0,287294.0,0.158,0.165,0.181,0.091,0.119,0.126,0.138,0.143,0.146
Iran,IRN,2022,0.0,-1090707.0,0.148,0.158,0.165,0.078,0.091,0.119,0.123,0.138,0.143
Iran,IRN,2023,0.0,0.0,0.153,0.148,0.158,0.077,0.078,0.091,0.12,0.123,0.138
Iraq,IRQ,2001,255202.0,,0.147,0.145,0.146,0.069,0.069,0.07,0.042,0.042,0.042
Iraq,IRQ,2002,64571.0,-190631.0,0.147,0.147,0.145,0.095,0.069,0.069,0.07,0.042,0.042
Iraq,IRQ,2003,513859757.0,513795186.0,0.184,0.147,0.147,0.118,0.095,0.069,0.291,0.07,0.042
Iraq,IRQ,2004,3886090852.0,3372231095.0,0.21,0.184,0.147,0.107,0.118,0.095,0.585,0.291,0.07
Iraq,IRQ,2005,3588156451.0,-297934401.0,0.237,0.21,0.184,0.107,0.107,0.118,0.585,0.585,0.291
Iraq,IRQ,2006,1115197986.0,-2472958465.0,0.397,0.237,0.21,0.233,0.107,0.107,0.577,0.585,0.585
Iraq,IRQ,2007,1511267447.0,396069461.0,0.426,0.397,0.237,0.261,0.233,0.107,0.577,0.577,0.585
Iraq,IRQ,2008,794703429.0,-716564018.0,0.426,0.426,0.397,0.261,0.261,0.233,0.604,0.577,0.577
Iraq,IRQ,2009,1217564269.0,422860840.0,0.425,0.426,0.426,0.257,0.261,0.261,0.599,0.604,0.577
Iraq,IRQ,2010,444365053.0,-773199216.0,0.414,0.425,0.426,0.251,0.257,0.261,0.657,0.599,0.604
Iraq,IRQ,2011,1086612160.0,642247107.0,0.413,0.414,0.425,0.251,0.251,0.257,0.657,0.657,0.599
Iraq,IRQ,2012,568608914.0,-518003246.0,0.41,0.413,0.414,0.25,0.251,0.251,0.677,0.657,0.657
Iraq,IRQ,2013,96126380.0,-472482534.0,0.414,0.41,0.413,0.238,0.25,0.251,0.7,0.677,0.657
Iraq,IRQ,2014,83091408.0,-13034972.0,0.403,0.414,0.41,0.237,0.238,0.25,0.668,0.7,0.677
Iraq,IRQ,2015,70841761.0,-12249647.0,0.396,0.403,0.414,0.236,0.237,0.238,0.661,0.668,0.7
Iraq,IRQ,2016,41162387.0,-29679374.0,0.39,0.396,0.403,0.238,0.236,0.237,0.689,0.661,0.668
Iraq,IRQ,2017,112458120.0,71295733.0,0.375,0.39,0.396,0.233,0.238,0.236,0.677,0.689,0.661
Iraq,IRQ,2018,106490643.0,-5967477.0,0.398,0.375,0.39,0.238,0.233,0.238,0.734,0.677,0.689
Iraq,IRQ,2019,86556551.0,-19934092.0,0.393,0.398,0.375,0.226,0.238,0.233,0.757,0.734,0.677
Iraq,IRQ,2020,93230666.0,6674115.0,0.376,0.393,0.398,0.212,0.226,0.238,0.689,0.757,0.734
Iraq,IRQ,2021,86538240.0,-6692426.0,0.374,0.376,0.393,0.218,0.212,0.226,0.699,0.689,0.757
Iraq,IRQ,2022,34183439.0,-52354801.0,0.385,0.374,0.376,0.204,0.218,0.212,0.676,0.699,0.689
Iraq,IRQ,2023,22809095.0,-11374344.0,0.371,0.385,0.374,0.208,0.204,0.218,0.743,0.676,0.699
,IRQ,2024,25402893.0,2593798.0,,,,,,,,,
Iceland,ISL,2001,0.0,,0.868,0.868,0.868,0.78,0.78,0.781,0.956,0.956,0.956
Iceland,ISL,2002,0.0,0.0,0.868,0.868,0.868,0.78,0.78,0.78,0.956,0.956,0.956
Iceland,ISL,2003,0.0,0.0,0.867,0.868,0.868,0.781,0.78,0.78,0.956,0.956,0.956
Iceland,ISL,2004,0.0,0.0,0.867,0.867,0.868,0.782,0.781,0.78,0.956,0.956,0.956
Iceland,ISL,2005,0.0,0.0,0.865,0.867,0.867,0.781,0.782,0.781,0.956,0.956,0.956
Iceland,ISL,2006,0.0,0.0,0.865,0.865,0.867,0.781,0.781,0.782,0.956,0.956,0.956
Iceland,ISL,2007,0.0,0.0,0.873,0.865,0.865,0.787,0.781,0.781,0.956,0.956,0.956
Iceland,ISL,2008,0.0,0.0,0.88,0.873,0.865,0.795,0.787,0.781,0.956,0.956,0.956
Iceland,ISL,2009,0.0,0.0,0.882,0.88,0.873,0.796,0.795,0.787,0.956,0.956,0.956
Iceland,ISL,2010,0.0,0.0,0.881,0.882,0.88,0.799,0.796,0.795,0.956,0.956,0.956
Iceland,ISL,2011,0.0,0.0,0.881,0.881,0.882,0.795,0.799,0.796,0.956,0.956,0.956
Iceland,ISL,2012,0.0,0.0,0.875,0.881,0.881,0.794,0.795,0.799,0.956,0.956,0.956
Iceland,ISL,2013,0.0,0.0,0.858,0.875,0.881,0.775,0.794,0.795,0.956,0.956,0.956
Iceland,ISL,2014,0.0,0.0,0.856,0.858,0.875,0.773,0.775,0.794,0.956,0.956,0.956
Iceland,ISL,2015,0.0,0.0,0.861,0.856,0.858,0.777,0.773,0.775,0.956,0.956,0.956
Iceland,ISL,2016,0.0,0.0,0.86,0.861,0.856,0.776,0.777,0.773,0.956,0.956,0.956
Iceland,ISL,2017,0.0,0.0,0.861,0.86,0.861,0.779,0.776,0.777,0.956,0.956,0.956
Iceland,ISL,2018,0.0,0.0,0.875,0.861,0.86,0.793,0.779,0.776,0.946,0.956,0.956
Iceland,ISL,2019,0.0,0.0,0.859,0.875,0.861,0.784,0.793,0.779,0.967,0.946,0.956
Iceland,ISL,2020,0.0,0.0,0.859,0.859,0.875,0.784,0.784,0.793,0.951,0.967,0.946
Iceland,ISL,2021,0.0,0.0,0.836,0.859,0.859,0.745,0.784,0.784,0.951,0.951,0.967
Iceland,ISL,2022,0.0,0.0,0.832,0.836,0.859,0.742,0.745,0.784,0.951,0.951,0.951
Iceland,ISL,2023,0.0,0.0,0.841,0.832,0.836,0.751,0.742,0.745,0.892,0.951,0.951
Israel,ISR,2001,1409542432.0,,0.764,0.768,0.773,0.688,0.693,0.696,0.859,0.859,0.898
Israel,ISR,2002,0.0,-1409542432.0,0.764,0.764,0.768,0.689,0.688,0.693,0.812,0.859,0.859
Israel,ISR,2003,105592.0,105592.0,0.76,0.764,0.764,0.683,0.689,0.688,0.812,0.812,0.859
Israel,ISR,2004,0.0,-105592.0,0.759,0.76,0.764,0.683,0.683,0.689,0.812,0.812,0.812
Israel,ISR,2005,0.0,0.0,0.759,0.759,0.76,0.683,0.683,0.683,0.812,0.812,0.812
Israel,ISR,2006,0.0,0.0,0.764,0.759,0.759,0.687,0.683,0.683,0.796,0.812,0.812
Israel,ISR,2007,6293391.0,6293391.0,0.758,0.764,0.759,0.684,0.687,0.683,0.796,0.796,0.812
Israel,ISR,2008,1680.0,-6291711.0,0.758,0.758,0.764,0.684,0.684,0.687,0.796,0.796,0.796
Israel,ISR,2009,12459.0,10779.0,0.756,0.758,0.758,0.68,0.684,0.684,0.796,0.796,0.796
Israel,ISR,2010,0.0,-12459.0,0.752,0.756,0.758,0.675,0.68,0.684,0.791,0.796,0.796
Israel,ISR,2011,0.0,0.0,0.752,0.752,0.756,0.675,0.675,0.68,0.791,0.791,0.796
Israel,ISR,2012,0.0,0.0,0.751,0.752,0.752,0.675,0.675,0.675,0.791,0.791,0.791
Israel,ISR,2013,0.0,0.0,0.734,0.751,0.752,0.655,0.675,0.675,0.772,0.791,0.791
Israel,ISR,2014,0.0,0.0,0.733,0.734,0.751,0.654,0.655,0.675,0.772,0.772,0.791
Israel,ISR,2015,0.0,0.0,0.733,0.733,0.734,0.654,0.654,0.655,0.772,0.772,0.772
Israel,ISR,2016,7256368.0,7256368.0,0.729,0.733,0.733,0.646,0.654,0.654,0.772,0.772,0.772
Israel,ISR,2017,1039465.0,-6216903.0,0.714,0.729,0.733,0.632,0.646,0.654,0.772,0.772,0.772
Israel,ISR,2018,-2249324.0,-3288789.0,0.705,0.714,0.729,0.626,0.632,0.646,0.758,0.772,0.772
Israel,ISR,2019,4304762.0,6554086.0,0.708,0.705,0.714,0.623,0.626,0.632,0.768,0.758,0.772
Israel,ISR,2020,1171528.0,-3133234.0,0.723,0.708,0.705,0.639,0.623,0.626,0.73,0.768,0.758
Israel,ISR,2021,314940.0,-856588.0,0.722,0.723,0.708,0.639,0.639,0.623,0.806,0.73,0.768
Israel,ISR,2022,24051.0,-290889.0,0.714,0.722,0.723,0.64,0.639,0.639,0.784,0.806,0.73
Israel,ISR,2023,-73.0,-24124.0,0.704,0.714,0.722,0.616,0.64,0.639,0.803,0.784,0.806
Italy,ITA,2001,0.0,,0.833,0.84,0.843,0.746,0.756,0.758,0.917,0.942,0.942
Italy,ITA,2002,0.0,0.0,0.837,0.833,0.84,0.751,0.746,0.756,0.917,0.917,0.942
Italy,ITA,2003,0.0,0.0,0.837,0.837,0.833,0.753,0.751,0.746,0.917,0.917,0.917
Italy,ITA,2004,0.0,0.0,0.837,0.837,0.837,0.753,0.753,0.751,0.917,0.917,0.917
Italy,ITA,2005,0.0,0.0,0.846,0.837,0.837,0.761,0.753,0.753,0.917,0.917,0.917
Italy,ITA,2006,0.0,0.0,0.852,0.846,0.837,0.775,0.761,0.753,0.928,0.917,0.917
Italy,ITA,2007,73980.0,73980.0,0.861,0.852,0.846,0.782,0.775,0.761,0.928,0.928,0.917
Italy,ITA,2008,0.0,-73980.0,0.855,0.861,0.852,0.768,0.782,0.775,0.931,0.928,0.928
Italy,ITA,2009,0.0,0.0,0.857,0.855,0.861,0.775,0.768,0.782,0.929,0.931,0.928
Italy,ITA,2010,0.0,0.0,0.856,0.857,0.855,0.775,0.775,0.768,0.928,0.929,0.931
Italy,ITA,2011,0.0,0.0,0.862,0.856,0.857,0.786,0.775,0.775,0.925,0.928,0.929
Italy,ITA,2012,0.0,0.0,0.869,0.862,0.856,0.793,0.786,0.775,0.924,0.925,0.928
Italy,ITA,2013,0.0,0.0,0.864,0.869,0.862,0.786,0.793,0.786,0.916,0.924,0.925
Italy,ITA,2014,0.0,0.0,0.865,0.864,0.869,0.786,0.786,0.793,0.911,0.916,0.924
Italy,ITA,2015,0.0,0.0,0.865,0.865,0.864,0.786,0.786,0.786,0.911,0.911,0.916
Italy,ITA,2016,0.0,0.0,0.869,0.865,0.865,0.791,0.786,0.786,0.911,0.911,0.911
Italy,ITA,2017,0.0,0.0,0.87,0.869,0.865,0.797,0.791,0.786,0.912,0.911,0.911
Italy,ITA,2018,0.0,0.0,0.864,0.87,0.869,0.787,0.797,0.791,0.855,0.912,0.911
Italy,ITA,2019,0.0,0.0,0.854,0.864,0.87,0.777,0.787,0.797,0.893,0.855,0.912
Italy,ITA,2020,0.0,0.0,0.857,0.854,0.864,0.774,0.777,0.787,0.902,0.893,0.855
Italy,ITA,2021,0.0,0.0,0.857,0.857,0.854,0.774,0.774,0.777,0.901,0.902,0.893
Italy,ITA,2022,0.0,0.0,0.842,0.857,0.857,0.763,0.774,0.774,0.891,0.901,0.902
Italy,ITA,2023,0.0,0.0,0.806,0.842,0.857,0.727,0.763,0.774,0.891,0.891,0.901
,ITA,2024,99679.0,99679.0,,,,,,,,,
Jamaica,JAM,2001,390161.0,,0.675,0.675,0.67,0.549,0.549,0.522,0.708,0.708,0.708
Jamaica,JAM,2002,2566303.0,2176142.0,0.695,0.675,0.675,0.566,0.549,0.549,0.708,0.708,0.708
Jamaica,JAM,2003,1949396.0,-616907.0,0.743,0.695,0.675,0.617,0.566,0.549,0.708,0.708,0.708
Jamaica,JAM,2004,7368427.0,5419031.0,0.743,0.743,0.695,0.617,0.617,0.566,0.708,0.708,0.708
Jamaica,JAM,2005,3067633.0,-4300794.0,0.751,0.743,0.743,0.629,0.617,0.617,0.789,0.708,0.708
Jamaica,JAM,2006,12874073.0,9806440.0,0.756,0.751,0.743,0.633,0.629,0.617,0.789,0.789,0.708
Jamaica,JAM,2007,1903549.0,-10970524.0,0.762,0.756,0.751,0.644,0.633,0.629,0.789,0.789,0.789
Jamaica,JAM,2008,3367445.0,1463896.0,0.774,0.762,0.756,0.654,0.644,0.633,0.789,0.789,0.789
Jamaica,JAM,2009,1718544.0,-1648901.0,0.774,0.774,0.762,0.654,0.654,0.644,0.789,0.789,0.789
Jamaica,JAM,2010,2829740.0,1111196.0,0.774,0.774,0.774,0.656,0.654,0.654,0.789,0.789,0.789
Jamaica,JAM,2011,3509915.0,680175.0,0.767,0.774,0.774,0.651,0.656,0.654,0.815,0.789,0.789
Jamaica,JAM,2012,3261184.0,-248731.0,0.784,0.767,0.774,0.667,0.651,0.656,0.815,0.815,0.789
Jamaica,JAM,2013,1413352.0,-1847832.0,0.798,0.784,0.767,0.679,0.667,0.651,0.851,0.815,0.815
Jamaica,JAM,2014,6960230.0,5546878.0,0.798,0.798,0.784,0.679,0.679,0.667,0.872,0.851,0.815
Jamaica,JAM,2015,3665603.0,-3294627.0,0.798,0.798,0.798,0.679,0.679,0.679,0.872,0.872,0.851
Jamaica,JAM,2016,8156825.0,4491222.0,0.804,0.798,0.798,0.685,0.679,0.679,0.872,0.872,0.872
Jamaica,JAM,2017,12545448.0,4388623.0,0.811,0.804,0.798,0.696,0.685,0.679,0.894,0.872,0.872
Jamaica,JAM,2018,8064301.0,-4481147.0,0.807,0.811,0.804,0.688,0.696,0.685,0.894,0.894,0.872
Jamaica,JAM,2019,6867272.0,-1197029.0,0.81,0.807,0.811,0.703,0.688,0.696,0.867,0.894,0.894
Jamaica,JAM,2020,5665408.0,-1201864.0,0.808,0.81,0.807,0.702,0.703,0.688,0.852,0.867,0.894
Jamaica,JAM,2021,3816030.0,-1849378.0,0.801,0.808,0.81,0.691,0.702,0.703,0.802,0.852,0.867
Jamaica,JAM,2022,10052286.0,6236256.0,0.798,0.801,0.808,0.692,0.691,0.702,0.857,0.802,0.852
Jamaica,JAM,2023,4607183.0,-5445103.0,0.798,0.798,0.801,0.677,0.692,0.691,0.788,0.857,0.802
,JAM,2024,10859553.0,6252370.0,,,,,,,,,
Jordan,JOR,2001,319166.0,,0.185,0.186,0.222,0.131,0.132,0.196,0.43,0.43,0.43
Jordan,JOR,2002,495700.0,176534.0,0.185,0.185,0.186,0.131,0.131,0.132,0.43,0.43,0.43
Jordan,JOR,2003,4077154.0,3581454.0,0.208,0.185,0.185,0.152,0.131,0.131,0.43,0.43,0.43
Jordan,JOR,2004,1336332.0,-2740822.0,0.228,0.208,0.185,0.202,0.152,0.131,0.43,0.43,0.43
Jordan,JOR,2005,1312284.0,-24048.0,0.228,0.228,0.208,0.203,0.202,0.152,0.43,0.43,0.43
Jordan,JOR,2006,4268807.0,2956523.0,0.229,0.228,0.228,0.204,0.203,0.202,0.501,0.43,0.43
Jordan,JOR,2007,28301518.0,24032711.0,0.229,0.229,0.228,0.204,0.204,0.203,0.501,0.501,0.43
Jordan,JOR,2008,43956270.0,15654752.0,0.232,0.229,0.229,0.205,0.204,0.204,0.501,0.501,0.501
Jordan,JOR,2009,16519894.0,-27436376.0,0.233,0.232,0.229,0.205,0.205,0.204,0.501,0.501,0.501
Jordan,JOR,2010,44851566.0,28331672.0,0.239,0.233,0.232,0.21,0.205,0.205,0.501,0.501,0.501
Jordan,JOR,2011,8780767.0,-36070799.0,0.247,0.239,0.233,0.215,0.21,0.205,0.519,0.501,0.501
Jordan,JOR,2012,32408929.0,23628162.0,0.246,0.247,0.239,0.217,0.215,0.21,0.606,0.519,0.501
Jordan,JOR,2013,26366603.0,-6042326.0,0.255,0.246,0.247,0.22,0.217,0.215,0.599,0.606,0.519
Jordan,JOR,2014,28613300.0,2246697.0,0.255,0.255,0.246,0.221,0.22,0.217,0.61,0.599,0.606
Jordan,JOR,2015,32766454.0,4153154.0,0.255,0.255,0.255,0.221,0.221,0.22,0.646,0.61,0.599
Jordan,JOR,2016,49897792.0,17131338.0,0.239,0.255,0.255,0.195,0.221,0.221,0.646,0.646,0.61
Jordan,JOR,2017,614471088.0,564573296.0,0.263,0.239,0.255,0.23,0.195,0.221,0.646,0.646,0.646
Jordan,JOR,2018,49679327.0,-564791761.0,0.261,0.263,0.239,0.242,0.23,0.195,0.617,0.646,0.646
Jordan,JOR,2019,39220513.0,-10458814.0,0.26,0.261,0.263,0.24,0.242,0.23,0.617,0.617,0.646
Jordan,JOR,2020,69654702.0,30434189.0,0.258,0.26,0.261,0.24,0.24,0.242,0.637,0.617,0.617
Jordan,JOR,2021,36981522.0,-32673180.0,0.257,0.258,0.26,0.249,0.24,0.24,0.637,0.637,0.617
Jordan,JOR,2022,37824645.0,843123.0,0.256,0.257,0.258,0.244,0.249,0.24,0.619,0.637,0.637
Jordan,JOR,2023,27524024.0,-10300621.0,0.252,0.256,0.257,0.25,0.244,0.249,0.626,0.619,0.637
,JOR,2024,61796923.0,34272899.0,,,,,,,,,
Japan,JPN,2001,0.0,,0.838,0.838,0.837,0.762,0.762,0.757,0.733,0.733,0.751
Japan,JPN,2002,0.0,0.0,0.838,0.838,0.838,0.762,0.762,0.762,0.733,0.733,0.733
Japan,JPN,2003,0.0,0.0,0.838,0.838,0.838,0.762,0.762,0.762,0.733,0.733,0.733
Japan,JPN,2004,0.0,0.0,0.838,0.838,0.838,0.763,0.762,0.762,0.733,0.733,0.733
Japan,JPN,2005,0.0,0.0,0.841,0.838,0.838,0.766,0.763,0.762,0.751,0.733,0.733
Japan,JPN,2006,0.0,0.0,0.849,0.841,0.838,0.773,0.766,0.763,0.751,0.751,0.733
Japan,JPN,2007,0.0,0.0,0.849,0.849,0.841,0.773,0.773,0.766,0.751,0.751,0.751
Japan,JPN,2008,0.0,0.0,0.846,0.849,0.849,0.772,0.773,0.773,0.751,0.751,0.751
Japan,JPN,2009,0.0,0.0,0.854,0.846,0.849,0.779,0.772,0.773,0.746,0.751,0.751
Japan,JPN,2010,0.0,0.0,0.852,0.854,0.846,0.778,0.779,0.772,0.746,0.746,0.751
Japan,JPN,2011,0.0,0.0,0.852,0.852,0.854,0.778,0.778,0.779,0.746,0.746,0.746
Japan,JPN,2012,0.0,0.0,0.848,0.852,0.852,0.774,0.778,0.778,0.756,0.746,0.746
Japan,JPN,2013,0.0,0.0,0.815,0.848,0.852,0.741,0.774,0.778,0.744,0.756,0.746
Japan,JPN,2014,0.0,0.0,0.815,0.815,0.848,0.739,0.741,0.774,0.744,0.744,0.756
Japan,JPN,2015,0.0,0.0,0.817,0.815,0.815,0.74,0.739,0.741,0.703,0.744,0.744
Japan,JPN,2016,0.0,0.0,0.817,0.817,0.815,0.74,0.74,0.739,0.703,0.703,0.744
Japan,JPN,2017,0.0,0.0,0.821,0.817,0.817,0.744,0.74,0.74,0.727,0.703,0.703
Japan,JPN,2018,0.0,0.0,0.832,0.821,0.817,0.755,0.744,0.74,0.706,0.727,0.703
Japan,JPN,2019,0.0,0.0,0.83,0.832,0.821,0.753,0.755,0.744,0.708,0.706,0.727
Japan,JPN,2020,0.0,0.0,0.831,0.83,0.832,0.742,0.753,0.755,0.695,0.708,0.706
Japan,JPN,2021,0.0,0.0,0.824,0.831,0.83,0.736,0.742,0.753,0.687,0.695,0.708
Japan,JPN,2022,0.0,0.0,0.823,0.824,0.831,0.738,0.736,0.742,0.693,0.687,0.695
Japan,JPN,2023,0.0,0.0,0.826,0.823,0.824,0.745,0.738,0.736,0.692,0.693,0.687
Kazakhstan,KAZ,2001,13089103.0,,0.255,0.27,0.268,0.125,0.129,0.128,0.387,0.387,0.44
Kazakhstan,KAZ,2002,20354723.0,7265620.0,0.252,0.255,0.27,0.125,0.125,0.129,0.387,0.387,0.387
Kazakhstan,KAZ,2003,13718812.0,-6635911.0,0.247,0.252,0.255,0.121,0.125,0.125,0.387,0.387,0.387
Kazakhstan,KAZ,2004,14358182.0,639370.0,0.246,0.247,0.252,0.122,0.121,0.125,0.387,0.387,0.387
Kazakhstan,KAZ,2005,14861972.0,503790.0,0.239,0.246,0.247,0.12,0.122,0.121,0.387,0.387,0.387
Kazakhstan,KAZ,2006,5946912.0,-8915060.0,0.242,0.239,0.246,0.121,0.12,0.122,0.387,0.387,0.387
Kazakhstan,KAZ,2007,11690696.0,5743784.0,0.24,0.242,0.239,0.122,0.121,0.12,0.378,0.387,0.387
Kazakhstan,KAZ,2008,9395131.0,-2295565.0,0.241,0.24,0.242,0.122,0.122,0.121,0.378,0.378,0.387
Kazakhstan,KAZ,2009,14250027.0,4854896.0,0.242,0.241,0.24,0.122,0.122,0.122,0.378,0.378,0.378
Kazakhstan,KAZ,2010,7461507.0,-6788520.0,0.236,0.242,0.241,0.12,0.122,0.122,0.373,0.378,0.378
Kazakhstan,KAZ,2011,5046114.0,-2415393.0,0.233,0.236,0.242,0.119,0.12,0.122,0.373,0.373,0.378
Kazakhstan,KAZ,2012,8871098.0,3824984.0,0.232,0.233,0.236,0.113,0.119,0.12,0.373,0.373,0.373
Kazakhstan,KAZ,2013,6323517.0,-2547581.0,0.229,0.232,0.233,0.109,0.113,0.119,0.373,0.373,0.373
Kazakhstan,KAZ,2014,8128258.0,1804741.0,0.23,0.229,0.232,0.11,0.109,0.113,0.373,0.373,0.373
Kazakhstan,KAZ,2015,5682884.0,-2445374.0,0.234,0.23,0.229,0.11,0.11,0.109,0.373,0.373,0.373
Kazakhstan,KAZ,2016,3497025.0,-2185859.0,0.242,0.234,0.23,0.114,0.11,0.11,0.405,0.373,0.373
Kazakhstan,KAZ,2017,2882171.0,-614854.0,0.235,0.242,0.234,0.112,0.114,0.11,0.352,0.405,0.373
Kazakhstan,KAZ,2018,3057116.0,174945.0,0.232,0.235,0.242,0.108,0.112,0.114,0.38,0.352,0.405
Kazakhstan,KAZ,2019,5624026.0,2566910.0,0.236,0.232,0.235,0.113,0.108,0.112,0.38,0.38,0.352
Kazakhstan,KAZ,2020,8586236.0,2962210.0,0.241,0.236,0.232,0.117,0.113,0.108,0.434,0.38,0.38
Kazakhstan,KAZ,2021,5129235.0,-3457001.0,0.253,0.241,0.236,0.121,0.117,0.113,0.444,0.434,0.38
Kazakhstan,KAZ,2022,4353288.0,-775947.0,0.265,0.253,0.241,0.134,0.121,0.117,0.444,0.444,0.434
Kazakhstan,KAZ,2023,5736794.0,1383506.0,0.269,0.265,0.253,0.139,0.134,0.121,0.469,0.444,0.444
,KAZ,2024,4505851.0,-1230943.0,,,,,,,,,
Kenya,KEN,2001,6871644.0,,0.376,0.374,0.363,0.254,0.253,0.225,0.765,0.765,0.758
Kenya,KEN,2002,11690276.0,4818632.0,0.419,0.376,0.374,0.291,0.254,0.253,0.78,0.765,0.765
Kenya,KEN,2003,3555812.0,-8134464.0,0.51,0.419,0.376,0.355,0.291,0.254,0.864,0.78,0.765
Kenya,KEN,2004,8848972.0,5293160.0,0.51,0.51,0.419,0.355,0.355,0.291,0.864,0.864,0.78
Kenya,KEN,2005,7321662.0,-1527310.0,0.51,0.51,0.51,0.358,0.355,0.355,0.864,0.864,0.864
Kenya,KEN,2006,10220018.0,2898356.0,0.51,0.51,0.51,0.358,0.358,0.355,0.864,0.864,0.864
Kenya,KEN,2007,12973579.0,2753561.0,0.511,0.51,0.51,0.356,0.358,0.358,0.864,0.864,0.864
Kenya,KEN,2008,16849566.0,3875987.0,0.415,0.511,0.51,0.305,0.356,0.358,0.864,0.864,0.864
Kenya,KEN,2009,17003700.0,154134.0,0.416,0.415,0.511,0.305,0.305,0.356,0.864,0.864,0.864
Kenya,KEN,2010,31907261.0,14903561.0,0.427,0.416,0.415,0.361,0.305,0.305,0.89,0.864,0.864
Kenya,KEN,2011,18428150.0,-13479111.0,0.428,0.427,0.416,0.362,0.361,0.305,0.89,0.89,0.864
Kenya,KEN,2012,31939406.0,13511256.0,0.425,0.428,0.427,0.358,0.362,0.361,0.89,0.89,0.89
Kenya,KEN,2013,29688043.0,-2251363.0,0.524,0.425,0.428,0.413,0.358,0.362,0.872,0.89,0.89
Kenya,KEN,2014,27886951.0,-1801092.0,0.539,0.524,0.425,0.426,0.413,0.358,0.872,0.872,0.89
Kenya,KEN,2015,27307048.0,-579903.0,0.539,0.539,0.524,0.426,0.426,0.413,0.872,0.872,0.872
Kenya,KEN,2016,22347306.0,-4959742.0,0.534,0.539,0.539,0.421,0.426,0.426,0.875,0.872,0.872
Kenya,KEN,2017,27102267.0,4754961.0,0.512,0.534,0.539,0.408,0.421,0.426,0.894,0.875,0.872
Kenya,KEN,2018,26539000.0,-563267.0,0.496,0.512,0.534,0.394,0.408,0.421,0.862,0.894,0.875
Kenya,KEN,2019,32347119.0,5808119.0,0.501,0.496,0.512,0.402,0.394,0.408,0.839,0.862,0.894
Kenya,KEN,2020,22611306.0,-9735813.0,0.503,0.501,0.496,0.404,0.402,0.394,0.869,0.839,0.862
Kenya,KEN,2021,13786464.0,-8824842.0,0.507,0.503,0.501,0.423,0.404,0.402,0.855,0.869,0.839
Kenya,KEN,2022,14123354.0,336890.0,0.55,0.507,0.503,0.45,0.423,0.404,0.889,0.855,0.869
Kenya,KEN,2023,9119910.0,-5003444.0,0.57,0.55,0.507,0.463,0.45,0.423,0.852,0.889,0.855
,KEN,2024,31221518.0,22101608.0,,,,,,,,,
Kyrgyzstan,KGZ,2001,30909605.0,,0.285,0.287,0.286,0.171,0.174,0.177,0.44,0.442,0.361
Kyrgyzstan,KGZ,2002,17720893.0,-13188712.0,0.282,0.285,0.287,0.17,0.171,0.174,0.44,0.44,0.442
Kyrgyzstan,KGZ,2003,13034713.0,-4686180.0,0.282,0.282,0.285,0.168,0.17,0.171,0.44,0.44,0.44
Kyrgyzstan,KGZ,2004,14140200.0,1105487.0,0.282,0.282,0.282,0.168,0.168,0.17,0.44,0.44,0.44
Kyrgyzstan,KGZ,2005,16338120.0,2197920.0,0.319,0.282,0.282,0.19,0.168,0.168,0.44,0.44,0.44
Kyrgyzstan,KGZ,2006,6002960.0,-10335160.0,0.331,0.319,0.282,0.198,0.19,0.168,0.428,0.44,0.44
Kyrgyzstan,KGZ,2007,18854584.0,12851624.0,0.317,0.331,0.319,0.181,0.198,0.19,0.405,0.428,0.44
Kyrgyzstan,KGZ,2008,25461553.0,6606969.0,0.306,0.317,0.331,0.169,0.181,0.198,0.398,0.405,0.428
Kyrgyzstan,KGZ,2009,18252796.0,-7208757.0,0.294,0.306,0.317,0.165,0.169,0.181,0.394,0.398,0.405
Kyrgyzstan,KGZ,2010,23180360.0,4927564.0,0.381,0.294,0.306,0.26,0.165,0.169,0.596,0.394,0.398
Kyrgyzstan,KGZ,2011,14767676.0,-8412684.0,0.473,0.381,0.294,0.333,0.26,0.165,0.664,0.596,0.394
Kyrgyzstan,KGZ,2012,24564412.0,9796736.0,0.467,0.473,0.381,0.328,0.333,0.26,0.679,0.664,0.596
Kyrgyzstan,KGZ,2013,13954165.0,-10610247.0,0.447,0.467,0.473,0.316,0.328,0.333,0.645,0.679,0.664
Kyrgyzstan,KGZ,2014,26643251.0,12689086.0,0.446,0.447,0.467,0.314,0.316,0.328,0.645,0.645,0.679
Kyrgyzstan,KGZ,2015,41085720.0,14442469.0,0.455,0.446,0.447,0.317,0.314,0.316,0.625,0.645,0.645
Kyrgyzstan,KGZ,2016,15646972.0,-25438748.0,0.447,0.455,0.446,0.303,0.317,0.314,0.62,0.625,0.645
Kyrgyzstan,KGZ,2017,17573655.0,1926683.0,0.449,0.447,0.455,0.303,0.303,0.317,0.607,0.62,0.625
Kyrgyzstan,KGZ,2018,16607521.0,-966134.0,0.467,0.449,0.447,0.327,0.303,0.303,0.562,0.607,0.62
Kyrgyzstan,KGZ,2019,16179061.0,-428460.0,0.441,0.467,0.449,0.309,0.327,0.303,0.515,0.562,0.607
Kyrgyzstan,KGZ,2020,19399259.0,3220198.0,0.385,0.441,0.467,0.255,0.309,0.327,0.511,0.515,0.562
Kyrgyzstan,KGZ,2021,17965847.0,-1433412.0,0.41,0.385,0.441,0.256,0.255,0.309,0.477,0.511,0.515
Kyrgyzstan,KGZ,2022,14642574.0,-3323273.0,0.38,0.41,0.385,0.237,0.256,0.255,0.467,0.477,0.511
Kyrgyzstan,KGZ,2023,14014864.0,-627710.0,0.348,0.38,0.41,0.197,0.237,0.256,0.401,0.467,0.477
,KGZ,2024,16695001.0,2680137.0,,,,,,,,,
Cambodia,KHM,2001,14620932.0,,0.317,0.318,0.321,0.126,0.124,0.125,0.477,0.477,0.477
Cambodia,KHM,2002,23324286.0,8703354.0,0.317,0.317,0.318,0.124,0.126,0.124,0.477,0.477,0.477
Cambodia,KHM,2003,21865287.0,-1458999.0,0.321,0.317,0.317,0.126,0.124,0.126,0.477,0.477,0.477
Cambodia,KHM,2004,34533505.0,12668218.0,0.324,0.321,0.317,0.126,0.126,0.124,0.477,0.477,0.477
Cambodia,KHM,2005,27543105.0,-6990400.0,0.32,0.324,0.321,0.123,0.126,0.126,0.477,0.477,0.477
Cambodia,KHM,2006,30546828.0,3003723.0,0.32,0.32,0.324,0.123,0.123,0.126,0.477,0.477,0.477
Cambodia,KHM,2007,27474387.0,-3072441.0,0.319,0.32,0.32,0.123,0.123,0.123,0.477,0.477,0.477
Cambodia,KHM,2008,16571624.0,-10902763.0,0.316,0.319,0.32,0.121,0.123,0.123,0.477,0.477,0.477
Cambodia,KHM,2009,19751301.0,3179677.0,0.308,0.316,0.319,0.118,0.121,0.123,0.477,0.477,0.477
Cambodia,KHM,2010,11858921.0,-7892380.0,0.308,0.308,0.316,0.118,0.118,0.121,0.477,0.477,0.477
Cambodia,KHM,2011,1960013.0,-9898908.0,0.308,0.308,0.308,0.118,0.118,0.118,0.477,0.477,0.477
Cambodia,KHM,2012,20059642.0,18099629.0,0.305,0.308,0.308,0.118,0.118,0.118,0.468,0.477,0.477
Cambodia,KHM,2013,3731011.0,-16328631.0,0.297,0.305,0.308,0.114,0.118,0.118,0.44,0.468,0.477
Cambodia,KHM,2014,16973859.0,13242848.0,0.293,0.297,0.305,0.114,0.114,0.118,0.44,0.44,0.468
Cambodia,KHM,2015,8084057.0,-8889802.0,0.291,0.293,0.297,0.115,0.114,0.114,0.394,0.44,0.44
Cambodia,KHM,2016,12115189.0,4031132.0,0.275,0.291,0.293,0.103,0.115,0.114,0.365,0.394,0.44
Cambodia,KHM,2017,20134659.0,8019470.0,0.234,0.275,0.291,0.078,0.103,0.115,0.396,0.365,0.394
Cambodia,KHM,2018,33951055.0,13816396.0,0.211,0.234,0.275,0.07,0.078,0.103,0.375,0.396,0.365
Cambodia,KHM,2019,21980308.0,-11970747.0,0.194,0.211,0.234,0.066,0.07,0.078,0.375,0.375,0.396
Cambodia,KHM,2020,24151487.0,2171179.0,0.191,0.194,0.211,0.063,0.066,0.07,0.43,0.375,0.375
Cambodia,KHM,2021,33006710.0,8855223.0,0.19,0.191,0.194,0.059,0.063,0.066,0.355,0.43,0.375
Cambodia,KHM,2022,26626732.0,-6379978.0,0.199,0.19,0.191,0.059,0.059,0.063,0.3,0.355,0.43
Cambodia,KHM,2023,30725263.0,4098531.0,0.189,0.199,0.19,0.052,0.059,0.059,0.3,0.3,0.355
,KHM,2024,22694097.0,-8031166.0,,,,,,,,,
,KIR,2021,11469.0,,,,,,,,,,
,KIR,2022,248490.0,237021.0,,,,,,,,,
,KIR,2023,185864.0,-62626.0,,,,,,,,,
,KIR,2024,-10000.0,-195864.0,,,,,,,,,
South Korea,KOR,2001,0.0,,0.833,0.829,0.811,0.757,0.753,0.736,0.907,0.907,0.9
South Korea,KOR,2002,0.0,0.0,0.833,0.833,0.829,0.761,0.757,0.753,0.906,0.907,0.907
South Korea,KOR,2003,0.0,0.0,0.835,0.833,0.833,0.761,0.761,0.757,0.906,0.906,0.907
South Korea,KOR,2004,0.0,0.0,0.834,0.835,0.833,0.761,0.761,0.761,0.924,0.906,0.906
South Korea,KOR,2005,0.0,0.0,0.834,0.834,0.835,0.762,0.761,0.761,0.924,0.924,0.906
South Korea,KOR,2006,0.0,0.0,0.834,0.834,0.834,0.762,0.762,0.761,0.924,0.924,0.924
South Korea,KOR,2007,0.0,0.0,0.834,0.834,0.834,0.759,0.762,0.762,0.924,0.924,0.924
South Korea,KOR,2008,0.0,0.0,0.759,0.834,0.834,0.661,0.759,0.762,0.859,0.924,0.924
South Korea,KOR,2009,0.0,0.0,0.759,0.759,0.834,0.662,0.661,0.759,0.859,0.859,0.924
South Korea,KOR,2010,0.0,0.0,0.762,0.759,0.759,0.665,0.662,0.661,0.849,0.859,0.859
South Korea,KOR,2011,0.0,0.0,0.762,0.762,0.759,0.665,0.665,0.662,0.849,0.849,0.859
South Korea,KOR,2012,0.0,0.0,0.753,0.762,0.762,0.658,0.665,0.665,0.849,0.849,0.849
South Korea,KOR,2013,0.0,0.0,0.716,0.753,0.762,0.609,0.658,0.665,0.798,0.849,0.849
South Korea,KOR,2014,0.0,0.0,0.705,0.716,0.753,0.6,0.609,0.658,0.798,0.798,0.849
South Korea,KOR,2015,0.0,0.0,0.705,0.705,0.716,0.599,0.6,0.609,0.78,0.798,0.798
South Korea,KOR,2016,0.0,0.0,0.718,0.705,0.705,0.62,0.599,0.6,0.766,0.78,0.798
South Korea,KOR,2017,0.0,0.0,0.852,0.718,0.705,0.791,0.62,0.599,0.882,0.766,0.78
South Korea,KOR,2018,0.0,0.0,0.857,0.852,0.718,0.794,0.791,0.62,0.881,0.882,0.766
South Korea,KOR,2019,0.0,0.0,0.842,0.857,0.852,0.777,0.794,0.791,0.826,0.881,0.882
South Korea,KOR,2020,0.0,0.0,0.85,0.842,0.857,0.782,0.777,0.794,0.854,0.826,0.881
South Korea,KOR,2021,0.0,0.0,0.852,0.85,0.842,0.775,0.782,0.777,0.854,0.854,0.826
South Korea,KOR,2022,0.0,0.0,0.802,0.852,0.85,0.718,0.775,0.782,0.804,0.854,0.854
South Korea,KOR,2023,0.0,0.0,0.722,0.802,0.852,0.62,0.718,0.775,0.804,0.804,0.854
Kuwait,KWT,2001,0.0,,0.266,0.282,0.284,0.259,0.267,0.269,0.545,0.545,0.545
Kuwait,KWT,2002,0.0,0.0,0.278,0.266,0.282,0.263,0.259,0.267,0.545,0.545,0.545
Kuwait,KWT,2003,0.0,0.0,0.282,0.278,0.266,0.265,0.263,0.259,0.545,0.545,0.545
Kuwait,KWT,2004,0.0,0.0,0.282,0.282,0.278,0.265,0.265,0.263,0.545,0.545,0.545
Kuwait,KWT,2005,407820.0,407820.0,0.326,0.282,0.282,0.287,0.265,0.265,0.545,0.545,0.545
Kuwait,KWT,2006,268295.0,-139525.0,0.326,0.326,0.282,0.288,0.287,0.265,0.545,0.545,0.545
Kuwait,KWT,2007,384407.0,116112.0,0.323,0.326,0.326,0.286,0.288,0.287,0.546,0.545,0.545
Kuwait,KWT,2008,0.0,-384407.0,0.324,0.323,0.326,0.287,0.286,0.288,0.546,0.546,0.545
Kuwait,KWT,2009,0.0,0.0,0.324,0.324,0.323,0.286,0.287,0.286,0.546,0.546,0.546
Kuwait,KWT,2010,0.0,0.0,0.32,0.324,0.324,0.284,0.286,0.287,0.546,0.546,0.546
Kuwait,KWT,2011,0.0,0.0,0.319,0.32,0.324,0.282,0.284,0.286,0.546,0.546,0.546
Kuwait,KWT,2012,290049.0,290049.0,0.31,0.319,0.32,0.279,0.282,0.284,0.597,0.546,0.546
Kuwait,KWT,2013,0.0,-290049.0,0.311,0.31,0.319,0.278,0.279,0.282,0.618,0.597,0.546
Kuwait,KWT,2014,0.0,0.0,0.315,0.311,0.31,0.279,0.278,0.279,0.618,0.618,0.597
Kuwait,KWT,2015,0.0,0.0,0.311,0.315,0.311,0.278,0.279,0.278,0.618,0.618,0.618
Kuwait,KWT,2016,64862.0,64862.0,0.311,0.311,0.315,0.281,0.278,0.279,0.618,0.618,0.618
Kuwait,KWT,2017,0.0,-64862.0,0.326,0.311,0.311,0.288,0.281,0.278,0.504,0.618,0.618
Kuwait,KWT,2018,305882.0,305882.0,0.32,0.326,0.311,0.286,0.288,0.281,0.463,0.504,0.618
Kuwait,KWT,2019,0.0,-305882.0,0.323,0.32,0.326,0.288,0.286,0.288,0.543,0.463,0.504
Kuwait,KWT,2020,0.0,0.0,0.317,0.323,0.32,0.282,0.288,0.286,0.543,0.543,0.463
Kuwait,KWT,2021,227312.0,227312.0,0.301,0.317,0.323,0.274,0.282,0.288,0.466,0.543,0.543
Kuwait,KWT,2022,214234.0,-13078.0,0.298,0.301,0.317,0.281,0.274,0.282,0.569,0.466,0.543
Kuwait,KWT,2023,-5666.0,-219900.0,0.314,0.298,0.301,0.294,0.281,0.274,0.569,0.569,0.466
,LAN,2002,138936.0,,,,,,,,,,
,LAN,2004,52489.0,-86447.0,,,,,,,,,
,LAN,2006,65583.0,13094.0,,,,,,,,,
,LAN,2008,3667481.0,3601898.0,,,,,,,,,
,LAN,2009,1790004.0,-1877477.0,,,,,,,,,
,LAN,2010,-302475.0,-2092479.0,,,,,,,,,
,LAN,2018,856476.0,1158951.0,,,,,,,,,
Laos,LAO,2001,7063251.0,,0.087,0.087,0.087,0.088,0.088,0.088,0.084,0.084,0.084
Laos,LAO,2002,7611594.0,548343.0,0.09,0.087,0.087,0.089,0.088,0.088,0.084,0.084,0.084
Laos,LAO,2003,4061242.0,-3550352.0,0.09,0.09,0.087,0.089,0.089,0.088,0.084,0.084,0.084
Laos,LAO,2004,3130511.0,-930731.0,0.09,0.09,0.09,0.089,0.089,0.089,0.095,0.084,0.084
Laos,LAO,2005,3252047.0,121536.0,0.09,0.09,0.09,0.089,0.089,0.089,0.095,0.095,0.084
Laos,LAO,2006,0.0,-3252047.0,0.09,0.09,0.09,0.088,0.089,0.089,0.095,0.095,0.095
Laos,LAO,2007,1129300.0,1129300.0,0.089,0.09,0.09,0.088,0.088,0.089,0.095,0.095,0.095
Laos,LAO,2008,1826781.0,697481.0,0.09,0.089,0.09,0.088,0.088,0.088,0.095,0.095,0.095
Laos,LAO,2009,2109452.0,282671.0,0.09,0.09,0.089,0.088,0.088,0.088,0.104,0.095,0.095
Laos,LAO,2010,1309984.0,-799468.0,0.092,0.09,0.09,0.089,0.088,0.088,0.183,0.104,0.095
Laos,LAO,2011,785149.0,-524835.0,0.09,0.092,0.09,0.089,0.089,0.088,0.183,0.183,0.104
Laos,LAO,2012,2426642.0,1641493.0,0.09,0.09,0.092,0.089,0.089,0.089,0.183,0.183,0.183
Laos,LAO,2013,753125.0,-1673517.0,0.091,0.09,0.09,0.09,0.089,0.089,0.154,0.183,0.183
Laos,LAO,2014,3508220.0,2755095.0,0.091,0.091,0.09,0.09,0.09,0.089,0.154,0.154,0.183
Laos,LAO,2015,1830902.0,-1677318.0,0.09,0.091,0.091,0.089,0.09,0.09,0.154,0.154,0.154
Laos,LAO,2016,0.0,-1830902.0,0.093,0.09,0.091,0.088,0.089,0.09,0.154,0.154,0.154
Laos,LAO,2017,1268584.0,1268584.0,0.124,0.093,0.09,0.093,0.088,0.089,0.165,0.154,0.154
Laos,LAO,2018,10695430.0,9426846.0,0.125,0.124,0.093,0.09,0.093,0.088,0.215,0.165,0.154
Laos,LAO,2019,8170575.0,-2524855.0,0.127,0.125,0.124,0.109,0.09,0.093,0.216,0.215,0.165
Laos,LAO,2020,9524962.0,1354387.0,0.126,0.127,0.125,0.094,0.109,0.09,0.235,0.216,0.215
Laos,LAO,2021,12271884.0,2746922.0,0.135,0.126,0.127,0.104,0.094,0.109,0.288,0.235,0.216
Laos,LAO,2022,12846083.0,574199.0,0.134,0.135,0.126,0.113,0.104,0.094,0.231,0.288,0.235
Laos,LAO,2023,9426147.0,-3419936.0,0.132,0.134,0.135,0.106,0.113,0.104,0.231,0.231,0.288
,LAO,2024,12459031.0,3032884.0,,,,,,,,,
Lebanon,LBN,2001,5078479.0,,0.354,0.323,0.312,0.207,0.194,0.188,0.497,0.497,0.497
Lebanon,LBN,2002,5617241.0,538762.0,0.351,0.354,0.323,0.206,0.207,0.194,0.497,0.497,0.497
Lebanon,LBN,2003,20587332.0,14970091.0,0.351,0.351,0.354,0.206,0.206,0.207,0.497,0.497,0.497
Lebanon,LBN,2004,7155913.0,-13431419.0,0.355,0.351,0.351,0.207,0.206,0.206,0.497,0.497,0.497
Lebanon,LBN,2005,11285882.0,4129969.0,0.402,0.355,0.351,0.232,0.207,0.206,0.708,0.497,0.497
Lebanon,LBN,2006,22845832.0,11559950.0,0.441,0.402,0.355,0.255,0.232,0.207,0.738,0.708,0.497
Lebanon,LBN,2007,12818579.0,-10027253.0,0.442,0.441,0.402,0.258,0.255,0.232,0.71,0.738,0.708
Lebanon,LBN,2008,76396591.0,63578012.0,0.443,0.442,0.441,0.259,0.258,0.255,0.722,0.71,0.738
Lebanon,LBN,2009,19853680.0,-56542911.0,0.467,0.443,0.442,0.273,0.259,0.258,0.758,0.722,0.71
Lebanon,LBN,2010,27935669.0,8081989.0,0.466,0.467,0.443,0.271,0.273,0.259,0.753,0.758,0.722
Lebanon,LBN,2011,47184081.0,19248412.0,0.479,0.466,0.467,0.277,0.271,0.273,0.753,0.753,0.758
Lebanon,LBN,2012,60052378.0,12868297.0,0.477,0.479,0.466,0.282,0.277,0.271,0.759,0.753,0.753
Lebanon,LBN,2013,20800313.0,-39252065.0,0.486,0.477,0.479,0.301,0.282,0.277,0.805,0.759,0.753
Lebanon,LBN,2014,24409805.0,3609492.0,0.486,0.486,0.477,0.302,0.301,0.282,0.8,0.805,0.759
Lebanon,LBN,2015,33554191.0,9144386.0,0.48,0.486,0.486,0.295,0.302,0.301,0.803,0.8,0.805
Lebanon,LBN,2016,7462450.0,-26091741.0,0.479,0.48,0.486,0.296,0.295,0.302,0.769,0.803,0.8
Lebanon,LBN,2017,26184384.0,18721934.0,0.47,0.479,0.48,0.294,0.296,0.295,0.777,0.769,0.803
Lebanon,LBN,2018,58135228.0,31950844.0,0.44,0.47,0.479,0.282,0.294,0.296,0.759,0.777,0.769
Lebanon,LBN,2019,45447631.0,-12687597.0,0.429,0.44,0.47,0.276,0.282,0.294,0.778,0.759,0.777
Lebanon,LBN,2020,58705483.0,13257852.0,0.436,0.429,0.44,0.274,0.276,0.282,0.791,0.778,0.759
Lebanon,LBN,2021,23610531.0,-35094952.0,0.433,0.436,0.429,0.262,0.274,0.276,0.754,0.791,0.778
Lebanon,LBN,2022,10644717.0,-12965814.0,0.405,0.433,0.436,0.25,0.262,0.274,0.8,0.754,0.791
Lebanon,LBN,2023,18423378.0,7778661.0,0.361,0.405,0.433,0.234,0.25,0.262,0.829,0.8,0.754
,LBN,2024,13260275.0,-5163103.0,,,,,,,,,
Liberia,LBR,2001,1791469.0,,0.343,0.346,0.346,0.16,0.161,0.159,0.587,0.587,0.587
Liberia,LBR,2002,2711433.0,919964.0,0.343,0.343,0.346,0.158,0.16,0.161,0.587,0.587,0.587
Liberia,LBR,2003,2404105.0,-307328.0,0.303,0.343,0.343,0.149,0.158,0.16,0.587,0.587,0.587
Liberia,LBR,2004,8190133.0,5786028.0,0.239,0.303,0.343,0.244,0.149,0.158,0.826,0.587,0.587
Liberia,LBR,2005,1960894.0,-6229239.0,0.276,0.239,0.303,0.267,0.244,0.149,0.886,0.826,0.587
Liberia,LBR,2006,18624973.0,16664079.0,0.643,0.276,0.239,0.498,0.267,0.244,0.922,0.886,0.826
Liberia,LBR,2007,30105697.0,11480724.0,0.655,0.643,0.276,0.506,0.498,0.267,0.922,0.922,0.886
Liberia,LBR,2008,22512029.0,-7593668.0,0.655,0.655,0.643,0.506,0.506,0.498,0.922,0.922,0.922
Liberia,LBR,2009,44460019.0,21947990.0,0.657,0.655,0.655,0.507,0.506,0.506,0.922,0.922,0.922
Liberia,LBR,2010,39010005.0,-5450014.0,0.649,0.657,0.655,0.489,0.507,0.506,0.922,0.922,0.922
Liberia,LBR,2011,73672577.0,34662572.0,0.646,0.649,0.657,0.487,0.489,0.507,0.922,0.922,0.922
Liberia,LBR,2012,57850453.0,-15822124.0,0.64,0.646,0.649,0.482,0.487,0.489,0.922,0.922,0.922
Liberia,LBR,2013,35900706.0,-21949747.0,0.618,0.64,0.646,0.456,0.482,0.487,0.928,0.922,0.922
Liberia,LBR,2014,58916950.0,23016244.0,0.611,0.618,0.64,0.45,0.456,0.482,0.928,0.928,0.922
Liberia,LBR,2015,77860756.0,18943806.0,0.611,0.611,0.618,0.451,0.45,0.456,0.928,0.928,0.928
Liberia,LBR,2016,46253361.0,-31607395.0,0.615,0.611,0.611,0.452,0.451,0.45,0.928,0.928,0.928
Liberia,LBR,2017,32780148.0,-13473213.0,0.62,0.615,0.611,0.459,0.452,0.451,0.919,0.928,0.928
Liberia,LBR,2018,38545524.0,5765376.0,0.621,0.62,0.615,0.425,0.459,0.452,0.924,0.919,0.928
Liberia,LBR,2019,43246814.0,4701290.0,0.623,0.621,0.62,0.412,0.425,0.459,0.899,0.924,0.919
Liberia,LBR,2020,13519849.0,-29726965.0,0.633,0.623,0.621,0.419,0.412,0.425,0.899,0.899,0.924
Liberia,LBR,2021,21357670.0,7837821.0,0.616,0.633,0.623,0.408,0.419,0.412,0.899,0.899,0.899
Liberia,LBR,2022,12356591.0,-9001079.0,0.618,0.616,0.633,0.409,0.408,0.419,0.899,0.899,0.899
Liberia,LBR,2023,23278432.0,10921841.0,0.624,0.618,0.616,0.421,0.409,0.408,0.899,0.899,0.899
,LBR,2024,17363256.0,-5915176.0,,,,,,,,,
Libya,LBY,2001,0.0,,0.072,0.072,0.072,0.048,0.048,0.048,0.049,0.049,0.049
Libya,LBY,2002,0.0,0.0,0.072,0.072,0.072,0.048,0.048,0.048,0.049,0.049,0.049
Libya,LBY,2003,0.0,0.0,0.072,0.072,0.072,0.045,0.048,0.048,0.049,0.049,0.049
Libya,LBY,2004,63431.0,63431.0,0.072,0.072,0.072,0.045,0.045,0.048,0.049,0.049,0.049
Libya,LBY,2005,126193.0,62762.0,0.072,0.072,0.072,0.045,0.045,0.045,0.049,0.049,0.049
Libya,LBY,2006,165448.0,39255.0,0.072,0.072,0.072,0.045,0.045,0.045,0.049,0.049,0.049
Libya,LBY,2007,243699.0,78251.0,0.072,0.072,0.072,0.045,0.045,0.045,0.049,0.049,0.049
Libya,LBY,2008,284218.0,40519.0,0.072,0.072,0.072,0.045,0.045,0.045,0.049,0.049,0.049
Libya,LBY,2009,276699.0,-7519.0,0.071,0.072,0.072,0.044,0.045,0.045,0.037,0.049,0.049
Libya,LBY,2010,256472.0,-20227.0,0.071,0.071,0.072,0.045,0.044,0.045,0.036,0.037,0.049
Libya,LBY,2011,648045.0,391573.0,0.175,0.071,0.071,0.061,0.045,0.044,0.461,0.036,0.037
Libya,LBY,2012,7123642.0,6475597.0,0.329,0.175,0.071,0.21,0.061,0.045,0.704,0.461,0.036
Libya,LBY,2013,5882235.0,-1241407.0,0.54,0.329,0.175,0.3,0.21,0.061,0.731,0.704,0.461
Libya,LBY,2014,24463516.0,18581281.0,0.28,0.54,0.329,0.175,0.3,0.21,0.576,0.731,0.704
Libya,LBY,2015,8753721.0,-15709795.0,0.285,0.28,0.54,0.172,0.175,0.3,0.591,0.576,0.731
Libya,LBY,2016,5234778.0,-3518943.0,0.285,0.285,0.28,0.17,0.172,0.175,0.593,0.591,0.576
Libya,LBY,2017,27483208.0,22248430.0,0.273,0.285,0.285,0.167,0.17,0.172,0.534,0.593,0.591
Libya,LBY,2018,93183920.0,65700712.0,0.268,0.273,0.285,0.153,0.167,0.17,0.515,0.534,0.593
Libya,LBY,2019,24011226.0,-69172694.0,0.263,0.268,0.273,0.148,0.153,0.167,0.515,0.515,0.534
Libya,LBY,2020,16960357.0,-7050869.0,0.266,0.263,0.268,0.145,0.148,0.153,0.515,0.515,0.515
Libya,LBY,2021,25238219.0,8277862.0,0.216,0.266,0.263,0.129,0.145,0.148,0.618,0.515,0.515
Libya,LBY,2022,12618945.0,-12619274.0,0.206,0.216,0.266,0.108,0.129,0.145,0.624,0.618,0.515
Libya,LBY,2023,25548581.0,12929636.0,0.196,0.206,0.216,0.105,0.108,0.129,0.63,0.624,0.618
,LBY,2024,18405000.0,-7143581.0,,,,,,,,,
,LCN,2001,19834651.0,,,,,,,,,,
,LCN,2002,65524881.0,45690230.0,,,,,,,,,
,LCN,2003,80411332.0,14886451.0,,,,,,,,,
,LCN,2004,47894418.0,-32516914.0,,,,,,,,,
,LCN,2005,53501294.0,5606876.0,,,,,,,,,
,LCN,2006,33870684.0,-19630610.0,,,,,,,,,
,LCN,2007,37784229.0,3913545.0,,,,,,,,,
,LCN,2008,42907730.0,5123501.0,,,,,,,,,
,LCN,2009,15835635.0,-27072095.0,,,,,,,,,
,LCN,2010,12691736.0,-3143899.0,,,,,,,,,
,LCN,2011,8481653.0,-4210083.0,,,,,,,,,
,LCN,2012,13457271.0,4975618.0,,,,,,,,,
,LCN,2013,23036833.0,9579562.0,,,,,,,,,
,LCN,2014,31631293.0,8594460.0,,,,,,,,,
,LCN,2015,33332557.0,1701264.0,,,,,,,,,
,LCN,2016,29452146.0,-3880411.0,,,,,,,,,
,LCN,2017,41100115.0,11647969.0,,,,,,,,,
,LCN,2018,42361109.0,1260994.0,,,,,,,,,
,LCN,2019,44775027.0,2413918.0,,,,,,,,,
,LCN,2020,61304320.0,16529293.0,,,,,,,,,
,LCN,2021,13445427.0,-47858893.0,,,,,,,,,
,LCN,2022,4128127.0,-9317300.0,,,,,,,,,
,LCN,2023,5712267.0,1584140.0,,,,,,,,,
,LCN,2024,6884021.0,1171754.0,,,,,,,,,
Sri Lanka,LKA,2001,5791086.0,,0.496,0.494,0.529,0.319,0.318,0.336,0.783,0.704,0.704
Sri Lanka,LKA,2002,8347918.0,2556832.0,0.529,0.496,0.494,0.34,0.319,0.318,0.783,0.783,0.704
Sri Lanka,LKA,2003,11793327.0,3445409.0,0.529,0.529,0.496,0.34,0.34,0.319,0.783,0.783,0.783
Sri Lanka,LKA,2004,9649313.0,-2144014.0,0.513,0.529,0.529,0.329,0.34,0.34,0.783,0.783,0.783
Sri Lanka,LKA,2005,16172766.0,6523453.0,0.435,0.513,0.529,0.278,0.329,0.34,0.438,0.783,0.783
Sri Lanka,LKA,2006,14855091.0,-1317675.0,0.373,0.435,0.513,0.243,0.278,0.329,0.438,0.438,0.783
Sri Lanka,LKA,2007,8928701.0,-5926390.0,0.373,0.373,0.435,0.24,0.243,0.278,0.408,0.438,0.438
Sri Lanka,LKA,2008,9559962.0,631261.0,0.368,0.373,0.373,0.236,0.24,0.243,0.408,0.408,0.438
Sri Lanka,LKA,2009,2573913.0,-6986049.0,0.366,0.368,0.373,0.233,0.236,0.24,0.408,0.408,0.408
Sri Lanka,LKA,2010,2700476.0,126563.0,0.386,0.366,0.368,0.244,0.233,0.236,0.493,0.408,0.408
Sri Lanka,LKA,2011,10749315.0,8048839.0,0.384,0.386,0.366,0.243,0.244,0.233,0.493,0.493,0.408
Sri Lanka,LKA,2012,5186400.0,-5562915.0,0.39,0.384,0.386,0.246,0.243,0.244,0.493,0.493,0.493
Sri Lanka,LKA,2013,11766938.0,6580538.0,0.418,0.39,0.384,0.268,0.246,0.243,0.579,0.493,0.493
Sri Lanka,LKA,2014,4606539.0,-7160399.0,0.417,0.418,0.39,0.267,0.268,0.246,0.571,0.579,0.493
Sri Lanka,LKA,2015,21488511.0,16881972.0,0.55,0.417,0.418,0.397,0.267,0.268,0.818,0.571,0.579
Sri Lanka,LKA,2016,7898085.0,-13590426.0,0.595,0.55,0.417,0.45,0.397,0.267,0.834,0.818,0.571
Sri Lanka,LKA,2017,20286061.0,12387976.0,0.591,0.595,0.55,0.448,0.45,0.397,0.83,0.834,0.818
Sri Lanka,LKA,2018,24084378.0,3798317.0,0.612,0.591,0.595,0.481,0.448,0.45,0.775,0.83,0.834
Sri Lanka,LKA,2019,49547424.0,25463046.0,0.564,0.612,0.591,0.439,0.481,0.448,0.648,0.775,0.83
Sri Lanka,LKA,2020,45020425.0,-4526999.0,0.579,0.564,0.612,0.379,0.439,0.481,0.554,0.648,0.775
Sri Lanka,LKA,2021,19643005.0,-25377420.0,0.572,0.579,0.564,0.393,0.379,0.439,0.597,0.554,0.648
Sri Lanka,LKA,2022,16914783.0,-2728222.0,0.602,0.572,0.579,0.44,0.393,0.379,0.591,0.597,0.554
Sri Lanka,LKA,2023,11639830.0,-5274953.0,0.585,0.602,0.572,0.426,0.44,0.393,0.66,0.591,0.597
,LKA,2024,31621012.0,19981182.0,,,,,,,,,
Lesotho,LSO,2001,84086.0,,0.315,0.315,0.315,0.259,0.259,0.26,0.705,0.705,0.705
Lesotho,LSO,2002,50598.0,-33488.0,0.496,0.315,0.315,0.377,0.259,0.259,0.705,0.705,0.705
Lesotho,LSO,2003,255046.0,204448.0,0.614,0.496,0.315,0.45,0.377,0.259,0.705,0.705,0.705
Lesotho,LSO,2004,-29999.0,-285045.0,0.614,0.614,0.496,0.449,0.45,0.377,0.705,0.705,0.705
Lesotho,LSO,2005,604999.0,634998.0,0.614,0.614,0.614,0.452,0.449,0.45,0.705,0.705,0.705
Lesotho,LSO,2006,1008472.0,403473.0,0.614,0.614,0.614,0.451,0.452,0.449,0.705,0.705,0.705
Lesotho,LSO,2007,667246.0,-341226.0,0.568,0.614,0.614,0.419,0.451,0.452,0.705,0.705,0.705
Lesotho,LSO,2008,535885.0,-131361.0,0.561,0.568,0.614,0.415,0.419,0.451,0.705,0.705,0.705
Lesotho,LSO,2009,126508.0,-409377.0,0.559,0.561,0.568,0.413,0.415,0.419,0.692,0.705,0.705
Lesotho,LSO,2010,-37452.0,-163960.0,0.566,0.559,0.561,0.425,0.413,0.415,0.69,0.692,0.705
Lesotho,LSO,2011,-483967.0,-446515.0,0.574,0.566,0.559,0.43,0.425,0.413,0.69,0.69,0.692
Lesotho,LSO,2012,613740.0,1097707.0,0.582,0.574,0.566,0.453,0.43,0.425,0.69,0.69,0.69
Lesotho,LSO,2013,263704.0,-350036.0,0.619,0.582,0.574,0.477,0.453,0.43,0.757,0.69,0.69
Lesotho,LSO,2014,195517.0,-68187.0,0.621,0.619,0.582,0.48,0.477,0.453,0.757,0.757,0.69
Lesotho,LSO,2015,801960.0,606443.0,0.597,0.621,0.619,0.445,0.48,0.477,0.757,0.757,0.757
Lesotho,LSO,2016,-55407.0,-857367.0,0.576,0.597,0.621,0.424,0.445,0.48,0.757,0.757,0.757
Lesotho,LSO,2017,-58257.0,-2850.0,0.501,0.576,0.597,0.372,0.424,0.445,0.792,0.757,0.757
Lesotho,LSO,2018,83673.0,141930.0,0.601,0.501,0.576,0.441,0.372,0.424,0.805,0.792,0.757
Lesotho,LSO,2019,851348.0,767675.0,0.621,0.601,0.501,0.488,0.441,0.372,0.775,0.805,0.792
Lesotho,LSO,2020,152930.0,-698418.0,0.627,0.621,0.601,0.505,0.488,0.441,0.785,0.775,0.805
Lesotho,LSO,2021,807548.0,654618.0,0.616,0.627,0.621,0.498,0.505,0.488,0.806,0.785,0.775
Lesotho,LSO,2022,483995.0,-323553.0,0.648,0.616,0.627,0.509,0.498,0.505,0.806,0.806,0.785
Lesotho,LSO,2023,1095682.0,611687.0,0.667,0.648,0.616,0.521,0.509,0.498,0.773,0.806,0.806
,LSO,2024,554907.0,-540775.0,,,,,,,,,
Lithuania,LTU,2001,50452.0,,0.816,0.822,0.827,0.757,0.759,0.756,0.708,0.708,0.642
Lithuania,LTU,2002,0.0,-50452.0,0.816,0.816,0.822,0.757,0.757,0.759,0.734,0.708,0.708
Lithuania,LTU,2003,0.0,0.0,0.814,0.816,0.816,0.752,0.757,0.757,0.734,0.734,0.708
Lithuania,LTU,2004,0.0,0.0,0.819,0.814,0.816,0.759,0.752,0.757,0.734,0.734,0.734
Lithuania,LTU,2005,0.0,0.0,0.822,0.819,0.814,0.762,0.759,0.752,0.734,0.734,0.734
Lithuania,LTU,2006,1107460.0,1107460.0,0.822,0.822,0.819,0.761,0.762,0.759,0.726,0.734,0.734
Lithuania,LTU,2007,0.0,-1107460.0,0.822,0.822,0.822,0.762,0.761,0.762,0.726,0.726,0.734
Lithuania,LTU,2008,0.0,0.0,0.824,0.822,0.822,0.765,0.762,0.761,0.726,0.726,0.726
Lithuania,LTU,2009,0.0,0.0,0.846,0.824,0.822,0.788,0.765,0.762,0.726,0.726,0.726
Lithuania,LTU,2010,0.0,0.0,0.85,0.846,0.824,0.794,0.788,0.765,0.738,0.726,0.726
Lithuania,LTU,2011,0.0,0.0,0.847,0.85,0.846,0.791,0.794,0.788,0.738,0.738,0.726
Lithuania,LTU,2012,0.0,0.0,0.839,0.847,0.85,0.783,0.791,0.794,0.738,0.738,0.738
Lithuania,LTU,2013,0.0,0.0,0.826,0.839,0.847,0.771,0.783,0.791,0.742,0.738,0.738
Lithuania,LTU,2014,0.0,0.0,0.829,0.826,0.839,0.773,0.771,0.783,0.762,0.742,0.738
Lithuania,LTU,2015,30370.0,30370.0,0.836,0.829,0.826,0.78,0.773,0.771,0.792,0.762,0.742
Lithuania,LTU,2016,0.0,-30370.0,0.825,0.836,0.829,0.772,0.78,0.773,0.792,0.792,0.762
Lithuania,LTU,2017,0.0,0.0,0.808,0.825,0.836,0.753,0.772,0.78,0.815,0.792,0.792
Lithuania,LTU,2018,0.0,0.0,0.818,0.808,0.825,0.754,0.753,0.772,0.839,0.815,0.792
Lithuania,LTU,2019,0.0,0.0,0.817,0.818,0.808,0.756,0.754,0.753,0.839,0.839,0.815
Lithuania,LTU,2020,0.0,0.0,0.802,0.817,0.818,0.745,0.756,0.754,0.83,0.839,0.839
Lithuania,LTU,2021,0.0,0.0,0.793,0.802,0.817,0.732,0.745,0.756,0.829,0.83,0.839
Lithuania,LTU,2022,0.0,0.0,0.793,0.793,0.802,0.734,0.732,0.745,0.842,0.829,0.83
Lithuania,LTU,2023,0.0,0.0,0.785,0.793,0.793,0.724,0.734,0.732,0.842,0.842,0.829
Luxembourg,LUX,2001,0.0,,0.869,0.869,0.868,0.787,0.787,0.785,0.944,0.944,0.944
Luxembourg,LUX,2002,0.0,0.0,0.869,0.869,0.869,0.787,0.787,0.787,0.944,0.944,0.944
Luxembourg,LUX,2003,0.0,0.0,0.869,0.869,0.869,0.787,0.787,0.787,0.944,0.944,0.944
Luxembourg,LUX,2004,0.0,0.0,0.869,0.869,0.869,0.787,0.787,0.787,0.944,0.944,0.944
Luxembourg,LUX,2005,0.0,0.0,0.87,0.869,0.869,0.787,0.787,0.787,0.944,0.944,0.944
Luxembourg,LUX,2006,0.0,0.0,0.87,0.87,0.869,0.787,0.787,0.787,0.944,0.944,0.944
Luxembourg,LUX,2007,0.0,0.0,0.87,0.87,0.87,0.787,0.787,0.787,0.944,0.944,0.944
Luxembourg,LUX,2008,0.0,0.0,0.87,0.87,0.87,0.787,0.787,0.787,0.944,0.944,0.944
Luxembourg,LUX,2009,0.0,0.0,0.871,0.87,0.87,0.79,0.787,0.787,0.944,0.944,0.944
Luxembourg,LUX,2010,0.0,0.0,0.872,0.871,0.87,0.792,0.79,0.787,0.944,0.944,0.944
Luxembourg,LUX,2011,0.0,0.0,0.872,0.872,0.871,0.792,0.792,0.79,0.944,0.944,0.944
Luxembourg,LUX,2012,0.0,0.0,0.872,0.872,0.872,0.792,0.792,0.792,0.944,0.944,0.944
Luxembourg,LUX,2013,0.0,0.0,0.873,0.872,0.872,0.792,0.792,0.792,0.944,0.944,0.944
Luxembourg,LUX,2014,0.0,0.0,0.874,0.873,0.872,0.793,0.792,0.792,0.944,0.944,0.944
Luxembourg,LUX,2015,0.0,0.0,0.874,0.874,0.873,0.793,0.793,0.792,0.944,0.944,0.944
Luxembourg,LUX,2016,0.0,0.0,0.874,0.874,0.874,0.793,0.793,0.793,0.944,0.944,0.944
Luxembourg,LUX,2017,0.0,0.0,0.874,0.874,0.874,0.793,0.793,0.793,0.944,0.944,0.944
Luxembourg,LUX,2018,0.0,0.0,0.874,0.874,0.874,0.793,0.793,0.793,0.944,0.944,0.944
Luxembourg,LUX,2019,0.0,0.0,0.872,0.874,0.874,0.788,0.793,0.793,0.951,0.944,0.944
Luxembourg,LUX,2020,0.0,0.0,0.872,0.872,0.874,0.786,0.788,0.793,0.946,0.951,0.944
Luxembourg,LUX,2021,0.0,0.0,0.872,0.872,0.872,0.785,0.786,0.788,0.955,0.946,0.951
Luxembourg,LUX,2022,0.0,0.0,0.872,0.872,0.872,0.788,0.785,0.786,0.955,0.955,0.946
Luxembourg,LUX,2023,0.0,0.0,0.871,0.872,0.872,0.789,0.788,0.785,0.955,0.955,0.955
Latvia,LVA,2001,0.0,,0.816,0.816,0.816,0.702,0.702,0.701,0.742,0.742,0.742
Latvia,LVA,2002,86095.0,86095.0,0.815,0.816,0.816,0.705,0.702,0.702,0.742,0.742,0.742
Latvia,LVA,2003,0.0,-86095.0,0.822,0.815,0.816,0.714,0.705,0.702,0.742,0.742,0.742
Latvia,LVA,2004,198222.0,198222.0,0.822,0.822,0.815,0.715,0.714,0.705,0.795,0.742,0.742
Latvia,LVA,2005,0.0,-198222.0,0.822,0.822,0.822,0.71,0.715,0.714,0.762,0.795,0.742
Latvia,LVA,2006,1272909.0,1272909.0,0.814,0.822,0.822,0.703,0.71,0.715,0.755,0.762,0.795
Latvia,LVA,2007,0.0,-1272909.0,0.793,0.814,0.822,0.685,0.703,0.71,0.755,0.755,0.762
Latvia,LVA,2008,0.0,0.0,0.792,0.793,0.814,0.686,0.685,0.703,0.785,0.755,0.755
Latvia,LVA,2009,0.0,0.0,0.793,0.792,0.793,0.694,0.686,0.685,0.808,0.785,0.755
Latvia,LVA,2010,0.0,0.0,0.798,0.793,0.792,0.704,0.694,0.686,0.798,0.808,0.785
Latvia,LVA,2011,0.0,0.0,0.816,0.798,0.793,0.723,0.704,0.694,0.805,0.798,0.808
Latvia,LVA,2012,0.0,0.0,0.82,0.816,0.798,0.728,0.723,0.704,0.805,0.805,0.798
Latvia,LVA,2013,0.0,0.0,0.83,0.82,0.816,0.743,0.728,0.723,0.824,0.805,0.805
Latvia,LVA,2014,0.0,0.0,0.832,0.83,0.82,0.748,0.743,0.728,0.832,0.824,0.805
Latvia,LVA,2015,1519349.0,1519349.0,0.838,0.832,0.83,0.754,0.748,0.743,0.832,0.832,0.824
Latvia,LVA,2016,624758.0,-894591.0,0.84,0.838,0.832,0.748,0.754,0.748,0.801,0.832,0.832
Latvia,LVA,2017,1480252.0,855494.0,0.833,0.84,0.838,0.744,0.748,0.754,0.81,0.801,0.832
Latvia,LVA,2018,0.0,-1480252.0,0.832,0.833,0.84,0.745,0.744,0.748,0.81,0.81,0.801
Latvia,LVA,2019,830702.0,830702.0,0.826,0.832,0.833,0.741,0.745,0.744,0.804,0.81,0.81
Latvia,LVA,2020,0.0,-830702.0,0.822,0.826,0.832,0.737,0.741,0.745,0.871,0.804,0.81
Latvia,LVA,2021,279124.0,279124.0,0.831,0.822,0.826,0.74,0.737,0.741,0.866,0.871,0.804
Latvia,LVA,2022,717981.0,438857.0,0.829,0.831,0.822,0.74,0.74,0.737,0.88,0.866,0.871
Latvia,LVA,2023,2119786.0,1401805.0,0.846,0.829,0.831,0.762,0.74,0.74,0.904,0.88,0.866
,LVA,2024,497829.0,-1621957.0,,,,,,,,,
Morocco,MAR,2001,4404891.0,,0.239,0.237,0.213,0.22,0.213,0.198,0.604,0.573,0.463
Morocco,MAR,2002,3504780.0,-900111.0,0.243,0.239,0.237,0.221,0.22,0.213,0.604,0.604,0.573
Morocco,MAR,2003,3032328.0,-472452.0,0.253,0.243,0.239,0.221,0.221,0.22,0.604,0.604,0.604
Morocco,MAR,2004,5217149.0,2184821.0,0.253,0.253,0.243,0.221,0.221,0.221,0.604,0.604,0.604
Morocco,MAR,2005,4692272.0,-524877.0,0.258,0.253,0.253,0.227,0.221,0.221,0.693,0.604,0.604
Morocco,MAR,2006,14801071.0,10108799.0,0.255,0.258,0.253,0.226,0.227,0.221,0.693,0.693,0.604
Morocco,MAR,2007,11384287.0,-3416784.0,0.258,0.255,0.258,0.227,0.226,0.227,0.667,0.693,0.693
Morocco,MAR,2008,10835514.0,-548773.0,0.252,0.258,0.255,0.224,0.227,0.226,0.727,0.667,0.693
Morocco,MAR,2009,8655213.0,-2180301.0,0.254,0.252,0.258,0.223,0.224,0.227,0.732,0.727,0.667
Morocco,MAR,2010,11205889.0,2550676.0,0.256,0.254,0.252,0.231,0.223,0.224,0.732,0.732,0.727
Morocco,MAR,2011,16040821.0,4834932.0,0.262,0.256,0.254,0.234,0.231,0.223,0.768,0.732,0.732
Morocco,MAR,2012,9876804.0,-6164017.0,0.265,0.262,0.256,0.235,0.234,0.231,0.789,0.768,0.732
Morocco,MAR,2013,19943139.0,10066335.0,0.269,0.265,0.262,0.23,0.235,0.234,0.743,0.789,0.768
Morocco,MAR,2014,9673521.0,-10269618.0,0.27,0.269,0.265,0.23,0.23,0.235,0.756,0.743,0.789
Morocco,MAR,2015,20856742.0,11183221.0,0.264,0.27,0.269,0.23,0.23,0.23,0.747,0.756,0.743
Morocco,MAR,2016,17840469.0,-3016273.0,0.266,0.264,0.27,0.231,0.23,0.23,0.747,0.747,0.756
Morocco,MAR,2017,26146019.0,8305550.0,0.259,0.266,0.264,0.241,0.231,0.23,0.658,0.747,0.747
Morocco,MAR,2018,18833379.0,-7312640.0,0.262,0.259,0.266,0.243,0.241,0.231,0.676,0.658,0.747
Morocco,MAR,2019,13945703.0,-4887676.0,0.257,0.262,0.259,0.244,0.243,0.241,0.676,0.676,0.658
Morocco,MAR,2020,10915776.0,-3029927.0,0.257,0.257,0.262,0.238,0.244,0.243,0.676,0.676,0.676
Morocco,MAR,2021,14446893.0,3531117.0,0.261,0.257,0.257,0.24,0.238,0.244,0.651,0.676,0.676
Morocco,MAR,2022,13092198.0,-1354695.0,0.262,0.261,0.257,0.252,0.24,0.238,0.651,0.651,0.676
Morocco,MAR,2023,13449549.0,357351.0,0.262,0.262,0.261,0.252,0.252,0.24,0.651,0.651,0.651
,MAR,2024,6998441.0,-6451108.0,,,,,,,,,
Moldova,MDA,2001,2704705.0,,0.512,0.579,0.587,0.35,0.438,0.452,0.441,0.58,0.58
Moldova,MDA,2002,11410194.0,8705489.0,0.506,0.512,0.579,0.381,0.35,0.438,0.433,0.441,0.58
Moldova,MDA,2003,7456078.0,-3954116.0,0.506,0.506,0.512,0.381,0.381,0.35,0.433,0.433,0.441
Moldova,MDA,2004,10137679.0,2681601.0,0.506,0.506,0.506,0.381,0.381,0.381,0.433,0.433,0.433
Moldova,MDA,2005,8951993.0,-1185686.0,0.446,0.506,0.506,0.345,0.381,0.381,0.433,0.433,0.433
Moldova,MDA,2006,9848208.0,896215.0,0.435,0.446,0.506,0.343,0.345,0.381,0.433,0.433,0.433
Moldova,MDA,2007,43326472.0,33478264.0,0.438,0.435,0.446,0.346,0.343,0.345,0.453,0.433,0.433
Moldova,MDA,2008,12684677.0,-30641795.0,0.435,0.438,0.435,0.345,0.346,0.343,0.453,0.453,0.433
Moldova,MDA,2009,18769764.0,6085087.0,0.457,0.435,0.438,0.358,0.345,0.346,0.522,0.453,0.453
Moldova,MDA,2010,16230157.0,-2539607.0,0.603,0.457,0.435,0.508,0.358,0.345,0.776,0.522,0.453
Moldova,MDA,2011,6983928.0,-9246229.0,0.672,0.603,0.457,0.562,0.508,0.358,0.767,0.776,0.522
Moldova,MDA,2012,20293717.0,13309789.0,0.665,0.672,0.603,0.558,0.562,0.508,0.771,0.767,0.776
Moldova,MDA,2013,11536660.0,-8757057.0,0.638,0.665,0.672,0.53,0.558,0.562,0.773,0.771,0.767
Moldova,MDA,2014,34447488.0,22910828.0,0.623,0.638,0.665,0.516,0.53,0.558,0.773,0.773,0.771
Moldova,MDA,2015,22687771.0,-11759717.0,0.57,0.623,0.638,0.476,0.516,0.53,0.734,0.773,0.773
Moldova,MDA,2016,14873040.0,-7814731.0,0.529,0.57,0.623,0.433,0.476,0.516,0.772,0.734,0.773
Moldova,MDA,2017,17250379.0,2377339.0,0.503,0.529,0.57,0.394,0.433,0.476,0.707,0.772,0.734
Moldova,MDA,2018,19445927.0,2195548.0,0.506,0.503,0.529,0.39,0.394,0.433,0.714,0.707,0.772
Moldova,MDA,2019,28394644.0,8948717.0,0.588,0.506,0.503,0.445,0.39,0.394,0.717,0.714,0.707
Moldova,MDA,2020,26986955.0,-1407689.0,0.651,0.588,0.506,0.518,0.445,0.39,0.796,0.717,0.714
Moldova,MDA,2021,26616773.0,-370182.0,0.752,0.651,0.588,0.618,0.518,0.445,0.835,0.796,0.717
Moldova,MDA,2022,25075797.0,-1540976.0,0.76,0.752,0.651,0.643,0.618,0.518,0.835,0.835,0.796
Moldova,MDA,2023,39811900.0,14736103.0,0.712,0.76,0.752,0.602,0.643,0.618,0.857,0.835,0.835
,MDA,2024,31531233.0,-8280667.0,,,,,,,,,
Madagascar,MDG,2001,108207.0,,0.494,0.5,0.503,0.27,0.272,0.272,0.782,0.782,0.782
Madagascar,MDG,2002,79249.0,-28958.0,0.432,0.494,0.5,0.245,0.27,0.272,0.782,0.782,0.782
Madagascar,MDG,2003,57450.0,-21799.0,0.495,0.432,0.494,0.267,0.245,0.27,0.782,0.782,0.782
Madagascar,MDG,2004,3999883.0,3942433.0,0.495,0.495,0.432,0.269,0.267,0.245,0.782,0.782,0.782
Madagascar,MDG,2005,58910110.0,54910227.0,0.495,0.495,0.495,0.269,0.269,0.267,0.782,0.782,0.782
Madagascar,MDG,2006,3739740.0,-55170370.0,0.487,0.495,0.495,0.267,0.269,0.269,0.782,0.782,0.782
Madagascar,MDG,2007,4687196.0,947456.0,0.495,0.487,0.495,0.274,0.267,0.269,0.782,0.782,0.782
Madagascar,MDG,2008,1057732.0,-3629464.0,0.504,0.495,0.487,0.277,0.274,0.267,0.782,0.782,0.782
Madagascar,MDG,2009,-2421589.0,-3479321.0,0.272,0.504,0.495,0.101,0.277,0.274,0.645,0.782,0.782
Madagascar,MDG,2010,-8637976.0,-6216387.0,0.221,0.272,0.504,0.079,0.101,0.277,0.652,0.645,0.782
Madagascar,MDG,2011,-825273.0,7812703.0,0.221,0.221,0.272,0.101,0.079,0.101,0.652,0.652,0.645
Madagascar,MDG,2012,121264.0,946537.0,0.222,0.221,0.221,0.1,0.101,0.079,0.652,0.652,0.652
Madagascar,MDG,2013,209630.0,88366.0,0.246,0.222,0.221,0.125,0.1,0.101,0.656,0.652,0.652
Madagascar,MDG,2014,508706.0,299076.0,0.463,0.246,0.222,0.232,0.125,0.1,0.756,0.656,0.652
Madagascar,MDG,2015,-101665.0,-610371.0,0.476,0.463,0.246,0.258,0.232,0.125,0.791,0.756,0.656
Madagascar,MDG,2016,680238.0,781903.0,0.48,0.476,0.463,0.258,0.258,0.232,0.791,0.791,0.756
Madagascar,MDG,2017,17527.0,-662711.0,0.478,0.48,0.476,0.26,0.258,0.258,0.807,0.791,0.791
Madagascar,MDG,2018,1880272.0,1862745.0,0.481,0.478,0.48,0.268,0.26,0.258,0.79,0.807,0.791
Madagascar,MDG,2019,608312.0,-1271960.0,0.478,0.481,0.478,0.248,0.268,0.26,0.727,0.79,0.807
Madagascar,MDG,2020,420940.0,-187372.0,0.486,0.478,0.481,0.246,0.248,0.268,0.706,0.727,0.79
Madagascar,MDG,2021,2394903.0,1973963.0,0.479,0.486,0.478,0.237,0.246,0.248,0.724,0.706,0.727
Madagascar,MDG,2022,5598172.0,3203269.0,0.477,0.479,0.486,0.237,0.237,0.246,0.724,0.724,0.706
Madagascar,MDG,2023,1922251.0,-3675921.0,0.461,0.477,0.479,0.225,0.237,0.237,0.686,0.724,0.724
,MDG,2024,7640728.0,5718477.0,,,,,,,,,
Maldives,MDV,2001,100904.0,,0.162,0.161,0.158,0.058,0.057,0.057,0.506,0.506,0.506
Maldives,MDV,2002,0.0,-100904.0,0.163,0.162,0.161,0.055,0.058,0.057,0.506,0.506,0.506
Maldives,MDV,2003,0.0,0.0,0.171,0.163,0.162,0.057,0.055,0.058,0.608,0.506,0.506
Maldives,MDV,2004,0.0,0.0,0.175,0.171,0.163,0.061,0.057,0.055,0.608,0.608,0.506
Maldives,MDV,2005,0.0,0.0,0.283,0.175,0.171,0.117,0.061,0.057,0.596,0.608,0.608
Maldives,MDV,2006,0.0,0.0,0.303,0.283,0.175,0.126,0.117,0.061,0.619,0.596,0.608
Maldives,MDV,2007,0.0,0.0,0.308,0.303,0.283,0.128,0.126,0.117,0.619,0.619,0.596
Maldives,MDV,2008,0.0,0.0,0.459,0.308,0.303,0.246,0.128,0.126,0.748,0.619,0.619
Maldives,MDV,2009,0.0,0.0,0.609,0.459,0.308,0.404,0.246,0.128,0.715,0.748,0.619
Maldives,MDV,2010,0.0,0.0,0.599,0.609,0.459,0.395,0.404,0.246,0.734,0.715,0.748
Maldives,MDV,2011,0.0,0.0,0.6,0.599,0.609,0.392,0.395,0.404,0.721,0.734,0.715
Maldives,MDV,2012,398856.0,398856.0,0.543,0.6,0.599,0.333,0.392,0.395,0.692,0.721,0.734
Maldives,MDV,2013,0.0,-398856.0,0.453,0.543,0.6,0.238,0.333,0.392,0.563,0.692,0.721
Maldives,MDV,2014,52608.0,52608.0,0.407,0.453,0.543,0.209,0.238,0.333,0.536,0.563,0.692
Maldives,MDV,2015,0.0,-52608.0,0.38,0.407,0.453,0.187,0.209,0.238,0.442,0.536,0.563
Maldives,MDV,2016,0.0,0.0,0.365,0.38,0.407,0.182,0.187,0.209,0.403,0.442,0.536
Maldives,MDV,2017,0.0,0.0,0.353,0.365,0.38,0.178,0.182,0.187,0.434,0.403,0.442
Maldives,MDV,2018,0.0,0.0,0.391,0.353,0.365,0.196,0.178,0.182,0.441,0.434,0.403
Maldives,MDV,2019,889151.0,889151.0,0.57,0.391,0.353,0.41,0.196,0.178,0.573,0.441,0.434
Maldives,MDV,2020,2779201.0,1890050.0,0.581,0.57,0.391,0.429,0.41,0.196,0.567,0.573,0.441
Maldives,MDV,2021,1164578.0,-1614623.0,0.582,0.581,0.57,0.424,0.429,0.41,0.593,0.567,0.573
Maldives,MDV,2022,535586.0,-628992.0,0.586,0.582,0.581,0.436,0.424,0.429,0.631,0.593,0.567
Maldives,MDV,2023,768369.0,232783.0,0.596,0.586,0.582,0.453,0.436,0.424,0.631,0.631,0.593
,MDV,2024,300000.0,-468369.0,,,,,,,,,
,MEN,2002,13603179.0,,,,,,,,,,
,MEN,2003,11831131.0,-1772048.0,,,,,,,,,
,MEN,2004,2510303.0,-9320828.0,,,,,,,,,
,MEN,2005,1329823.0,-1180480.0,,,,,,,,,
,MEN,2006,1496128.0,166305.0,,,,,,,,,
,MEN,2007,553406.0,-942722.0,,,,,,,,,
,MEN,2008,256501.0,-296905.0,,,,,,,,,
,MEN,2009,1006734.0,750233.0,,,,,,,,,
,MEN,2010,1827842.0,821108.0,,,,,,,,,
,MEN,2011,3563056.0,1735214.0,,,,,,,,,
,MEN,2012,3027593.0,-535463.0,,,,,,,,,
,MEN,2013,6364674.0,3337081.0,,,,,,,,,
,MEN,2014,2074171.0,-4290503.0,,,,,,,,,
,MEN,2015,2454158.0,379987.0,,,,,,,,,
,MEN,2016,1025916.0,-1428242.0,,,,,,,,,
,MEN,2017,2286906.0,1260990.0,,,,,,,,,
,MEN,2018,2259873.0,-27033.0,,,,,,,,,
,MEN,2019,2344237.0,84364.0,,,,,,,,,
,MEN,2020,1509473.0,-834764.0,,,,,,,,,
,MEN,2021,36569151.0,35059678.0,,,,,,,,,
,MEN,2022,642703.0,-35926448.0,,,,,,,,,
Mexico,MEX,2001,28972154.0,,0.681,0.671,0.605,0.484,0.481,0.381,0.669,0.708,0.589
Mexico,MEX,2002,80741531.0,51769377.0,0.693,0.681,0.671,0.494,0.484,0.481,0.669,0.669,0.708
Mexico,MEX,2003,45267846.0,-35473685.0,0.702,0.693,0.681,0.499,0.494,0.484,0.669,0.669,0.669
Mexico,MEX,2004,97059132.0,51791286.0,0.711,0.702,0.693,0.505,0.499,0.494,0.662,0.669,0.669
Mexico,MEX,2005,103206963.0,6147831.0,0.711,0.711,0.702,0.505,0.505,0.499,0.662,0.662,0.669
Mexico,MEX,2006,211857826.0,108650863.0,0.674,0.711,0.711,0.478,0.505,0.505,0.662,0.662,0.662
Mexico,MEX,2007,61894015.0,-149963811.0,0.639,0.674,0.711,0.454,0.478,0.505,0.662,0.662,0.662
Mexico,MEX,2008,22965626.0,-38928389.0,0.649,0.639,0.674,0.456,0.454,0.478,0.662,0.662,0.662
Mexico,MEX,2009,525842451.0,502876825.0,0.65,0.649,0.639,0.459,0.456,0.454,0.662,0.662,0.662
Mexico,MEX,2010,777098152.0,251255701.0,0.662,0.65,0.649,0.465,0.459,0.456,0.685,0.662,0.662
Mexico,MEX,2011,374799135.0,-402299017.0,0.662,0.662,0.65,0.468,0.465,0.459,0.685,0.685,0.662
Mexico,MEX,2012,91383598.0,-283415537.0,0.65,0.662,0.662,0.457,0.468,0.465,0.685,0.685,0.685
Mexico,MEX,2013,377081299.0,285697701.0,0.623,0.65,0.662,0.42,0.457,0.468,0.626,0.685,0.685
Mexico,MEX,2014,309753717.0,-67327582.0,0.621,0.623,0.65,0.421,0.42,0.457,0.626,0.626,0.685
Mexico,MEX,2015,634517008.0,324763291.0,0.643,0.621,0.623,0.433,0.421,0.42,0.62,0.626,0.626
Mexico,MEX,2016,57762465.0,-576754543.0,0.643,0.643,0.621,0.434,0.433,0.421,0.628,0.62,0.626
Mexico,MEX,2017,261560321.0,203797856.0,0.638,0.643,0.643,0.44,0.434,0.433,0.671,0.628,0.62
Mexico,MEX,2018,200196866.0,-61363455.0,0.675,0.638,0.643,0.452,0.44,0.434,0.652,0.671,0.628
Mexico,MEX,2019,166555186.0,-33641680.0,0.684,0.675,0.638,0.428,0.452,0.44,0.561,0.652,0.671
Mexico,MEX,2020,181148556.0,14593370.0,0.664,0.684,0.675,0.406,0.428,0.452,0.563,0.561,0.652
Mexico,MEX,2021,53167779.0,-127980777.0,0.624,0.664,0.684,0.371,0.406,0.428,0.518,0.563,0.561
Mexico,MEX,2022,40106680.0,-13061099.0,0.584,0.624,0.664,0.33,0.371,0.406,0.49,0.518,0.563
Mexico,MEX,2023,65754478.0,25647798.0,0.548,0.584,0.624,0.302,0.33,0.371,0.518,0.49,0.518
,MEX,2024,29964401.0,-35790077.0,,,,,,,,,
,MHL,2004,792887.0,,,,,,,,,,
,MHL,2005,769472.0,-23415.0,,,,,,,,,
,MHL,2006,745263.0,-24209.0,,,,,,,,,
,MHL,2007,725296.0,-19967.0,,,,,,,,,
,MHL,2008,730195.0,4899.0,,,,,,,,,
,MHL,2009,1301201.0,571006.0,,,,,,,,,
,MHL,2012,1745662.0,444461.0,,,,,,,,,
,MHL,2014,647628.0,-1098034.0,,,,,,,,,
,MHL,2015,640990.0,-6638.0,,,,,,,,,
,MHL,2016,395138.0,-245852.0,,,,,,,,,
,MHL,2017,625350.0,230212.0,,,,,,,,,
,MHL,2018,611769.0,-13581.0,,,,,,,,,
,MHL,2019,600778.0,-10991.0,,,,,,,,,
,MHL,2020,2145423.0,1544645.0,,,,,,,,,
,MHL,2021,1049419.0,-1096004.0,,,,,,,,,
,MHL,2022,1231848.0,182429.0,,,,,,,,,
,MHL,2023,1105939.0,-125909.0,,,,,,,,,
,MHL,2024,618140.0,-487799.0,,,,,,,,,
North Macedonia,MKD,2001,16762893.0,,0.445,0.459,0.564,0.333,0.352,0.429,0.455,0.409,0.331
North Macedonia,MKD,2002,24043469.0,7280576.0,0.525,0.445,0.459,0.399,0.333,0.352,0.53,0.455,0.409
North Macedonia,MKD,2003,25627271.0,1583802.0,0.617,0.525,0.445,0.465,0.399,0.333,0.545,0.53,0.455
North Macedonia,MKD,2004,17733800.0,-7893471.0,0.618,0.617,0.525,0.468,0.465,0.399,0.545,0.545,0.53
North Macedonia,MKD,2005,18322305.0,588505.0,0.603,0.618,0.617,0.455,0.468,0.465,0.545,0.545,0.545
North Macedonia,MKD,2006,17217422.0,-1104883.0,0.597,0.603,0.618,0.451,0.455,0.468,0.545,0.545,0.545
North Macedonia,MKD,2007,12733148.0,-4484274.0,0.584,0.597,0.603,0.438,0.451,0.455,0.541,0.545,0.545
North Macedonia,MKD,2008,10172577.0,-2560571.0,0.553,0.584,0.597,0.412,0.438,0.451,0.541,0.541,0.545
North Macedonia,MKD,2009,11482537.0,1309960.0,0.528,0.553,0.584,0.378,0.412,0.438,0.539,0.541,0.541
North Macedonia,MKD,2010,10397234.0,-1085303.0,0.526,0.528,0.553,0.373,0.378,0.412,0.589,0.539,0.541
North Macedonia,MKD,2011,5973902.0,-4423332.0,0.478,0.526,0.528,0.34,0.373,0.378,0.589,0.589,0.539
North Macedonia,MKD,2012,12295328.0,6321426.0,0.45,0.478,0.526,0.315,0.34,0.373,0.622,0.589,0.589
North Macedonia,MKD,2013,12812233.0,516905.0,0.448,0.45,0.478,0.287,0.315,0.34,0.597,0.622,0.589
North Macedonia,MKD,2014,11170922.0,-1641311.0,0.447,0.448,0.45,0.276,0.287,0.315,0.597,0.597,0.622
North Macedonia,MKD,2015,15578480.0,4407558.0,0.44,0.447,0.448,0.27,0.276,0.287,0.616,0.597,0.597
North Macedonia,MKD,2016,10183137.0,-5395343.0,0.449,0.44,0.447,0.279,0.27,0.276,0.537,0.616,0.597
North Macedonia,MKD,2017,10178873.0,-4264.0,0.548,0.449,0.44,0.376,0.279,0.27,0.663,0.537,0.616
North Macedonia,MKD,2018,7231928.0,-2946945.0,0.575,0.548,0.449,0.386,0.376,0.279,0.64,0.663,0.537
North Macedonia,MKD,2019,12093933.0,4862005.0,0.602,0.575,0.548,0.411,0.386,0.376,0.681,0.64,0.663
North Macedonia,MKD,2020,10692049.0,-1401884.0,0.598,0.602,0.575,0.4,0.411,0.386,0.643,0.681,0.64
North Macedonia,MKD,2021,16353266.0,5661217.0,0.592,0.598,0.602,0.389,0.4,0.411,0.663,0.643,0.681
North Macedonia,MKD,2022,12387332.0,-3965934.0,0.56,0.592,0.598,0.373,0.389,0.4,0.637,0.663,0.643
North Macedonia,MKD,2023,9172103.0,-3215229.0,0.562,0.56,0.592,0.363,0.373,0.389,0.651,0.637,0.663
,MKD,2024,16832103.0,7660000.0,,,,,,,,,
Mali,MLI,2001,11824697.0,,0.519,0.519,0.519,0.37,0.37,0.366,0.92,0.92,0.92
Mali,MLI,2002,10904567.0,-920130.0,0.601,0.519,0.519,0.403,0.37,0.37,0.92,0.92,0.92
Mali,MLI,2003,9033074.0,-1871493.0,0.624,0.601,0.519,0.416,0.403,0.37,0.92,0.92,0.92
Mali,MLI,2004,36954405.0,27921331.0,0.624,0.624,0.601,0.416,0.416,0.403,0.92,0.92,0.92
Mali,MLI,2005,28904554.0,-8049851.0,0.624,0.624,0.624,0.416,0.416,0.416,0.92,0.92,0.92
Mali,MLI,2006,29274764.0,370210.0,0.625,0.624,0.624,0.418,0.416,0.416,0.92,0.92,0.92
Mali,MLI,2007,8175026.0,-21099738.0,0.618,0.625,0.624,0.413,0.418,0.416,0.92,0.92,0.92
Mali,MLI,2008,4703912.0,-3471114.0,0.608,0.618,0.625,0.406,0.413,0.418,0.92,0.92,0.92
Mali,MLI,2009,3757504.0,-946408.0,0.61,0.608,0.618,0.406,0.406,0.413,0.92,0.92,0.92
Mali,MLI,2010,1320762.0,-2436742.0,0.608,0.61,0.608,0.405,0.406,0.406,0.92,0.92,0.92
Mali,MLI,2011,5343144.0,4022382.0,0.611,0.608,0.61,0.407,0.405,0.406,0.92,0.92,0.92
Mali,MLI,2012,-116757.0,-5459901.0,0.355,0.611,0.608,0.233,0.407,0.405,0.92,0.92,0.92
Mali,MLI,2013,16766995.0,16883752.0,0.328,0.355,0.611,0.194,0.233,0.407,0.903,0.92,0.92
Mali,MLI,2014,3532337.0,-13234658.0,0.54,0.328,0.355,0.327,0.194,0.233,0.894,0.903,0.92
Mali,MLI,2015,1750557.0,-1781780.0,0.543,0.54,0.328,0.349,0.327,0.194,0.874,0.894,0.903
Mali,MLI,2016,9412369.0,7661812.0,0.543,0.543,0.54,0.349,0.349,0.327,0.874,0.874,0.894
Mali,MLI,2017,12754050.0,3341681.0,0.54,0.543,0.543,0.328,0.349,0.349,0.875,0.874,0.874
Mali,MLI,2018,14064863.0,1310813.0,0.518,0.54,0.543,0.307,0.328,0.349,0.852,0.875,0.874
Mali,MLI,2019,19571241.0,5506378.0,0.516,0.518,0.54,0.317,0.307,0.328,0.872,0.852,0.875
Mali,MLI,2020,16475455.0,-3095786.0,0.421,0.516,0.518,0.254,0.317,0.307,0.798,0.872,0.852
Mali,MLI,2021,6196642.0,-10278813.0,0.243,0.421,0.516,0.155,0.254,0.317,0.768,0.798,0.872
Mali,MLI,2022,15688092.0,9491450.0,0.231,0.243,0.421,0.147,0.155,0.254,0.777,0.768,0.798
Mali,MLI,2023,8727094.0,-6960998.0,0.229,0.231,0.243,0.145,0.147,0.155,0.793,0.777,0.768
,MLI,2024,15812018.0,7084924.0,,,,,,,,,
Malta,MLT,2001,0.0,,0.786,0.786,0.786,0.597,0.597,0.597,0.841,0.841,0.841
Malta,MLT,2002,0.0,0.0,0.786,0.786,0.786,0.597,0.597,0.597,0.841,0.841,0.841
Malta,MLT,2003,0.0,0.0,0.788,0.786,0.786,0.599,0.597,0.597,0.841,0.841,0.841
Malta,MLT,2004,0.0,0.0,0.789,0.788,0.786,0.599,0.599,0.597,0.841,0.841,0.841
Malta,MLT,2005,0.0,0.0,0.789,0.789,0.788,0.599,0.599,0.599,0.841,0.841,0.841
Malta,MLT,2006,0.0,0.0,0.789,0.789,0.789,0.599,0.599,0.599,0.841,0.841,0.841
Malta,MLT,2007,0.0,0.0,0.784,0.789,0.789,0.596,0.599,0.599,0.841,0.841,0.841
Malta,MLT,2008,0.0,0.0,0.803,0.784,0.789,0.61,0.596,0.599,0.841,0.841,0.841
Malta,MLT,2009,0.0,0.0,0.815,0.803,0.784,0.624,0.61,0.596,0.841,0.841,0.841
Malta,MLT,2010,0.0,0.0,0.815,0.815,0.803,0.623,0.624,0.61,0.841,0.841,0.841
Malta,MLT,2011,0.0,0.0,0.815,0.815,0.815,0.623,0.623,0.624,0.841,0.841,0.841
Malta,MLT,2012,0.0,0.0,0.817,0.815,0.815,0.624,0.623,0.623,0.841,0.841,0.841
Malta,MLT,2013,0.0,0.0,0.793,0.817,0.815,0.597,0.624,0.623,0.813,0.841,0.841
Malta,MLT,2014,0.0,0.0,0.778,0.793,0.817,0.587,0.597,0.624,0.813,0.813,0.841
Malta,MLT,2015,0.0,0.0,0.778,0.778,0.793,0.584,0.587,0.597,0.813,0.813,0.813
Malta,MLT,2016,0.0,0.0,0.777,0.778,0.778,0.572,0.584,0.587,0.813,0.813,0.813
Malta,MLT,2017,0.0,0.0,0.761,0.777,0.778,0.558,0.572,0.584,0.813,0.813,0.813
Malta,MLT,2018,0.0,0.0,0.754,0.761,0.777,0.552,0.558,0.572,0.813,0.813,0.813
Malta,MLT,2019,0.0,0.0,0.767,0.754,0.761,0.569,0.552,0.558,0.835,0.813,0.813
Malta,MLT,2020,0.0,0.0,0.767,0.767,0.754,0.605,0.569,0.552,0.799,0.835,0.813
Malta,MLT,2021,0.0,0.0,0.77,0.767,0.767,0.605,0.605,0.569,0.825,0.799,0.835
Malta,MLT,2022,0.0,0.0,0.78,0.77,0.767,0.617,0.605,0.605,0.837,0.825,0.799
Malta,MLT,2023,0.0,0.0,0.783,0.78,0.77,0.623,0.617,0.605,0.837,0.837,0.825
Burma/Myanmar,MMR,2001,428840.0,,0.096,0.096,0.096,0.018,0.018,0.017,0.114,0.114,0.114
Burma/Myanmar,MMR,2002,772377.0,343537.0,0.096,0.096,0.096,0.018,0.018,0.018,0.114,0.114,0.114
Burma/Myanmar,MMR,2003,1028243.0,255866.0,0.096,0.096,0.096,0.018,0.018,0.018,0.114,0.114,0.114
Burma/Myanmar,MMR,2004,4816395.0,3788152.0,0.096,0.096,0.096,0.018,0.018,0.018,0.114,0.114,0.114
Burma/Myanmar,MMR,2005,706375.0,-4110020.0,0.096,0.096,0.096,0.018,0.018,0.018,0.114,0.114,0.114
Burma/Myanmar,MMR,2006,16162990.0,15456615.0,0.096,0.096,0.096,0.018,0.018,0.018,0.114,0.114,0.114
Burma/Myanmar,MMR,2007,5426866.0,-10736124.0,0.096,0.096,0.096,0.017,0.018,0.018,0.114,0.114,0.114
Burma/Myanmar,MMR,2008,16566616.0,11139750.0,0.096,0.096,0.096,0.018,0.017,0.018,0.114,0.114,0.114
Burma/Myanmar,MMR,2009,9600000.0,-6966616.0,0.097,0.096,0.096,0.018,0.018,0.017,0.114,0.114,0.114
Burma/Myanmar,MMR,2010,7731515.0,-1868485.0,0.119,0.097,0.096,0.033,0.018,0.018,0.188,0.114,0.114
Burma/Myanmar,MMR,2011,11236787.0,3505272.0,0.223,0.119,0.097,0.107,0.033,0.018,0.375,0.188,0.114
Burma/Myanmar,MMR,2012,11785255.0,548468.0,0.306,0.223,0.119,0.134,0.107,0.033,0.421,0.375,0.188
Burma/Myanmar,MMR,2013,24864575.0,13079320.0,0.355,0.306,0.223,0.157,0.134,0.107,0.47,0.421,0.375
Burma/Myanmar,MMR,2014,31480559.0,6615984.0,0.357,0.355,0.306,0.163,0.157,0.134,0.512,0.47,0.421
Burma/Myanmar,MMR,2015,27469084.0,-4011475.0,0.37,0.357,0.355,0.181,0.163,0.157,0.546,0.512,0.47
Burma/Myanmar,MMR,2016,25830295.0,-1638789.0,0.402,0.37,0.357,0.226,0.181,0.163,0.556,0.546,0.512
Burma/Myanmar,MMR,2017,41254944.0,15424649.0,0.402,0.402,0.37,0.229,0.226,0.181,0.619,0.556,0.546
Burma/Myanmar,MMR,2018,51331904.0,10076960.0,0.397,0.402,0.402,0.232,0.229,0.226,0.653,0.619,0.556
Burma/Myanmar,MMR,2019,69330904.0,17999000.0,0.421,0.397,0.402,0.246,0.232,0.229,0.653,0.653,0.619
Burma/Myanmar,MMR,2020,60554500.0,-8776404.0,0.426,0.421,0.397,0.252,0.246,0.232,0.661,0.653,0.653
Burma/Myanmar,MMR,2021,55231900.0,-5322600.0,0.102,0.426,0.421,0.02,0.252,0.246,0.174,0.661,0.653
Burma/Myanmar,MMR,2022,30840099.0,-24391801.0,0.087,0.102,0.426,0.016,0.02,0.252,0.136,0.174,0.661
Burma/Myanmar,MMR,2023,42097761.0,11257662.0,0.077,0.087,0.102,0.015,0.016,0.02,0.128,0.136,0.174
,MMR,2024,44017578.0,1919817.0,,,,,,,,,
,MNA,2002,99341.0,,,,,,,,,,
,MNA,2005,877198.0,777857.0,,,,,,,,,
,MNA,2007,1069591.0,192393.0,,,,,,,,,
,MNA,2008,49738.0,-1019853.0,,,,,,,,,
,MNA,2009,900290.0,850552.0,,,,,,,,,
,MNA,2011,152304.0,-747986.0,,,,,,,,,
,MNA,2012,1255534.0,1103230.0,,,,,,,,,
,MNA,2013,722144.0,-533390.0,,,,,,,,,
,MNA,2014,1027716.0,305572.0,,,,,,,,,
,MNA,2015,352545.0,-675171.0,,,,,,,,,
,MNA,2016,813960.0,461415.0,,,,,,,,,
,MNA,2017,844880.0,30920.0,,,,,,,,,
,MNA,2018,599533.0,-245347.0,,,,,,,,,
,MNA,2019,820663.0,221130.0,,,,,,,,,
,MNA,2020,1542324.0,721661.0,,,,,,,,,
,MNA,2021,3204875.0,1662551.0,,,,,,,,,
,MNA,2024,-144631.0,-3349506.0,,,,,,,,,
Montenegro,MNE,2001,28601049.0,,0.457,0.432,0.432,0.348,0.336,0.331,0.645,0.597,0.586
Montenegro,MNE,2002,41482484.0,12881435.0,0.483,0.457,0.432,0.363,0.348,0.336,0.645,0.645,0.597
Montenegro,MNE,2003,33752382.0,-7730102.0,0.503,0.483,0.457,0.378,0.363,0.348,0.645,0.645,0.645
Montenegro,MNE,2004,27988773.0,-5763609.0,0.518,0.503,0.483,0.385,0.378,0.363,0.671,0.645,0.645
Montenegro,MNE,2005,17649787.0,-10338986.0,0.522,0.518,0.503,0.388,0.385,0.378,0.671,0.671,0.645
Montenegro,MNE,2006,13946922.0,-3702865.0,0.512,0.522,0.518,0.382,0.388,0.385,0.691,0.671,0.671
Montenegro,MNE,2007,2429182.0,-11517740.0,0.493,0.512,0.522,0.392,0.382,0.388,0.739,0.691,0.671
Montenegro,MNE,2008,3657222.0,1228040.0,0.506,0.493,0.512,0.406,0.392,0.382,0.739,0.739,0.691
Montenegro,MNE,2009,4571012.0,913790.0,0.511,0.506,0.493,0.41,0.406,0.392,0.774,0.739,0.739
Montenegro,MNE,2010,5172533.0,601521.0,0.51,0.511,0.506,0.411,0.41,0.406,0.774,0.774,0.739
Montenegro,MNE,2011,8790618.0,3618085.0,0.51,0.51,0.511,0.41,0.411,0.41,0.774,0.774,0.774
Montenegro,MNE,2012,2676941.0,-6113677.0,0.517,0.51,0.51,0.413,0.41,0.411,0.774,0.774,0.774
Montenegro,MNE,2013,3478192.0,801251.0,0.494,0.517,0.51,0.394,0.413,0.41,0.742,0.774,0.774
Montenegro,MNE,2014,2888116.0,-590076.0,0.484,0.494,0.517,0.388,0.394,0.413,0.742,0.742,0.774
Montenegro,MNE,2015,2322447.0,-565669.0,0.484,0.484,0.494,0.387,0.388,0.394,0.742,0.742,0.742
Montenegro,MNE,2016,-29158.0,-2351605.0,0.484,0.484,0.484,0.383,0.387,0.388,0.742,0.742,0.742
Montenegro,MNE,2017,796960.0,826118.0,0.474,0.484,0.484,0.375,0.383,0.387,0.77,0.742,0.742
Montenegro,MNE,2018,842530.0,45570.0,0.482,0.474,0.484,0.378,0.375,0.383,0.715,0.77,0.742
Montenegro,MNE,2019,5233717.0,4391187.0,0.483,0.482,0.474,0.376,0.378,0.375,0.745,0.715,0.77
Montenegro,MNE,2020,7646274.0,2412557.0,0.5,0.483,0.482,0.395,0.376,0.378,0.743,0.745,0.715
Montenegro,MNE,2021,2369620.0,-5276654.0,0.534,0.5,0.483,0.432,0.395,0.376,0.681,0.743,0.745
Montenegro,MNE,2022,1134854.0,-1234766.0,0.532,0.534,0.5,0.429,0.432,0.395,0.683,0.681,0.743
Montenegro,MNE,2023,1561775.0,426921.0,0.61,0.532,0.534,0.491,0.429,0.432,0.659,0.683,0.681
,MNE,2024,2485586.0,923811.0,,,,,,,,,
Mongolia,MNG,2001,19630264.0,,0.663,0.674,0.707,0.541,0.552,0.603,0.716,0.716,0.7
Mongolia,MNG,2002,17457919.0,-2172345.0,0.671,0.663,0.674,0.551,0.541,0.552,0.716,0.716,0.716
Mongolia,MNG,2003,15177031.0,-2280888.0,0.672,0.671,0.663,0.556,0.551,0.541,0.716,0.716,0.716
Mongolia,MNG,2004,15110566.0,-66465.0,0.67,0.672,0.671,0.555,0.556,0.551,0.715,0.716,0.716
Mongolia,MNG,2005,15335128.0,224562.0,0.673,0.67,0.672,0.557,0.555,0.556,0.715,0.715,0.716
Mongolia,MNG,2006,22311428.0,6976300.0,0.685,0.673,0.67,0.566,0.557,0.555,0.715,0.715,0.715
Mongolia,MNG,2007,4328555.0,-17982873.0,0.685,0.685,0.673,0.566,0.566,0.557,0.715,0.715,0.715
Mongolia,MNG,2008,35084495.0,30755940.0,0.653,0.685,0.685,0.539,0.566,0.566,0.746,0.715,0.715
Mongolia,MNG,2009,712399.0,-34372096.0,0.662,0.653,0.685,0.546,0.539,0.566,0.746,0.746,0.715
Mongolia,MNG,2010,7827992.0,7115593.0,0.679,0.662,0.653,0.565,0.546,0.539,0.761,0.746,0.746
Mongolia,MNG,2011,1115398.0,-6712594.0,0.676,0.679,0.662,0.563,0.565,0.546,0.761,0.761,0.746
Mongolia,MNG,2012,1884859.0,769461.0,0.683,0.676,0.679,0.566,0.563,0.565,0.741,0.761,0.761
Mongolia,MNG,2013,7140743.0,5255884.0,0.684,0.683,0.676,0.557,0.566,0.563,0.771,0.741,0.761
Mongolia,MNG,2014,2981175.0,-4159568.0,0.686,0.684,0.683,0.556,0.557,0.566,0.771,0.771,0.741
Mongolia,MNG,2015,2050878.0,-930297.0,0.681,0.686,0.684,0.556,0.556,0.557,0.786,0.771,0.771
Mongolia,MNG,2016,3210899.0,1160021.0,0.671,0.681,0.686,0.548,0.556,0.556,0.786,0.786,0.771
Mongolia,MNG,2017,1300477.0,-1910422.0,0.661,0.671,0.681,0.544,0.548,0.556,0.732,0.786,0.786
Mongolia,MNG,2018,5895429.0,4594952.0,0.653,0.661,0.671,0.536,0.544,0.548,0.713,0.732,0.786
Mongolia,MNG,2019,181886.0,-5713543.0,0.653,0.653,0.661,0.54,0.536,0.544,0.686,0.713,0.732
Mongolia,MNG,2020,8722912.0,8541026.0,0.629,0.653,0.653,0.523,0.54,0.536,0.668,0.686,0.713
Mongolia,MNG,2021,2460278.0,-6262634.0,0.609,0.629,0.653,0.495,0.523,0.54,0.645,0.668,0.686
Mongolia,MNG,2022,2937781.0,477503.0,0.573,0.609,0.629,0.462,0.495,0.523,0.575,0.645,0.668
Mongolia,MNG,2023,2605449.0,-332332.0,0.534,0.573,0.609,0.412,0.462,0.495,0.562,0.575,0.645
,MNG,2024,1136024.0,-1469425.0,,,,,,,,,
,MNS,2004,3859399.0,,,,,,,,,,
,MNS,2005,7736913.0,3877514.0,,,,,,,,,
,MNS,2006,1964122.0,-5772791.0,,,,,,,,,
,MNS,2007,2583915.0,619793.0,,,,,,,,,
,MNS,2008,9651489.0,7067574.0,,,,,,,,,
,MNS,2009,29924583.0,20273094.0,,,,,,,,,
,MNS,2010,26301587.0,-3622996.0,,,,,,,,,
,MNS,2011,7487886.0,-18813701.0,,,,,,,,,
,MNS,2012,34458362.0,26970476.0,,,,,,,,,
,MNS,2013,47448383.0,12990021.0,,,,,,,,,
,MNS,2014,14645910.0,-32802473.0,,,,,,,,,
,MNS,2015,7287234.0,-7358676.0,,,,,,,,,
,MNS,2016,16478822.0,9191588.0,,,,,,,,,
,MNS,2017,29595971.0,13117149.0,,,,,,,,,
,MNS,2018,23165745.0,-6430226.0,,,,,,,,,
,MNS,2019,21329605.0,-1836140.0,,,,,,,,,
,MNS,2020,28153980.0,6824375.0,,,,,,,,,
,MNS,2021,53004967.0,24850987.0,,,,,,,,,
,MNS,2022,54717404.0,1712437.0,,,,,,,,,
,MNS,2023,58826053.0,4108649.0,,,,,,,,,
,MNS,2024,76850657.0,18024604.0,,,,,,,,,
Mozambique,MOZ,2001,94847554.0,,0.419,0.419,0.453,0.297,0.297,0.298,0.666,0.647,0.626
Mozambique,MOZ,2002,62585305.0,-32262249.0,0.419,0.419,0.419,0.294,0.297,0.297,0.666,0.666,0.647
Mozambique,MOZ,2003,7969162.0,-54616143.0,0.422,0.419,0.419,0.299,0.294,0.297,0.666,0.666,0.666
Mozambique,MOZ,2004,29858621.0,21889459.0,0.425,0.422,0.419,0.296,0.299,0.294,0.667,0.666,0.666
Mozambique,MOZ,2005,7925869.0,-21932752.0,0.463,0.425,0.422,0.312,0.296,0.299,0.667,0.667,0.666
Mozambique,MOZ,2006,1841611.0,-6084258.0,0.464,0.463,0.425,0.313,0.312,0.296,0.667,0.667,0.667
Mozambique,MOZ,2007,2385758.0,544147.0,0.464,0.464,0.463,0.313,0.313,0.312,0.667,0.667,0.667
Mozambique,MOZ,2008,18544677.0,16158919.0,0.456,0.464,0.464,0.309,0.313,0.313,0.667,0.667,0.667
Mozambique,MOZ,2009,987005.0,-17557672.0,0.453,0.456,0.464,0.307,0.309,0.313,0.667,0.667,0.667
Mozambique,MOZ,2010,-211612.0,-1198617.0,0.425,0.453,0.456,0.293,0.307,0.309,0.687,0.667,0.667
Mozambique,MOZ,2011,869541.0,1081153.0,0.427,0.425,0.453,0.296,0.293,0.307,0.687,0.687,0.667
Mozambique,MOZ,2012,3941766.0,3072225.0,0.427,0.427,0.425,0.296,0.296,0.293,0.687,0.687,0.687
Mozambique,MOZ,2013,6805123.0,2863357.0,0.437,0.427,0.427,0.301,0.296,0.296,0.672,0.687,0.687
Mozambique,MOZ,2014,4381500.0,-2423623.0,0.43,0.437,0.427,0.299,0.301,0.296,0.682,0.672,0.687
Mozambique,MOZ,2015,4339935.0,-41565.0,0.437,0.43,0.437,0.299,0.299,0.301,0.682,0.682,0.672
Mozambique,MOZ,2016,461796.0,-3878139.0,0.433,0.437,0.43,0.292,0.299,0.299,0.723,0.682,0.682
Mozambique,MOZ,2017,4372964.0,3911168.0,0.408,0.433,0.437,0.275,0.292,0.299,0.709,0.723,0.682
Mozambique,MOZ,2018,1688770.0,-2684194.0,0.4,0.408,0.433,0.264,0.275,0.292,0.703,0.709,0.723
Mozambique,MOZ,2019,3696393.0,2007623.0,0.397,0.4,0.408,0.255,0.264,0.275,0.719,0.703,0.709
Mozambique,MOZ,2020,7154286.0,3457893.0,0.364,0.397,0.4,0.238,0.255,0.264,0.696,0.719,0.703
Mozambique,MOZ,2021,16240924.0,9086638.0,0.367,0.364,0.397,0.244,0.238,0.255,0.713,0.696,0.719
Mozambique,MOZ,2022,8442834.0,-7798090.0,0.366,0.367,0.364,0.24,0.244,0.238,0.679,0.713,0.696
Mozambique,MOZ,2023,8562835.0,120001.0,0.351,0.366,0.367,0.224,0.24,0.244,0.705,0.679,0.713
,MOZ,2024,6136698.0,-2426137.0,,,,,,,,,
Mauritania,MRT,2001,35930.0,,0.315,0.308,0.302,0.14,0.138,0.133,0.368,0.368,0.271
Mauritania,MRT,2002,96130.0,60200.0,0.318,0.315,0.308,0.143,0.14,0.138,0.368,0.368,0.368
Mauritania,MRT,2003,99216.0,3086.0,0.313,0.318,0.315,0.14,0.143,0.14,0.368,0.368,0.368
Mauritania,MRT,2004,114806.0,15590.0,0.319,0.313,0.318,0.146,0.14,0.143,0.368,0.368,0.368
Mauritania,MRT,2005,276506.0,161700.0,0.29,0.319,0.313,0.12,0.146,0.14,0.407,0.368,0.368
Mauritania,MRT,2006,501809.0,225303.0,0.25,0.29,0.319,0.122,0.12,0.146,0.439,0.407,0.368
Mauritania,MRT,2007,1110275.0,608466.0,0.45,0.25,0.29,0.237,0.122,0.12,0.439,0.439,0.407
Mauritania,MRT,2008,765971.0,-344304.0,0.4,0.45,0.25,0.208,0.237,0.122,0.353,0.439,0.439
Mauritania,MRT,2009,1531432.0,765461.0,0.364,0.4,0.45,0.192,0.208,0.237,0.354,0.353,0.439
Mauritania,MRT,2010,993811.0,-537621.0,0.468,0.364,0.4,0.228,0.192,0.208,0.354,0.354,0.353
Mauritania,MRT,2011,1281290.0,287479.0,0.468,0.468,0.364,0.228,0.228,0.192,0.354,0.354,0.354
Mauritania,MRT,2012,1397291.0,116001.0,0.471,0.468,0.468,0.23,0.228,0.228,0.354,0.354,0.354
Mauritania,MRT,2013,638866.0,-758425.0,0.416,0.471,0.468,0.174,0.23,0.228,0.408,0.354,0.354
Mauritania,MRT,2014,661278.0,22412.0,0.422,0.416,0.471,0.175,0.174,0.23,0.408,0.408,0.354
Mauritania,MRT,2015,900010.0,238732.0,0.431,0.422,0.416,0.178,0.175,0.174,0.408,0.408,0.408
Mauritania,MRT,2016,1961727.0,1061717.0,0.431,0.431,0.422,0.178,0.178,0.175,0.408,0.408,0.408
Mauritania,MRT,2017,2378490.0,416763.0,0.389,0.431,0.431,0.157,0.178,0.178,0.418,0.408,0.408
Mauritania,MRT,2018,187302.0,-2191188.0,0.391,0.389,0.431,0.172,0.157,0.178,0.402,0.418,0.408
Mauritania,MRT,2019,618311.0,431009.0,0.407,0.391,0.389,0.186,0.172,0.157,0.52,0.402,0.418
Mauritania,MRT,2020,2511044.0,1892733.0,0.389,0.407,0.391,0.206,0.186,0.172,0.528,0.52,0.402
Mauritania,MRT,2021,570106.0,-1940938.0,0.391,0.389,0.407,0.195,0.206,0.186,0.547,0.528,0.52
Mauritania,MRT,2022,1736964.0,1166858.0,0.396,0.391,0.389,0.195,0.195,0.206,0.573,0.547,0.528
Mauritania,MRT,2023,2285450.0,548486.0,0.368,0.396,0.391,0.183,0.195,0.195,0.556,0.573,0.547
,MRT,2024,1010000.0,-1275450.0,,,,,,,,,
Mauritius,MUS,2001,38248.0,,0.731,0.73,0.723,0.642,0.641,0.616,0.866,0.866,0.832
Mauritius,MUS,2002,35843.0,-2405.0,0.737,0.731,0.73,0.648,0.642,0.641,0.866,0.866,0.866
Mauritius,MUS,2003,28783.0,-7060.0,0.737,0.737,0.731,0.648,0.648,0.642,0.866,0.866,0.866
Mauritius,MUS,2004,4620.0,-24163.0,0.737,0.737,0.737,0.648,0.648,0.648,0.866,0.866,0.866
Mauritius,MUS,2005,38474.0,33854.0,0.737,0.737,0.737,0.644,0.648,0.648,0.866,0.866,0.866
Mauritius,MUS,2006,0.0,-38474.0,0.737,0.737,0.737,0.645,0.644,0.648,0.866,0.866,0.866
Mauritius,MUS,2007,36265.0,36265.0,0.737,0.737,0.737,0.645,0.645,0.644,0.866,0.866,0.866
Mauritius,MUS,2008,16589.0,-19676.0,0.737,0.737,0.737,0.641,0.645,0.645,0.866,0.866,0.866
Mauritius,MUS,2009,-11821.0,-28410.0,0.737,0.737,0.737,0.641,0.641,0.645,0.866,0.866,0.866
Mauritius,MUS,2010,25424.0,37245.0,0.746,0.737,0.737,0.655,0.641,0.641,0.858,0.866,0.866
Mauritius,MUS,2011,-26567.0,-51991.0,0.746,0.746,0.737,0.656,0.655,0.641,0.858,0.858,0.866
Mauritius,MUS,2012,-823.0,25744.0,0.746,0.746,0.746,0.656,0.656,0.655,0.858,0.858,0.858
Mauritius,MUS,2013,0.0,823.0,0.738,0.746,0.746,0.642,0.656,0.656,0.867,0.858,0.858
Mauritius,MUS,2014,110097.0,110097.0,0.723,0.738,0.746,0.617,0.642,0.656,0.831,0.867,0.858
Mauritius,MUS,2015,-9055.0,-119152.0,0.737,0.723,0.738,0.627,0.617,0.642,0.831,0.831,0.867
Mauritius,MUS,2016,-14014.0,-4959.0,0.731,0.737,0.723,0.62,0.627,0.617,0.831,0.831,0.831
Mauritius,MUS,2017,0.0,14014.0,0.732,0.731,0.737,0.622,0.62,0.627,0.869,0.831,0.831
Mauritius,MUS,2018,0.0,0.0,0.739,0.732,0.731,0.631,0.622,0.62,0.843,0.869,0.831
Mauritius,MUS,2019,0.0,0.0,0.694,0.739,0.732,0.595,0.631,0.622,0.861,0.843,0.869
Mauritius,MUS,2020,0.0,0.0,0.549,0.694,0.739,0.451,0.595,0.631,0.788,0.861,0.843
Mauritius,MUS,2021,0.0,0.0,0.532,0.549,0.694,0.423,0.451,0.595,0.788,0.788,0.861
Mauritius,MUS,2022,0.0,0.0,0.501,0.532,0.549,0.373,0.423,0.451,0.788,0.788,0.788
Mauritius,MUS,2023,0.0,0.0,0.47,0.501,0.532,0.353,0.373,0.423,0.788,0.788,0.788
Malawi,MWI,2001,2055673.0,,0.478,0.478,0.512,0.386,0.379,0.401,0.731,0.731,0.761
Malawi,MWI,2002,2012979.0,-42694.0,0.478,0.478,0.478,0.387,0.386,0.379,0.731,0.731,0.731
Malawi,MWI,2003,2328401.0,315422.0,0.478,0.478,0.478,0.387,0.387,0.386,0.731,0.731,0.731
Malawi,MWI,2004,5550828.0,3222427.0,0.459,0.478,0.478,0.377,0.387,0.387,0.745,0.731,0.731
Malawi,MWI,2005,2746550.0,-2804278.0,0.443,0.459,0.478,0.367,0.377,0.387,0.782,0.745,0.731
Malawi,MWI,2006,1731900.0,-1014650.0,0.439,0.443,0.459,0.364,0.367,0.377,0.8,0.782,0.745
Malawi,MWI,2007,727563.0,-1004337.0,0.442,0.439,0.443,0.365,0.364,0.367,0.79,0.8,0.782
Malawi,MWI,2008,1638145.0,910582.0,0.443,0.442,0.439,0.367,0.365,0.364,0.803,0.79,0.8
Malawi,MWI,2009,1483405.0,-154740.0,0.5,0.443,0.442,0.4,0.367,0.365,0.797,0.803,0.79
Malawi,MWI,2010,370311.0,-1113094.0,0.514,0.5,0.443,0.406,0.4,0.367,0.8,0.797,0.803
Malawi,MWI,2011,2109880.0,1739569.0,0.521,0.514,0.5,0.41,0.406,0.4,0.777,0.8,0.797
Malawi,MWI,2012,95166.0,-2014714.0,0.536,0.521,0.514,0.424,0.41,0.406,0.796,0.777,0.8
Malawi,MWI,2013,2504077.0,2408911.0,0.56,0.536,0.521,0.439,0.424,0.41,0.804,0.796,0.777
Malawi,MWI,2014,2576200.0,72123.0,0.547,0.56,0.536,0.437,0.439,0.424,0.795,0.804,0.796
Malawi,MWI,2015,1315382.0,-1260818.0,0.54,0.547,0.56,0.444,0.437,0.439,0.799,0.795,0.804
Malawi,MWI,2016,6972389.0,5657007.0,0.538,0.54,0.547,0.442,0.444,0.437,0.78,0.799,0.795
Malawi,MWI,2017,10559214.0,3586825.0,0.546,0.538,0.54,0.457,0.442,0.444,0.818,0.78,0.799
Malawi,MWI,2018,10633028.0,73814.0,0.528,0.546,0.538,0.442,0.457,0.442,0.808,0.818,0.78
Malawi,MWI,2019,15853805.0,5220777.0,0.48,0.528,0.546,0.413,0.442,0.457,0.836,0.808,0.818
Malawi,MWI,2020,19551174.0,3697369.0,0.534,0.48,0.528,0.462,0.413,0.442,0.885,0.836,0.808
Malawi,MWI,2021,12483108.0,-7068066.0,0.603,0.534,0.48,0.522,0.462,0.413,0.883,0.885,0.836
Malawi,MWI,2022,2785667.0,-9697441.0,0.611,0.603,0.534,0.512,0.522,0.462,0.86,0.883,0.885
Malawi,MWI,2023,11824772.0,9039105.0,0.571,0.611,0.603,0.479,0.512,0.522,0.854,0.86,0.883
,MWI,2024,10030616.0,-1794156.0,,,,,,,,,
Malaysia,MYS,2001,67269.0,,0.281,0.277,0.266,0.166,0.165,0.162,0.76,0.76,0.402
Malaysia,MYS,2002,350597.0,283328.0,0.281,0.281,0.277,0.171,0.166,0.165,0.76,0.76,0.76
Malaysia,MYS,2003,422369.0,71772.0,0.286,0.281,0.281,0.173,0.171,0.166,0.76,0.76,0.76
Malaysia,MYS,2004,238648.0,-183721.0,0.309,0.286,0.281,0.207,0.173,0.171,0.76,0.76,0.76
Malaysia,MYS,2005,793837.0,555189.0,0.311,0.309,0.286,0.209,0.207,0.173,0.76,0.76,0.76
Malaysia,MYS,2006,690188.0,-103649.0,0.312,0.311,0.309,0.21,0.209,0.207,0.769,0.76,0.76
Malaysia,MYS,2007,2455851.0,1765663.0,0.314,0.312,0.311,0.21,0.21,0.209,0.769,0.769,0.76
Malaysia,MYS,2008,1809232.0,-646619.0,0.328,0.314,0.312,0.216,0.21,0.21,0.796,0.769,0.769
Malaysia,MYS,2009,1979935.0,170703.0,0.331,0.328,0.314,0.218,0.216,0.21,0.796,0.796,0.769
Malaysia,MYS,2010,1781107.0,-198828.0,0.329,0.331,0.328,0.216,0.218,0.216,0.774,0.796,0.796
Malaysia,MYS,2011,1428706.0,-352401.0,0.327,0.329,0.331,0.216,0.216,0.218,0.774,0.774,0.796
Malaysia,MYS,2012,2356537.0,927831.0,0.327,0.327,0.329,0.218,0.216,0.216,0.774,0.774,0.774
Malaysia,MYS,2013,885118.0,-1471419.0,0.321,0.327,0.327,0.206,0.218,0.216,0.771,0.774,0.774
Malaysia,MYS,2014,1817468.0,932350.0,0.323,0.321,0.327,0.208,0.206,0.218,0.771,0.771,0.774
Malaysia,MYS,2015,1890328.0,72860.0,0.325,0.323,0.321,0.204,0.208,0.206,0.771,0.771,0.771
Malaysia,MYS,2016,959471.0,-930857.0,0.328,0.325,0.323,0.202,0.204,0.208,0.771,0.771,0.771
Malaysia,MYS,2017,2045590.0,1086119.0,0.333,0.328,0.325,0.206,0.202,0.204,0.739,0.771,0.771
Malaysia,MYS,2018,3191997.0,1146407.0,0.444,0.333,0.328,0.319,0.206,0.202,0.749,0.739,0.771
Malaysia,MYS,2019,4039069.0,847072.0,0.47,0.444,0.333,0.338,0.319,0.206,0.761,0.749,0.739
Malaysia,MYS,2020,748602.0,-3290467.0,0.425,0.47,0.444,0.307,0.338,0.319,0.761,0.761,0.749
Malaysia,MYS,2021,3185482.0,2436880.0,0.432,0.425,0.47,0.3,0.307,0.338,0.745,0.761,0.761
Malaysia,MYS,2022,-349866.0,-3535348.0,0.459,0.432,0.425,0.316,0.3,0.307,0.751,0.745,0.761
Malaysia,MYS,2023,0.0,349866.0,0.508,0.459,0.432,0.362,0.316,0.3,0.77,0.751,0.745
,MYS,2024,125000.0,125000.0,,,,,,,,,
Namibia,NAM,2001,2976567.0,,0.651,0.654,0.669,0.537,0.54,0.55,0.715,0.715,0.69
Namibia,NAM,2002,6582080.0,3605513.0,0.651,0.651,0.654,0.534,0.537,0.54,0.715,0.715,0.715
Namibia,NAM,2003,6206668.0,-375412.0,0.651,0.651,0.651,0.537,0.534,0.537,0.715,0.715,0.715
Namibia,NAM,2004,6886904.0,680236.0,0.654,0.651,0.651,0.537,0.537,0.534,0.715,0.715,0.715
Namibia,NAM,2005,2236817.0,-4650087.0,0.664,0.654,0.651,0.55,0.537,0.537,0.715,0.715,0.715
Namibia,NAM,2006,1128764.0,-1108053.0,0.668,0.664,0.654,0.551,0.55,0.537,0.715,0.715,0.715
Namibia,NAM,2007,2040105.0,911341.0,0.659,0.668,0.664,0.544,0.551,0.55,0.715,0.715,0.715
Namibia,NAM,2008,1378081.0,-662024.0,0.662,0.659,0.668,0.548,0.544,0.551,0.715,0.715,0.715
Namibia,NAM,2009,842100.0,-535981.0,0.655,0.662,0.659,0.541,0.548,0.544,0.715,0.715,0.715
Namibia,NAM,2010,2695015.0,1852915.0,0.637,0.655,0.662,0.528,0.541,0.548,0.723,0.715,0.715
Namibia,NAM,2011,61523.0,-2633492.0,0.644,0.637,0.655,0.533,0.528,0.541,0.723,0.723,0.715
Namibia,NAM,2012,-9644.0,-71167.0,0.644,0.644,0.637,0.533,0.533,0.528,0.723,0.723,0.723
Namibia,NAM,2013,19783.0,29427.0,0.65,0.644,0.644,0.536,0.533,0.533,0.723,0.723,0.723
Namibia,NAM,2014,563436.0,543653.0,0.656,0.65,0.644,0.542,0.536,0.533,0.723,0.723,0.723
Namibia,NAM,2015,-134737.0,-698173.0,0.707,0.656,0.65,0.579,0.542,0.536,0.723,0.723,0.723
Namibia,NAM,2016,-317341.0,-182604.0,0.711,0.707,0.656,0.584,0.579,0.542,0.687,0.723,0.723
Namibia,NAM,2017,116777.0,434118.0,0.709,0.711,0.707,0.577,0.584,0.579,0.712,0.687,0.723
Namibia,NAM,2018,269538.0,152761.0,0.682,0.709,0.711,0.562,0.577,0.584,0.726,0.712,0.687
Namibia,NAM,2019,63880.0,-205658.0,0.647,0.682,0.709,0.512,0.562,0.577,0.684,0.726,0.712
Namibia,NAM,2020,1067555.0,1003675.0,0.632,0.647,0.682,0.516,0.512,0.562,0.703,0.684,0.726
Namibia,NAM,2021,286726.0,-780829.0,0.622,0.632,0.647,0.506,0.516,0.512,0.713,0.703,0.684
Namibia,NAM,2022,0.0,-286726.0,0.626,0.622,0.632,0.503,0.506,0.516,0.713,0.713,0.703
Namibia,NAM,2023,0.0,0.0,0.622,0.626,0.622,0.503,0.503,0.506,0.713,0.713,0.713
,NCN,2021,70786.0,,,,,,,,,,
Niger,NER,2001,201614.0,,0.543,0.546,0.255,0.407,0.407,0.173,0.806,0.806,0.846
Niger,NER,2002,299678.0,98064.0,0.543,0.543,0.546,0.407,0.407,0.407,0.806,0.806,0.806
Niger,NER,2003,661390.0,361712.0,0.543,0.543,0.543,0.407,0.407,0.407,0.806,0.806,0.806
Niger,NER,2004,401199.0,-260191.0,0.547,0.543,0.543,0.409,0.407,0.407,0.806,0.806,0.806
Niger,NER,2005,141583.0,-259616.0,0.573,0.547,0.543,0.425,0.409,0.407,0.806,0.806,0.806
Niger,NER,2006,163958.0,22375.0,0.578,0.573,0.547,0.426,0.425,0.409,0.806,0.806,0.806
Niger,NER,2007,137125.0,-26833.0,0.578,0.578,0.573,0.427,0.426,0.425,0.806,0.806,0.806
Niger,NER,2008,2355908.0,2218783.0,0.576,0.578,0.578,0.421,0.427,0.426,0.806,0.806,0.806
Niger,NER,2009,187091.0,-2168817.0,0.421,0.576,0.578,0.275,0.421,0.427,0.806,0.806,0.806
Niger,NER,2010,1992522.0,1805431.0,0.265,0.421,0.576,0.185,0.275,0.421,0.933,0.806,0.806
Niger,NER,2011,973326.0,-1019196.0,0.541,0.265,0.421,0.39,0.185,0.275,0.935,0.933,0.806
Niger,NER,2012,2119166.0,1145840.0,0.624,0.541,0.265,0.482,0.39,0.185,0.922,0.935,0.933
Niger,NER,2013,2063134.0,-56032.0,0.629,0.624,0.541,0.501,0.482,0.39,0.926,0.922,0.935
Niger,NER,2014,1112984.0,-950150.0,0.633,0.629,0.624,0.502,0.501,0.482,0.926,0.926,0.922
Niger,NER,2015,6467245.0,5354261.0,0.622,0.633,0.629,0.493,0.502,0.501,0.926,0.926,0.926
Niger,NER,2016,6696257.0,229012.0,0.573,0.622,0.633,0.459,0.493,0.502,0.926,0.926,0.926
Niger,NER,2017,4126992.0,-2569265.0,0.542,0.573,0.622,0.426,0.459,0.493,0.901,0.926,0.926
Niger,NER,2018,6072434.0,1945442.0,0.53,0.542,0.573,0.405,0.426,0.459,0.812,0.901,0.926
Niger,NER,2019,8022368.0,1949934.0,0.528,0.53,0.542,0.401,0.405,0.426,0.873,0.812,0.901
Niger,NER,2020,7542182.0,-480186.0,0.544,0.528,0.53,0.401,0.401,0.405,0.855,0.873,0.812
Niger,NER,2021,6948582.0,-593600.0,0.523,0.544,0.528,0.401,0.401,0.401,0.836,0.855,0.873
Niger,NER,2022,2753413.0,-4195169.0,0.504,0.523,0.544,0.387,0.401,0.401,0.805,0.836,0.855
Niger,NER,2023,2936849.0,183436.0,0.388,0.504,0.523,0.285,0.387,0.401,0.872,0.805,0.836
,NER,2024,5738979.0,2802130.0,,,,,,,,,
Nigeria,NGA,2001,11895899.0,,0.471,0.471,0.376,0.327,0.327,0.243,0.85,0.85,0.85
Nigeria,NGA,2002,42646021.0,30750122.0,0.471,0.471,0.471,0.327,0.327,0.327,0.85,0.85,0.85
Nigeria,NGA,2003,10521030.0,-32124991.0,0.428,0.471,0.471,0.304,0.327,0.327,0.85,0.85,0.85
Nigeria,NGA,2004,5606608.0,-4914422.0,0.412,0.428,0.471,0.296,0.304,0.327,0.85,0.85,0.85
Nigeria,NGA,2005,25880620.0,20274012.0,0.412,0.412,0.428,0.296,0.296,0.304,0.85,0.85,0.85
Nigeria,NGA,2006,18387697.0,-7492923.0,0.417,0.412,0.412,0.294,0.296,0.296,0.85,0.85,0.85
Nigeria,NGA,2007,18433521.0,45824.0,0.408,0.417,0.412,0.297,0.294,0.296,0.855,0.85,0.85
Nigeria,NGA,2008,11200912.0,-7232609.0,0.414,0.408,0.417,0.303,0.297,0.294,0.861,0.855,0.85
Nigeria,NGA,2009,15430422.0,4229510.0,0.413,0.414,0.408,0.304,0.303,0.297,0.854,0.861,0.855
Nigeria,NGA,2010,44430082.0,28999660.0,0.43,0.413,0.414,0.319,0.304,0.303,0.876,0.854,0.861
Nigeria,NGA,2011,36443440.0,-7986642.0,0.481,0.43,0.413,0.348,0.319,0.304,0.882,0.876,0.854
Nigeria,NGA,2012,40503782.0,4060342.0,0.506,0.481,0.43,0.36,0.348,0.319,0.867,0.882,0.876
Nigeria,NGA,2013,13715564.0,-26788218.0,0.52,0.506,0.481,0.381,0.36,0.348,0.867,0.867,0.882
Nigeria,NGA,2014,32592977.0,18877413.0,0.525,0.52,0.506,0.389,0.381,0.36,0.863,0.867,0.867
Nigeria,NGA,2015,44805794.0,12212817.0,0.554,0.525,0.52,0.401,0.389,0.381,0.863,0.863,0.867
Nigeria,NGA,2016,16687718.0,-28118076.0,0.555,0.554,0.525,0.395,0.401,0.389,0.871,0.863,0.863
Nigeria,NGA,2017,33000488.0,16312770.0,0.556,0.555,0.554,0.393,0.395,0.401,0.87,0.871,0.863
Nigeria,NGA,2018,31578207.0,-1422281.0,0.555,0.556,0.555,0.391,0.393,0.395,0.87,0.87,0.871
Nigeria,NGA,2019,28924174.0,-2654033.0,0.52,0.555,0.556,0.36,0.391,0.393,0.865,0.87,0.87
Nigeria,NGA,2020,39391838.0,10467664.0,0.512,0.52,0.555,0.349,0.36,0.391,0.835,0.865,0.87
Nigeria,NGA,2021,49878188.0,10486350.0,0.488,0.512,0.52,0.331,0.349,0.36,0.831,0.835,0.865
Nigeria,NGA,2022,24179030.0,-25699158.0,0.49,0.488,0.512,0.321,0.331,0.349,0.822,0.831,0.835
Nigeria,NGA,2023,28993203.0,4814173.0,0.484,0.49,0.488,0.316,0.321,0.331,0.835,0.822,0.831
,NGA,2024,9941623.0,-19051580.0,,,,,,,,,
Nicaragua,NIC,2001,16533096.0,,0.588,0.586,0.597,0.373,0.378,0.383,0.615,0.615,0.615
Nicaragua,NIC,2002,9158801.0,-7374295.0,0.601,0.588,0.586,0.377,0.373,0.378,0.615,0.615,0.615
Nicaragua,NIC,2003,8276470.0,-882331.0,0.591,0.601,0.588,0.371,0.377,0.373,0.619,0.615,0.615
Nicaragua,NIC,2004,9937637.0,1661167.0,0.591,0.591,0.601,0.372,0.371,0.377,0.619,0.619,0.615
Nicaragua,NIC,2005,33394776.0,23457139.0,0.591,0.591,0.591,0.372,0.372,0.371,0.619,0.619,0.619
Nicaragua,NIC,2006,89818977.0,56424201.0,0.563,0.591,0.591,0.322,0.372,0.372,0.619,0.619,0.619
Nicaragua,NIC,2007,27469958.0,-62349019.0,0.457,0.563,0.591,0.216,0.322,0.372,0.575,0.619,0.619
Nicaragua,NIC,2008,14602116.0,-12867842.0,0.445,0.457,0.563,0.203,0.216,0.322,0.6,0.575,0.619
Nicaragua,NIC,2009,11008308.0,-3593808.0,0.441,0.445,0.457,0.197,0.203,0.216,0.6,0.6,0.575
Nicaragua,NIC,2010,-1100398.0,-12108706.0,0.436,0.441,0.445,0.192,0.197,0.203,0.58,0.6,0.6
Nicaragua,NIC,2011,16921255.0,18021653.0,0.425,0.436,0.441,0.188,0.192,0.197,0.58,0.58,0.6
Nicaragua,NIC,2012,6143874.0,-10777381.0,0.371,0.425,0.436,0.156,0.188,0.192,0.58,0.58,0.58
Nicaragua,NIC,2013,14452965.0,8309091.0,0.319,0.371,0.425,0.125,0.156,0.188,0.498,0.58,0.58
Nicaragua,NIC,2014,8945686.0,-5507279.0,0.319,0.319,0.371,0.126,0.125,0.156,0.448,0.498,0.58
Nicaragua,NIC,2015,12393449.0,3447763.0,0.318,0.319,0.319,0.124,0.126,0.125,0.448,0.448,0.498
Nicaragua,NIC,2016,16544157.0,4150708.0,0.305,0.318,0.319,0.12,0.124,0.126,0.392,0.448,0.448
Nicaragua,NIC,2017,13715065.0,-2829092.0,0.281,0.305,0.318,0.103,0.12,0.124,0.352,0.392,0.448
Nicaragua,NIC,2018,19647899.0,5932834.0,0.221,0.281,0.305,0.051,0.103,0.12,0.265,0.352,0.392
Nicaragua,NIC,2019,28015955.0,8368056.0,0.215,0.221,0.281,0.046,0.051,0.103,0.242,0.265,0.352
Nicaragua,NIC,2020,16758253.0,-11257702.0,0.215,0.215,0.221,0.045,0.046,0.051,0.179,0.242,0.265
Nicaragua,NIC,2021,17468555.0,710302.0,0.195,0.215,0.215,0.034,0.045,0.046,0.177,0.179,0.242
Nicaragua,NIC,2022,11700849.0,-5767706.0,0.158,0.195,0.215,0.027,0.034,0.045,0.133,0.177,0.179
Nicaragua,NIC,2023,14831675.0,3130826.0,0.158,0.158,0.195,0.021,0.027,0.034,0.129,0.133,0.177
,NIC,2024,16319308.0,1487633.0,,,,,,,,,
Netherlands,NLD,2001,0.0,,0.856,0.856,0.866,0.808,0.808,0.817,0.889,0.889,0.889
Netherlands,NLD,2002,0.0,0.0,0.851,0.856,0.856,0.803,0.808,0.808,0.853,0.889,0.889
Netherlands,NLD,2003,0.0,0.0,0.86,0.851,0.856,0.813,0.803,0.808,0.853,0.853,0.889
Netherlands,NLD,2004,0.0,0.0,0.86,0.86,0.851,0.813,0.813,0.803,0.853,0.853,0.853
Netherlands,NLD,2005,0.0,0.0,0.86,0.86,0.86,0.813,0.813,0.813,0.853,0.853,0.853
Netherlands,NLD,2006,0.0,0.0,0.865,0.86,0.86,0.817,0.813,0.813,0.853,0.853,0.853
Netherlands,NLD,2007,0.0,0.0,0.872,0.865,0.86,0.823,0.817,0.813,0.896,0.853,0.853
Netherlands,NLD,2008,14379.0,14379.0,0.872,0.872,0.865,0.823,0.823,0.817,0.896,0.896,0.853
Netherlands,NLD,2009,0.0,-14379.0,0.872,0.872,0.872,0.823,0.823,0.823,0.896,0.896,0.896
Netherlands,NLD,2010,0.0,0.0,0.874,0.872,0.872,0.828,0.823,0.823,0.854,0.896,0.896
Netherlands,NLD,2011,0.0,0.0,0.874,0.874,0.872,0.827,0.828,0.823,0.854,0.854,0.896
Netherlands,NLD,2012,0.0,0.0,0.872,0.874,0.874,0.825,0.827,0.828,0.891,0.854,0.854
Netherlands,NLD,2013,0.0,0.0,0.878,0.872,0.874,0.83,0.825,0.827,0.88,0.891,0.854
Netherlands,NLD,2014,0.0,0.0,0.879,0.878,0.872,0.831,0.83,0.825,0.88,0.88,0.891
Netherlands,NLD,2015,0.0,0.0,0.879,0.879,0.878,0.831,0.831,0.83,0.88,0.88,0.88
Netherlands,NLD,2016,0.0,0.0,0.879,0.879,0.879,0.831,0.831,0.831,0.88,0.88,0.88
Netherlands,NLD,2017,0.0,0.0,0.878,0.879,0.879,0.833,0.831,0.831,0.88,0.88,0.88
Netherlands,NLD,2018,0.0,0.0,0.876,0.878,0.879,0.83,0.833,0.831,0.862,0.88,0.88
Netherlands,NLD,2019,0.0,0.0,0.866,0.876,0.878,0.819,0.83,0.833,0.889,0.862,0.88
Netherlands,NLD,2020,0.0,0.0,0.864,0.866,0.876,0.813,0.819,0.83,0.889,0.889,0.862
Netherlands,NLD,2021,0.0,0.0,0.864,0.864,0.866,0.812,0.813,0.819,0.889,0.889,0.889
Netherlands,NLD,2022,0.0,0.0,0.852,0.864,0.864,0.798,0.812,0.813,0.889,0.889,0.889
Netherlands,NLD,2023,0.0,0.0,0.847,0.852,0.864,0.791,0.798,0.812,0.913,0.889,0.889
Norway,NOR,2001,0.0,,0.892,0.891,0.882,0.858,0.857,0.848,0.987,0.987,0.987
Norway,NOR,2002,0.0,0.0,0.893,0.892,0.891,0.86,0.858,0.857,0.987,0.987,0.987
Norway,NOR,2003,0.0,0.0,0.893,0.893,0.892,0.86,0.86,0.858,0.987,0.987,0.987
Norway,NOR,2004,0.0,0.0,0.893,0.893,0.893,0.86,0.86,0.86,0.987,0.987,0.987
Norway,NOR,2005,0.0,0.0,0.895,0.893,0.893,0.862,0.86,0.86,0.987,0.987,0.987
Norway,NOR,2006,0.0,0.0,0.898,0.895,0.893,0.864,0.862,0.86,0.987,0.987,0.987
Norway,NOR,2007,0.0,0.0,0.898,0.898,0.895,0.864,0.864,0.862,0.987,0.987,0.987
Norway,NOR,2008,0.0,0.0,0.898,0.898,0.898,0.864,0.864,0.864,0.987,0.987,0.987
Norway,NOR,2009,0.0,0.0,0.899,0.898,0.898,0.866,0.864,0.864,0.987,0.987,0.987
Norway,NOR,2010,0.0,0.0,0.901,0.899,0.898,0.869,0.866,0.864,0.987,0.987,0.987
Norway,NOR,2011,0.0,0.0,0.901,0.901,0.899,0.869,0.869,0.866,0.987,0.987,0.987
Norway,NOR,2012,0.0,0.0,0.901,0.901,0.901,0.869,0.869,0.869,0.987,0.987,0.987
Norway,NOR,2013,0.0,0.0,0.897,0.901,0.901,0.863,0.869,0.869,0.987,0.987,0.987
Norway,NOR,2014,0.0,0.0,0.9,0.897,0.901,0.866,0.863,0.869,0.987,0.987,0.987
Norway,NOR,2015,0.0,0.0,0.904,0.9,0.897,0.871,0.866,0.863,0.987,0.987,0.987
Norway,NOR,2016,0.0,0.0,0.891,0.904,0.9,0.859,0.871,0.866,0.987,0.987,0.987
Norway,NOR,2017,0.0,0.0,0.888,0.891,0.904,0.855,0.859,0.871,0.987,0.987,0.987
Norway,NOR,2018,0.0,0.0,0.883,0.888,0.891,0.847,0.855,0.859,0.987,0.987,0.987
Norway,NOR,2019,0.0,0.0,0.889,0.883,0.888,0.852,0.847,0.855,0.956,0.987,0.987
Norway,NOR,2020,0.0,0.0,0.888,0.889,0.883,0.84,0.852,0.847,0.973,0.956,0.987
Norway,NOR,2021,0.0,0.0,0.892,0.888,0.889,0.843,0.84,0.852,0.973,0.973,0.956
Norway,NOR,2022,0.0,0.0,0.892,0.892,0.888,0.842,0.843,0.84,0.973,0.973,0.973
Norway,NOR,2023,0.0,0.0,0.89,0.892,0.892,0.841,0.842,0.843,0.973,0.973,0.973
Nepal,NPL,2001,76747.0,,0.352,0.36,0.388,0.283,0.291,0.307,0.765,0.741,0.702
Nepal,NPL,2002,2646072.0,2569325.0,0.271,0.352,0.36,0.221,0.283,0.291,0.765,0.765,0.741
Nepal,NPL,2003,3800780.0,1154708.0,0.224,0.271,0.352,0.145,0.221,0.283,0.765,0.765,0.765
Nepal,NPL,2004,5357551.0,1556771.0,0.224,0.224,0.271,0.145,0.145,0.221,0.765,0.765,0.765
Nepal,NPL,2005,16594091.0,11236540.0,0.222,0.224,0.224,0.149,0.145,0.145,0.761,0.765,0.765
Nepal,NPL,2006,12957713.0,-3636378.0,0.23,0.222,0.224,0.21,0.149,0.145,0.793,0.761,0.765
Nepal,NPL,2007,12797892.0,-159821.0,0.274,0.23,0.222,0.277,0.21,0.149,0.834,0.793,0.761
Nepal,NPL,2008,10708032.0,-2089860.0,0.478,0.274,0.23,0.413,0.277,0.21,0.839,0.834,0.793
Nepal,NPL,2009,17739950.0,7031918.0,0.56,0.478,0.274,0.471,0.413,0.277,0.85,0.839,0.834
Nepal,NPL,2010,11910535.0,-5829415.0,0.554,0.56,0.478,0.465,0.471,0.413,0.838,0.85,0.839
Nepal,NPL,2011,12082158.0,171623.0,0.556,0.554,0.56,0.472,0.465,0.471,0.838,0.838,0.85
Nepal,NPL,2012,961000.0,-11121158.0,0.39,0.556,0.554,0.31,0.472,0.465,0.836,0.838,0.838
Nepal,NPL,2013,24859117.0,23898117.0,0.28,0.39,0.556,0.191,0.31,0.472,0.84,0.836,0.838
Nepal,NPL,2014,6463486.0,-18395631.0,0.625,0.28,0.39,0.501,0.191,0.31,0.84,0.84,0.836
Nepal,NPL,2015,26492947.0,20029461.0,0.643,0.625,0.28,0.534,0.501,0.191,0.842,0.84,0.84
Nepal,NPL,2016,13204774.0,-13288173.0,0.665,0.643,0.625,0.557,0.534,0.501,0.858,0.842,0.84
Nepal,NPL,2017,24916037.0,11711263.0,0.66,0.665,0.643,0.553,0.557,0.534,0.87,0.858,0.842
Nepal,NPL,2018,15798630.0,-9117407.0,0.633,0.66,0.665,0.523,0.553,0.557,0.843,0.87,0.858
Nepal,NPL,2019,28937469.0,13138839.0,0.606,0.633,0.66,0.484,0.523,0.553,0.815,0.843,0.87
Nepal,NPL,2020,19885104.0,-9052365.0,0.598,0.606,0.633,0.477,0.484,0.523,0.815,0.815,0.843
Nepal,NPL,2021,14455831.0,-5429273.0,0.609,0.598,0.606,0.491,0.477,0.484,0.791,0.815,0.815
Nepal,NPL,2022,20768545.0,6312714.0,0.631,0.609,0.598,0.501,0.491,0.477,0.872,0.791,0.815
Nepal,NPL,2023,6145210.0,-14623335.0,0.685,0.631,0.609,0.528,0.501,0.491,0.855,0.872,0.791
,NPL,2024,17051510.0,10906300.0,,,,,,,,,
New Zealand,NZL,2001,0.0,,0.881,0.881,0.88,0.827,0.827,0.825,0.856,0.856,0.887
New Zealand,NZL,2002,0.0,0.0,0.881,0.881,0.881,0.826,0.827,0.827,0.856,0.856,0.856
New Zealand,NZL,2003,0.0,0.0,0.88,0.881,0.881,0.825,0.826,0.827,0.856,0.856,0.856
New Zealand,NZL,2004,0.0,0.0,0.88,0.88,0.881,0.825,0.825,0.826,0.856,0.856,0.856
New Zealand,NZL,2005,0.0,0.0,0.879,0.88,0.88,0.824,0.825,0.825,0.856,0.856,0.856
New Zealand,NZL,2006,0.0,0.0,0.878,0.879,0.88,0.822,0.824,0.825,0.856,0.856,0.856
New Zealand,NZL,2007,0.0,0.0,0.878,0.878,0.879,0.822,0.822,0.824,0.856,0.856,0.856
New Zealand,NZL,2008,0.0,0.0,0.88,0.878,0.878,0.825,0.822,0.822,0.859,0.856,0.856
New Zealand,NZL,2009,0.0,0.0,0.893,0.88,0.878,0.839,0.825,0.822,0.85,0.859,0.856
New Zealand,NZL,2010,0.0,0.0,0.893,0.893,0.88,0.839,0.839,0.825,0.85,0.85,0.859
New Zealand,NZL,2011,0.0,0.0,0.891,0.893,0.893,0.837,0.839,0.839,0.85,0.85,0.85
New Zealand,NZL,2012,0.0,0.0,0.893,0.891,0.893,0.84,0.837,0.839,0.85,0.85,0.85
New Zealand,NZL,2013,0.0,0.0,0.887,0.893,0.891,0.832,0.84,0.837,0.85,0.85,0.85
New Zealand,NZL,2014,0.0,0.0,0.886,0.887,0.893,0.831,0.832,0.84,0.85,0.85,0.85
New Zealand,NZL,2015,0.0,0.0,0.883,0.886,0.887,0.828,0.831,0.832,0.85,0.85,0.85
New Zealand,NZL,2016,0.0,0.0,0.883,0.883,0.886,0.828,0.828,0.831,0.846,0.85,0.85
New Zealand,NZL,2017,0.0,0.0,0.879,0.883,0.883,0.822,0.828,0.828,0.883,0.846,0.85
New Zealand,NZL,2018,0.0,0.0,0.888,0.879,0.883,0.833,0.822,0.828,0.883,0.883,0.846
New Zealand,NZL,2019,0.0,0.0,0.885,0.888,0.879,0.831,0.833,0.822,0.883,0.883,0.883
New Zealand,NZL,2020,0.0,0.0,0.882,0.885,0.888,0.826,0.831,0.833,0.883,0.883,0.883
New Zealand,NZL,2021,0.0,0.0,0.874,0.882,0.885,0.813,0.826,0.831,0.902,0.883,0.883
New Zealand,NZL,2022,0.0,0.0,0.878,0.874,0.882,0.822,0.813,0.826,0.88,0.902,0.883
New Zealand,NZL,2023,0.0,0.0,0.88,0.878,0.874,0.824,0.822,0.813,0.88,0.88,0.902
,OCN,2004,475732.0,,,,,,,,,,
,OCN,2005,461683.0,-14049.0,,,,,,,,,
,OCN,2006,459499.0,-2184.0,,,,,,,,,
,OCN,2007,458198.0,-1301.0,,,,,,,,,
,OCN,2010,40165.0,-418033.0,,,,,,,,,
,OCN,2020,1304789.0,1264624.0,,,,,,,,,
,OCN,2021,286726.0,-1018063.0,,,,,,,,,
,OCN,2023,827892.0,541166.0,,,,,,,,,
Oman,OMN,2001,0.0,,0.101,0.051,0.017,0.111,0.104,0.087,0.264,0.245,0.245
Oman,OMN,2002,2112647.0,2112647.0,0.148,0.101,0.051,0.122,0.111,0.104,0.264,0.264,0.245
Oman,OMN,2003,0.0,-2112647.0,0.151,0.148,0.101,0.123,0.122,0.111,0.264,0.264,0.264
Oman,OMN,2004,0.0,0.0,0.156,0.151,0.148,0.124,0.123,0.122,0.29,0.264,0.264
Oman,OMN,2005,0.0,0.0,0.156,0.156,0.151,0.125,0.124,0.123,0.29,0.29,0.264
Oman,OMN,2006,0.0,0.0,0.157,0.156,0.156,0.127,0.125,0.124,0.29,0.29,0.29
Oman,OMN,2007,0.0,0.0,0.157,0.157,0.156,0.125,0.127,0.125,0.29,0.29,0.29
Oman,OMN,2008,0.0,0.0,0.157,0.157,0.157,0.126,0.125,0.127,0.297,0.29,0.29
Oman,OMN,2009,0.0,0.0,0.157,0.157,0.157,0.126,0.126,0.125,0.297,0.297,0.29
Oman,OMN,2010,0.0,0.0,0.156,0.157,0.157,0.126,0.126,0.126,0.297,0.297,0.297
Oman,OMN,2011,0.0,0.0,0.167,0.156,0.157,0.136,0.126,0.126,0.322,0.297,0.297
Oman,OMN,2012,2659044.0,2659044.0,0.171,0.167,0.156,0.138,0.136,0.126,0.36,0.322,0.297
Oman,OMN,2013,0.0,-2659044.0,0.171,0.171,0.167,0.139,0.138,0.136,0.36,0.36,0.322
Oman,OMN,2014,0.0,0.0,0.172,0.171,0.171,0.14,0.139,0.138,0.36,0.36,0.36
Oman,OMN,2015,0.0,0.0,0.172,0.172,0.171,0.141,0.14,0.139,0.36,0.36,0.36
Oman,OMN,2016,0.0,0.0,0.175,0.172,0.172,0.141,0.141,0.14,0.36,0.36,0.36
Oman,OMN,2017,0.0,0.0,0.176,0.175,0.172,0.14,0.141,0.141,0.36,0.36,0.36
Oman,OMN,2018,0.0,0.0,0.176,0.176,0.175,0.141,0.14,0.141,0.36,0.36,0.36
Oman,OMN,2019,0.0,0.0,0.176,0.176,0.176,0.141,0.141,0.14,0.371,0.36,0.36
Oman,OMN,2020,0.0,0.0,0.174,0.176,0.176,0.137,0.141,0.141,0.303,0.371,0.36
Oman,OMN,2021,0.0,0.0,0.174,0.174,0.176,0.14,0.137,0.141,0.368,0.303,0.371
Oman,OMN,2022,0.0,0.0,0.172,0.174,0.174,0.138,0.14,0.137,0.368,0.368,0.303
Oman,OMN,2023,0.0,0.0,0.172,0.172,0.174,0.139,0.138,0.14,0.363,0.368,0.368
Pakistan,PAK,2001,129001485.0,,0.203,0.205,0.34,0.091,0.094,0.167,0.598,0.598,0.574
Pakistan,PAK,2002,152781614.0,23780129.0,0.243,0.203,0.205,0.132,0.091,0.094,0.625,0.598,0.598
Pakistan,PAK,2003,64459417.0,-88322197.0,0.356,0.243,0.203,0.19,0.132,0.091,0.653,0.625,0.598
Pakistan,PAK,2004,63422140.0,-1037277.0,0.356,0.356,0.243,0.192,0.19,0.132,0.653,0.653,0.625
Pakistan,PAK,2005,112761808.0,49339668.0,0.358,0.356,0.356,0.189,0.192,0.19,0.653,0.653,0.653
Pakistan,PAK,2006,19198152.0,-93563656.0,0.355,0.358,0.356,0.187,0.189,0.192,0.653,0.653,0.653
Pakistan,PAK,2007,74611557.0,55413405.0,0.351,0.355,0.358,0.185,0.187,0.189,0.684,0.653,0.653
Pakistan,PAK,2008,128761505.0,54149948.0,0.416,0.351,0.355,0.223,0.185,0.187,0.716,0.684,0.653
Pakistan,PAK,2009,177742361.0,48980856.0,0.451,0.416,0.351,0.259,0.223,0.185,0.734,0.716,0.684
Pakistan,PAK,2010,390818091.0,213075730.0,0.466,0.451,0.416,0.285,0.259,0.223,0.722,0.734,0.716
Pakistan,PAK,2011,192845383.0,-197972708.0,0.466,0.466,0.451,0.283,0.285,0.259,0.738,0.722,0.734
Pakistan,PAK,2012,315756405.0,122911022.0,0.466,0.466,0.466,0.283,0.283,0.285,0.751,0.738,0.722
Pakistan,PAK,2013,176059815.0,-139696590.0,0.47,0.466,0.466,0.285,0.283,0.283,0.688,0.751,0.738
Pakistan,PAK,2014,123295219.0,-52764596.0,0.469,0.47,0.466,0.283,0.285,0.283,0.686,0.688,0.751
Pakistan,PAK,2015,282678095.0,159382876.0,0.441,0.469,0.47,0.264,0.283,0.285,0.619,0.686,0.688
Pakistan,PAK,2016,25246186.0,-257431909.0,0.429,0.441,0.469,0.258,0.264,0.283,0.619,0.619,0.686
Pakistan,PAK,2017,131323612.0,106077426.0,0.419,0.429,0.441,0.257,0.258,0.264,0.643,0.619,0.619
Pakistan,PAK,2018,86016281.0,-45307331.0,0.395,0.419,0.429,0.25,0.257,0.258,0.699,0.643,0.619
Pakistan,PAK,2019,38685805.0,-47330476.0,0.368,0.395,0.419,0.233,0.25,0.257,0.679,0.699,0.643
Pakistan,PAK,2020,52240418.0,13554613.0,0.377,0.368,0.395,0.253,0.233,0.25,0.751,0.679,0.699
Pakistan,PAK,2021,33439401.0,-18801017.0,0.394,0.377,0.368,0.248,0.253,0.233,0.733,0.751,0.679
Pakistan,PAK,2022,14984650.0,-18454751.0,0.379,0.394,0.377,0.227,0.248,0.253,0.721,0.733,0.751
Pakistan,PAK,2023,25671525.0,10686875.0,0.334,0.379,0.394,0.205,0.227,0.248,0.737,0.721,0.733
,PAK,2024,10593628.0,-15077897.0,,,,,,,,,
Panama,PAN,2001,3967193.0,,0.738,0.73,0.698,0.558,0.549,0.524,0.667,0.667,0.667
Panama,PAN,2002,1538634.0,-2428559.0,0.738,0.738,0.73,0.558,0.558,0.549,0.667,0.667,0.667
Panama,PAN,2003,2254067.0,715433.0,0.738,0.738,0.738,0.558,0.558,0.558,0.667,0.667,0.667
Panama,PAN,2004,1893439.0,-360628.0,0.737,0.738,0.738,0.561,0.558,0.558,0.667,0.667,0.667
Panama,PAN,2005,9850498.0,7957059.0,0.736,0.737,0.738,0.547,0.561,0.558,0.667,0.667,0.667
Panama,PAN,2006,11765141.0,1914643.0,0.736,0.736,0.737,0.547,0.547,0.561,0.667,0.667,0.667
Panama,PAN,2007,5820177.0,-5944964.0,0.736,0.736,0.736,0.547,0.547,0.547,0.667,0.667,0.667
Panama,PAN,2008,3204035.0,-2616142.0,0.736,0.736,0.736,0.547,0.547,0.547,0.667,0.667,0.667
Panama,PAN,2009,-34165.0,-3238200.0,0.739,0.736,0.736,0.549,0.547,0.547,0.643,0.667,0.667
Panama,PAN,2010,13084868.0,13119033.0,0.746,0.739,0.736,0.554,0.549,0.547,0.643,0.643,0.667
Panama,PAN,2011,3945447.0,-9139421.0,0.746,0.746,0.739,0.554,0.554,0.549,0.643,0.643,0.643
Panama,PAN,2012,6747439.0,2801992.0,0.746,0.746,0.746,0.554,0.554,0.554,0.643,0.643,0.643
Panama,PAN,2013,0.0,-6747439.0,0.748,0.746,0.746,0.547,0.554,0.554,0.646,0.643,0.643
Panama,PAN,2014,-192669.0,-192669.0,0.744,0.748,0.746,0.544,0.547,0.554,0.646,0.646,0.643
Panama,PAN,2015,-5450.0,187219.0,0.755,0.744,0.748,0.553,0.544,0.547,0.646,0.646,0.646
Panama,PAN,2016,393879.0,399329.0,0.753,0.755,0.744,0.55,0.553,0.544,0.646,0.646,0.646
Panama,PAN,2017,969920.0,576041.0,0.736,0.753,0.755,0.553,0.55,0.553,0.669,0.646,0.646
Panama,PAN,2018,997183.0,27263.0,0.732,0.736,0.753,0.539,0.553,0.55,0.593,0.669,0.646
Panama,PAN,2019,1111439.0,114256.0,0.731,0.732,0.736,0.535,0.539,0.553,0.557,0.593,0.669
Panama,PAN,2020,1244909.0,133470.0,0.721,0.731,0.732,0.533,0.535,0.539,0.59,0.557,0.593
Panama,PAN,2021,5681231.0,4436322.0,0.735,0.721,0.731,0.544,0.533,0.535,0.557,0.59,0.557
Panama,PAN,2022,1909581.0,-3771650.0,0.725,0.735,0.721,0.559,0.544,0.533,0.589,0.557,0.59
Panama,PAN,2023,7730226.0,5820645.0,0.722,0.725,0.735,0.557,0.559,0.544,0.611,0.589,0.557
,PAN,2024,6639103.0,-1091123.0,,,,,,,,,
Peru,PER,2001,99102491.0,,0.723,0.413,0.349,0.567,0.185,0.12,0.769,0.511,0.267
Peru,PER,2002,17602293.0,-81500198.0,0.792,0.723,0.413,0.648,0.567,0.185,0.79,0.769,0.511
Peru,PER,2003,22896930.0,5294637.0,0.792,0.792,0.723,0.651,0.648,0.567,0.8,0.79,0.769
Peru,PER,2004,24278277.0,1381347.0,0.792,0.792,0.792,0.651,0.651,0.648,0.8,0.8,0.79
Peru,PER,2005,15194680.0,-9083597.0,0.792,0.792,0.792,0.659,0.651,0.651,0.8,0.8,0.8
Peru,PER,2006,13109724.0,-2084956.0,0.792,0.792,0.792,0.652,0.659,0.651,0.749,0.8,0.8
Peru,PER,2007,6141302.0,-6968422.0,0.796,0.792,0.792,0.647,0.652,0.659,0.747,0.749,0.8
Peru,PER,2008,36523658.0,30382356.0,0.801,0.796,0.792,0.65,0.647,0.652,0.747,0.747,0.749
Peru,PER,2009,7799457.0,-28724201.0,0.8,0.801,0.796,0.649,0.65,0.647,0.747,0.747,0.747
Peru,PER,2010,55855694.0,48056237.0,0.804,0.8,0.801,0.658,0.649,0.65,0.746,0.747,0.747
Peru,PER,2011,63940471.0,8084777.0,0.812,0.804,0.8,0.67,0.658,0.649,0.827,0.746,0.747
Peru,PER,2012,41752367.0,-22188104.0,0.827,0.812,0.804,0.698,0.67,0.658,0.827,0.827,0.746
Peru,PER,2013,32756888.0,-8995479.0,0.821,0.827,0.812,0.689,0.698,0.67,0.748,0.827,0.827
Peru,PER,2014,80109598.0,47352710.0,0.822,0.821,0.827,0.691,0.689,0.698,0.748,0.748,0.827
Peru,PER,2015,107667481.0,27557883.0,0.817,0.822,0.821,0.688,0.691,0.689,0.754,0.748,0.748
Peru,PER,2016,7753551.0,-99913930.0,0.788,0.817,0.822,0.673,0.688,0.691,0.771,0.754,0.748
Peru,PER,2017,55242140.0,47488589.0,0.789,0.788,0.817,0.677,0.673,0.688,0.748,0.771,0.754
Peru,PER,2018,51053647.0,-4188493.0,0.81,0.789,0.788,0.698,0.677,0.673,0.858,0.748,0.771
Peru,PER,2019,62998421.0,11944774.0,0.801,0.81,0.789,0.694,0.698,0.677,0.795,0.858,0.748
Peru,PER,2020,58167568.0,-4830853.0,0.818,0.801,0.81,0.706,0.694,0.698,0.837,0.795,0.858
Peru,PER,2021,5334424.0,-52833144.0,0.771,0.818,0.801,0.66,0.706,0.694,0.758,0.837,0.795
Peru,PER,2022,8913378.0,3578954.0,0.733,0.771,0.818,0.621,0.66,0.706,0.677,0.758,0.837
Peru,PER,2023,6034681.0,-2878697.0,0.7,0.733,0.771,0.572,0.621,0.66,0.682,0.677,0.758
,PER,2024,7204487.0,1169806.0,,,,,,,,,
Philippines,PHL,2001,3092864.0,,0.545,0.585,0.576,0.409,0.439,0.437,0.84,0.84,0.84
Philippines,PHL,2002,3714545.0,621681.0,0.531,0.545,0.585,0.394,0.409,0.439,0.84,0.84,0.84
Philippines,PHL,2003,-452443.0,-4166988.0,0.529,0.531,0.545,0.393,0.394,0.409,0.84,0.84,0.84
Philippines,PHL,2004,2495508.0,2947951.0,0.486,0.529,0.531,0.354,0.393,0.394,0.84,0.84,0.84
Philippines,PHL,2005,3308335.0,812827.0,0.463,0.486,0.529,0.348,0.354,0.393,0.859,0.84,0.84
Philippines,PHL,2006,2457735.0,-850600.0,0.463,0.463,0.486,0.346,0.348,0.354,0.859,0.859,0.84
Philippines,PHL,2007,42270027.0,39812292.0,0.459,0.463,0.463,0.346,0.346,0.348,0.859,0.859,0.859
Philippines,PHL,2008,12473150.0,-29796877.0,0.456,0.459,0.463,0.347,0.346,0.346,0.864,0.859,0.859
Philippines,PHL,2009,26767188.0,14294038.0,0.46,0.456,0.459,0.348,0.347,0.346,0.864,0.864,0.859
Philippines,PHL,2010,32012113.0,5244925.0,0.506,0.46,0.456,0.395,0.348,0.347,0.874,0.864,0.864
Philippines,PHL,2011,78230639.0,46218526.0,0.524,0.506,0.46,0.413,0.395,0.348,0.874,0.874,0.864
Philippines,PHL,2012,26137310.0,-52093329.0,0.524,0.524,0.506,0.413,0.413,0.395,0.874,0.874,0.874
Philippines,PHL,2013,13822587.0,-12314723.0,0.521,0.524,0.524,0.408,0.413,0.413,0.874,0.874,0.874
Philippines,PHL,2014,15914897.0,2092310.0,0.521,0.521,0.524,0.408,0.408,0.413,0.874,0.874,0.874
Philippines,PHL,2015,12180968.0,-3733929.0,0.522,0.521,0.521,0.409,0.408,0.408,0.884,0.874,0.874
Philippines,PHL,2016,9939278.0,-2241690.0,0.485,0.522,0.521,0.346,0.409,0.408,0.823,0.884,0.874
Philippines,PHL,2017,10333529.0,394251.0,0.469,0.485,0.522,0.321,0.346,0.409,0.792,0.823,0.884
Philippines,PHL,2018,31608572.0,21275043.0,0.45,0.469,0.485,0.295,0.321,0.346,0.771,0.792,0.823
Philippines,PHL,2019,44518527.0,12909955.0,0.428,0.45,0.469,0.28,0.295,0.321,0.819,0.771,0.792
Philippines,PHL,2020,49025165.0,4506638.0,0.405,0.428,0.45,0.27,0.28,0.295,0.717,0.819,0.771
Philippines,PHL,2021,29681083.0,-19344082.0,0.411,0.405,0.428,0.271,0.27,0.28,0.717,0.717,0.819
Philippines,PHL,2022,20757170.0,-8923913.0,0.411,0.411,0.405,0.277,0.271,0.27,0.717,0.717,0.717
Philippines,PHL,2023,17447259.0,-3309911.0,0.416,0.411,0.411,0.288,0.277,0.271,0.717,0.717,0.717
,PHL,2024,10235224.0,-7212035.0,,,,,,,,,
,PLW,2006,573852.0,,,,,,,,,,
,PLW,2007,609248.0,35396.0,,,,,,,,,
,PLW,2008,660806.0,51558.0,,,,,,,,,
,PLW,2009,590815.0,-69991.0,,,,,,,,,
,PLW,2014,15232220.0,14641405.0,,,,,,,,,
,PLW,2015,635862.0,-14596358.0,,,,,,,,,
,PLW,2016,715394.0,79532.0,,,,,,,,,
,PLW,2017,703519.0,-11875.0,,,,,,,,,
,PLW,2018,778734.0,75215.0,,,,,,,,,
,PLW,2019,752807.0,-25927.0,,,,,,,,,
,PLW,2020,668289.0,-84518.0,,,,,,,,,
,PLW,2021,1868780.0,1200491.0,,,,,,,,,
,PLW,2022,638847.0,-1229933.0,,,,,,,,,
,PLW,2023,611007.0,-27840.0,,,,,,,,,
,PLW,2024,315174.0,-295833.0,,,,,,,,,
Papua New Guinea,PNG,2001,0.0,,0.538,0.538,0.538,0.415,0.415,0.415,0.635,0.635,0.635
Papua New Guinea,PNG,2002,288087.0,288087.0,0.54,0.538,0.538,0.415,0.415,0.415,0.635,0.635,0.635
Papua New Guinea,PNG,2003,0.0,-288087.0,0.541,0.54,0.538,0.416,0.415,0.415,0.635,0.635,0.635
Papua New Guinea,PNG,2004,163997.0,163997.0,0.537,0.541,0.54,0.413,0.416,0.415,0.635,0.635,0.635
Papua New Guinea,PNG,2005,0.0,-163997.0,0.537,0.537,0.541,0.413,0.413,0.416,0.635,0.635,0.635
Papua New Guinea,PNG,2006,0.0,0.0,0.544,0.537,0.537,0.417,0.413,0.413,0.635,0.635,0.635
Papua New Guinea,PNG,2007,0.0,0.0,0.511,0.544,0.537,0.396,0.417,0.413,0.635,0.635,0.635
Papua New Guinea,PNG,2008,0.0,0.0,0.478,0.511,0.544,0.376,0.396,0.417,0.635,0.635,0.635
Papua New Guinea,PNG,2009,0.0,0.0,0.478,0.478,0.511,0.376,0.376,0.396,0.635,0.635,0.635
Papua New Guinea,PNG,2010,0.0,0.0,0.475,0.478,0.478,0.37,0.376,0.376,0.635,0.635,0.635
Papua New Guinea,PNG,2011,77835.0,77835.0,0.472,0.475,0.478,0.366,0.37,0.376,0.635,0.635,0.635
Papua New Guinea,PNG,2012,398857.0,321022.0,0.46,0.472,0.475,0.354,0.366,0.37,0.626,0.635,0.635
Papua New Guinea,PNG,2013,0.0,-398857.0,0.448,0.46,0.472,0.348,0.354,0.366,0.626,0.626,0.635
Papua New Guinea,PNG,2014,0.0,0.0,0.447,0.448,0.46,0.346,0.348,0.354,0.626,0.626,0.626
Papua New Guinea,PNG,2015,380748.0,380748.0,0.444,0.447,0.448,0.345,0.346,0.348,0.604,0.626,0.626
Papua New Guinea,PNG,2016,0.0,-380748.0,0.445,0.444,0.447,0.346,0.345,0.346,0.604,0.604,0.626
Papua New Guinea,PNG,2017,0.0,0.0,0.447,0.445,0.444,0.344,0.346,0.345,0.604,0.604,0.604
Papua New Guinea,PNG,2018,0.0,0.0,0.457,0.447,0.445,0.351,0.344,0.346,0.604,0.604,0.604
Papua New Guinea,PNG,2019,593361.0,593361.0,0.462,0.457,0.447,0.352,0.351,0.344,0.604,0.604,0.604
Papua New Guinea,PNG,2020,2149072.0,1555711.0,0.455,0.462,0.457,0.359,0.352,0.351,0.604,0.604,0.604
Papua New Guinea,PNG,2021,2551931.0,402859.0,0.455,0.455,0.462,0.355,0.359,0.352,0.604,0.604,0.604
Papua New Guinea,PNG,2022,0.0,-2551931.0,0.467,0.455,0.455,0.369,0.355,0.359,0.604,0.604,0.604
Papua New Guinea,PNG,2023,1444534.0,1444534.0,0.466,0.467,0.455,0.372,0.369,0.355,0.604,0.604,0.604
,PNG,2024,6881900.0,5437366.0,,,,,,,,,
Poland,POL,2001,6190.0,,0.882,0.878,0.876,0.806,0.8,0.798,0.869,0.869,0.869
Poland,POL,2002,-53754.0,-59944.0,0.882,0.882,0.878,0.813,0.806,0.8,0.869,0.869,0.869
Poland,POL,2003,6173086126.0,6173139880.0,0.882,0.882,0.882,0.813,0.813,0.806,0.869,0.869,0.869
Poland,POL,2004,-126405.0,-6173212531.0,0.882,0.882,0.882,0.813,0.813,0.813,0.869,0.869,0.869
Poland,POL,2005,-1634.0,124771.0,0.884,0.882,0.882,0.815,0.813,0.813,0.869,0.869,0.869
Poland,POL,2006,4713042.0,4714676.0,0.877,0.884,0.882,0.807,0.815,0.813,0.856,0.869,0.869
Poland,POL,2007,0.0,-4713042.0,0.874,0.877,0.884,0.803,0.807,0.815,0.856,0.856,0.869
Poland,POL,2008,-221866.0,-221866.0,0.891,0.874,0.877,0.825,0.803,0.807,0.856,0.856,0.856
Poland,POL,2009,0.0,221866.0,0.891,0.891,0.874,0.825,0.825,0.803,0.861,0.856,0.856
Poland,POL,2010,0.0,0.0,0.892,0.891,0.891,0.827,0.825,0.825,0.889,0.861,0.856
Poland,POL,2011,0.0,0.0,0.893,0.892,0.891,0.827,0.827,0.825,0.863,0.889,0.861
Poland,POL,2012,0.0,0.0,0.893,0.893,0.892,0.825,0.827,0.827,0.838,0.863,0.889
Poland,POL,2013,0.0,0.0,0.89,0.893,0.893,0.821,0.825,0.827,0.845,0.838,0.863
Poland,POL,2014,0.0,0.0,0.882,0.89,0.893,0.812,0.821,0.825,0.845,0.845,0.838
Poland,POL,2015,0.0,0.0,0.876,0.882,0.89,0.775,0.812,0.821,0.753,0.845,0.845
Poland,POL,2016,0.0,0.0,0.731,0.876,0.882,0.598,0.775,0.812,0.681,0.753,0.845
Poland,POL,2017,0.0,0.0,0.698,0.731,0.876,0.542,0.598,0.775,0.637,0.681,0.753
Poland,POL,2018,0.0,0.0,0.694,0.698,0.731,0.524,0.542,0.598,0.634,0.637,0.681
Poland,POL,2019,0.0,0.0,0.682,0.694,0.698,0.505,0.524,0.542,0.634,0.634,0.637
Poland,POL,2020,0.0,0.0,0.616,0.682,0.694,0.45,0.505,0.524,0.621,0.634,0.634
Poland,POL,2021,0.0,0.0,0.587,0.616,0.682,0.424,0.45,0.505,0.571,0.621,0.634
Poland,POL,2022,0.0,0.0,0.578,0.587,0.616,0.417,0.424,0.45,0.556,0.571,0.621
Poland,POL,2023,357901.0,357901.0,0.598,0.578,0.587,0.457,0.417,0.424,0.539,0.556,0.571
,POL,2024,1473014.0,1115113.0,,,,,,,,,
North Korea,PRK,2001,644102.0,,0.083,0.083,0.083,0.014,0.014,0.014,0.022,0.022,0.022
North Korea,PRK,2002,0.0,-644102.0,0.083,0.083,0.083,0.014,0.014,0.014,0.022,0.022,0.022
North Korea,PRK,2003,674166.0,674166.0,0.083,0.083,0.083,0.014,0.014,0.014,0.022,0.022,0.022
North Korea,PRK,2004,1213117.0,538951.0,0.085,0.083,0.083,0.014,0.014,0.014,0.022,0.022,0.022
North Korea,PRK,2005,1432756.0,219639.0,0.085,0.085,0.083,0.014,0.014,0.014,0.022,0.022,0.022
North Korea,PRK,2006,1810988.0,378232.0,0.085,0.085,0.085,0.014,0.014,0.014,0.022,0.022,0.022
North Korea,PRK,2007,2632824.0,821836.0,0.085,0.085,0.085,0.014,0.014,0.014,0.022,0.022,0.022
North Korea,PRK,2008,3542509.0,909685.0,0.085,0.085,0.085,0.014,0.014,0.014,0.022,0.022,0.022
North Korea,PRK,2009,6043533.0,2501024.0,0.085,0.085,0.085,0.014,0.014,0.014,0.022,0.022,0.022
North Korea,PRK,2010,2029166.0,-4014367.0,0.086,0.085,0.085,0.014,0.014,0.014,0.024,0.022,0.022
North Korea,PRK,2011,1852535.0,-176631.0,0.086,0.086,0.085,0.014,0.014,0.014,0.024,0.024,0.022
North Korea,PRK,2012,1517384.0,-335151.0,0.086,0.086,0.086,0.014,0.014,0.014,0.024,0.024,0.024
North Korea,PRK,2013,1481761.0,-35623.0,0.086,0.086,0.086,0.014,0.014,0.014,0.024,0.024,0.024
North Korea,PRK,2014,2643522.0,1161761.0,0.085,0.086,0.086,0.014,0.014,0.014,0.024,0.024,0.024
North Korea,PRK,2015,2540764.0,-102758.0,0.085,0.085,0.086,0.014,0.014,0.014,0.024,0.024,0.024
North Korea,PRK,2016,2486648.0,-54116.0,0.085,0.085,0.085,0.014,0.014,0.014,0.024,0.024,0.024
North Korea,PRK,2017,2840465.0,353817.0,0.085,0.085,0.085,0.014,0.014,0.014,0.024,0.024,0.024
North Korea,PRK,2018,2937609.0,97144.0,0.085,0.085,0.085,0.014,0.014,0.014,0.024,0.024,0.024
North Korea,PRK,2019,4138332.0,1200723.0,0.083,0.085,0.085,0.014,0.014,0.014,0.024,0.024,0.024
North Korea,PRK,2020,6402957.0,2264625.0,0.083,0.083,0.085,0.014,0.014,0.014,0.024,0.024,0.024
North Korea,PRK,2021,11342962.0,4940005.0,0.083,0.083,0.083,0.014,0.014,0.014,0.028,0.024,0.024
North Korea,PRK,2022,0.0,-11342962.0,0.083,0.083,0.083,0.014,0.014,0.014,0.028,0.028,0.024
North Korea,PRK,2023,0.0,0.0,0.083,0.083,0.083,0.014,0.014,0.014,0.028,0.028,0.028
Portugal,PRT,2001,0.0,,0.871,0.867,0.868,0.816,0.813,0.815,0.863,0.863,0.825
Portugal,PRT,2002,0.0,0.0,0.876,0.871,0.867,0.821,0.816,0.813,0.863,0.863,0.863
Portugal,PRT,2003,0.0,0.0,0.876,0.876,0.871,0.821,0.821,0.816,0.863,0.863,0.863
Portugal,PRT,2004,0.0,0.0,0.876,0.876,0.876,0.821,0.821,0.821,0.863,0.863,0.863
Portugal,PRT,2005,0.0,0.0,0.889,0.876,0.876,0.835,0.821,0.821,0.904,0.863,0.863
Portugal,PRT,2006,0.0,0.0,0.894,0.889,0.876,0.839,0.835,0.821,0.901,0.904,0.863
Portugal,PRT,2007,0.0,0.0,0.894,0.894,0.889,0.839,0.839,0.835,0.901,0.901,0.904
Portugal,PRT,2008,0.0,0.0,0.893,0.894,0.894,0.839,0.839,0.839,0.901,0.901,0.901
Portugal,PRT,2009,0.0,0.0,0.894,0.893,0.894,0.838,0.839,0.839,0.901,0.901,0.901
Portugal,PRT,2010,0.0,0.0,0.894,0.894,0.893,0.838,0.838,0.839,0.909,0.901,0.901
Portugal,PRT,2011,0.0,0.0,0.884,0.894,0.894,0.829,0.838,0.838,0.909,0.909,0.901
Portugal,PRT,2012,0.0,0.0,0.885,0.884,0.894,0.83,0.829,0.838,0.905,0.909,0.909
Portugal,PRT,2013,0.0,0.0,0.886,0.885,0.884,0.829,0.83,0.829,0.864,0.905,0.909
Portugal,PRT,2014,0.0,0.0,0.886,0.886,0.885,0.829,0.829,0.83,0.885,0.864,0.905
Portugal,PRT,2015,0.0,0.0,0.887,0.886,0.886,0.829,0.829,0.829,0.882,0.885,0.864
Portugal,PRT,2016,0.0,0.0,0.888,0.887,0.886,0.83,0.829,0.829,0.883,0.882,0.885
Portugal,PRT,2017,0.0,0.0,0.898,0.888,0.887,0.848,0.83,0.829,0.877,0.883,0.882
Portugal,PRT,2018,0.0,0.0,0.899,0.898,0.888,0.849,0.848,0.83,0.874,0.877,0.883
Portugal,PRT,2019,0.0,0.0,0.886,0.899,0.898,0.82,0.849,0.848,0.862,0.874,0.877
Portugal,PRT,2020,0.0,0.0,0.886,0.886,0.899,0.806,0.82,0.849,0.821,0.862,0.874
Portugal,PRT,2021,0.0,0.0,0.884,0.886,0.886,0.81,0.806,0.82,0.867,0.821,0.862
Portugal,PRT,2022,0.0,0.0,0.847,0.884,0.886,0.758,0.81,0.806,0.83,0.867,0.821
Portugal,PRT,2023,0.0,0.0,0.854,0.847,0.884,0.757,0.758,0.81,0.802,0.83,0.867
Paraguay,PRY,2001,11639872.0,,0.54,0.54,0.535,0.391,0.391,0.385,0.602,0.602,0.577
Paraguay,PRY,2002,9892790.0,-1747082.0,0.54,0.54,0.54,0.391,0.391,0.391,0.632,0.602,0.602
Paraguay,PRY,2003,8597919.0,-1294871.0,0.565,0.54,0.54,0.409,0.391,0.391,0.632,0.632,0.602
Paraguay,PRY,2004,10437985.0,1840066.0,0.595,0.565,0.54,0.428,0.409,0.391,0.632,0.632,0.632
Paraguay,PRY,2005,6793665.0,-3644320.0,0.595,0.595,0.565,0.427,0.428,0.409,0.632,0.632,0.632
Paraguay,PRY,2006,33531480.0,26737815.0,0.595,0.595,0.595,0.433,0.427,0.428,0.632,0.632,0.632
Paraguay,PRY,2007,8256054.0,-25275426.0,0.595,0.595,0.595,0.446,0.433,0.427,0.632,0.632,0.632
Paraguay,PRY,2008,20791988.0,12535934.0,0.62,0.595,0.595,0.493,0.446,0.433,0.761,0.632,0.632
Paraguay,PRY,2009,23112447.0,2320459.0,0.631,0.62,0.595,0.502,0.493,0.446,0.715,0.761,0.632
Paraguay,PRY,2010,31280592.0,8168145.0,0.639,0.631,0.62,0.509,0.502,0.493,0.711,0.715,0.761
Paraguay,PRY,2011,13179218.0,-18101374.0,0.63,0.639,0.631,0.503,0.509,0.502,0.711,0.711,0.715
Paraguay,PRY,2012,12602652.0,-576566.0,0.608,0.63,0.639,0.48,0.503,0.509,0.663,0.711,0.711
Paraguay,PRY,2013,4249718.0,-8352934.0,0.585,0.608,0.63,0.407,0.48,0.503,0.565,0.663,0.711
Paraguay,PRY,2014,7906077.0,3656359.0,0.595,0.585,0.608,0.414,0.407,0.48,0.565,0.565,0.663
Paraguay,PRY,2015,8854424.0,948347.0,0.593,0.595,0.585,0.416,0.414,0.407,0.581,0.565,0.565
Paraguay,PRY,2016,407932.0,-8446492.0,0.589,0.593,0.595,0.414,0.416,0.414,0.581,0.581,0.565
Paraguay,PRY,2017,1135947.0,728015.0,0.596,0.589,0.593,0.418,0.414,0.416,0.556,0.581,0.581
Paraguay,PRY,2018,4604602.0,3468655.0,0.583,0.596,0.589,0.417,0.418,0.414,0.56,0.556,0.581
Paraguay,PRY,2019,6750943.0,2146341.0,0.585,0.583,0.596,0.42,0.417,0.418,0.571,0.56,0.556
Paraguay,PRY,2020,2731329.0,-4019614.0,0.578,0.585,0.583,0.42,0.42,0.417,0.553,0.571,0.56
Paraguay,PRY,2021,713056.0,-2018273.0,0.578,0.578,0.585,0.427,0.42,0.42,0.553,0.553,0.571
Paraguay,PRY,2022,3885015.0,3171959.0,0.578,0.578,0.578,0.43,0.427,0.42,0.529,0.553,0.553
Paraguay,PRY,2023,6543813.0,2658798.0,0.576,0.578,0.578,0.42,0.43,0.427,0.522,0.529,0.553
,PRY,2024,8979112.0,2435299.0,,,,,,,,,
Palestine/West Bank,PSE,2001,16980520.0,,0.474,0.471,0.461,0.276,0.274,0.279,0.619,0.619,0.619
Palestine/West Bank,PSE,2002,21661889.0,4681369.0,0.471,0.474,0.471,0.276,0.276,0.274,0.619,0.619,0.619
Palestine/West Bank,PSE,2003,72363779.0,50701890.0,0.502,0.471,0.474,0.294,0.276,0.276,0.619,0.619,0.619
Palestine/West Bank,PSE,2004,12363469.0,-60000310.0,0.511,0.502,0.471,0.306,0.294,0.276,0.703,0.619,0.619
Palestine/West Bank,PSE,2005,171869076.0,159505607.0,0.533,0.511,0.502,0.326,0.306,0.294,0.712,0.703,0.619
Palestine/West Bank,PSE,2006,-60371568.0,-232240644.0,0.501,0.533,0.511,0.313,0.326,0.306,0.696,0.712,0.703
Palestine/West Bank,PSE,2007,27208209.0,87579777.0,0.323,0.501,0.533,0.181,0.313,0.326,0.642,0.696,0.712
Palestine/West Bank,PSE,2008,159364682.0,132156473.0,0.234,0.323,0.501,0.138,0.181,0.313,0.656,0.642,0.696
Palestine/West Bank,PSE,2009,180671270.0,21306588.0,0.242,0.234,0.323,0.142,0.138,0.181,0.69,0.656,0.642
Palestine/West Bank,PSE,2010,204759746.0,24088476.0,0.244,0.242,0.234,0.142,0.142,0.138,0.723,0.69,0.656
Palestine/West Bank,PSE,2011,138033744.0,-66726002.0,0.241,0.244,0.242,0.142,0.142,0.142,0.723,0.723,0.69
Palestine/West Bank,PSE,2012,228586396.0,90552652.0,0.243,0.241,0.244,0.142,0.142,0.142,0.698,0.723,0.723
Palestine/West Bank,PSE,2013,240924669.0,12338273.0,0.246,0.243,0.241,0.163,0.142,0.142,0.645,0.698,0.723
Palestine/West Bank,PSE,2014,100377356.0,-140547313.0,0.249,0.246,0.243,0.165,0.163,0.142,0.645,0.645,0.698
Palestine/West Bank,PSE,2015,103332634.0,2955278.0,0.244,0.249,0.246,0.162,0.165,0.163,0.624,0.645,0.645
Palestine/West Bank,PSE,2016,13812719.0,-89519915.0,0.243,0.244,0.249,0.162,0.162,0.165,0.624,0.624,0.645
Palestine/West Bank,PSE,2017,94503012.0,80690293.0,0.252,0.243,0.244,0.171,0.162,0.162,0.614,0.624,0.624
Palestine/West Bank,PSE,2018,75382899.0,-19120113.0,0.265,0.252,0.243,0.176,0.171,0.162,0.65,0.614,0.624
Palestine/West Bank,PSE,2019,6246626.0,-69136273.0,0.272,0.265,0.252,0.19,0.176,0.171,0.708,0.65,0.614
Palestine/West Bank,PSE,2020,768266.0,-5478360.0,0.242,0.272,0.265,0.148,0.19,0.176,0.539,0.708,0.65
Palestine/West Bank,PSE,2021,13773109.0,13004843.0,0.235,0.242,0.272,0.128,0.148,0.19,0.487,0.539,0.708
Palestine/West Bank,PSE,2022,15594943.0,1821834.0,0.229,0.235,0.242,0.122,0.128,0.148,0.487,0.487,0.539
Palestine/West Bank,PSE,2023,67770156.0,52175213.0,0.229,0.229,0.235,0.124,0.122,0.128,0.391,0.487,0.487
,PSE,2024,66613058.0,-1157098.0,,,,,,,,,
Palestine/Gaza,PSG,2007,0.0,,0.131,,,0.089,,,0.608,,
Palestine/Gaza,PSG,2008,0.0,0.0,0.133,0.131,,0.089,0.089,,0.635,0.608,
Palestine/Gaza,PSG,2009,0.0,0.0,0.135,0.133,0.131,0.09,0.089,0.089,0.635,0.635,0.608
Palestine/Gaza,PSG,2010,0.0,0.0,0.141,0.135,0.133,0.097,0.09,0.089,0.635,0.635,0.635
Palestine/Gaza,PSG,2011,0.0,0.0,0.14,0.141,0.135,0.095,0.097,0.09,0.655,0.635,0.635
Palestine/Gaza,PSG,2012,0.0,0.0,0.143,0.14,0.141,0.095,0.095,0.097,0.701,0.655,0.635
Palestine/Gaza,PSG,2013,0.0,0.0,0.129,0.143,0.14,0.068,0.095,0.095,0.613,0.701,0.655
Palestine/Gaza,PSG,2014,0.0,0.0,0.13,0.129,0.143,0.066,0.068,0.095,0.613,0.613,0.701
Palestine/Gaza,PSG,2015,0.0,0.0,0.119,0.13,0.129,0.063,0.066,0.068,0.514,0.613,0.613
Palestine/Gaza,PSG,2016,0.0,0.0,0.119,0.119,0.13,0.063,0.063,0.066,0.514,0.514,0.613
Palestine/Gaza,PSG,2017,0.0,0.0,0.121,0.119,0.119,0.059,0.063,0.063,0.556,0.514,0.514
Palestine/Gaza,PSG,2018,0.0,0.0,0.118,0.121,0.119,0.039,0.059,0.063,0.343,0.556,0.514
Palestine/Gaza,PSG,2019,0.0,0.0,0.117,0.118,0.121,0.069,0.039,0.059,0.343,0.343,0.556
Palestine/Gaza,PSG,2020,0.0,0.0,0.129,0.117,0.118,0.048,0.069,0.039,0.471,0.343,0.343
Palestine/Gaza,PSG,2021,0.0,0.0,0.128,0.129,0.117,0.053,0.048,0.069,0.576,0.471,0.343
Palestine/Gaza,PSG,2022,0.0,0.0,0.124,0.128,0.129,0.055,0.053,0.048,0.658,0.576,0.471
Palestine/Gaza,PSG,2023,0.0,0.0,0.122,0.124,0.128,0.073,0.055,0.053,0.519,0.658,0.576
Qatar,QAT,2001,0.0,,0.019,0.019,0.017,0.09,0.091,0.088,0.162,0.162,0.153
Qatar,QAT,2002,0.0,0.0,0.019,0.019,0.019,0.09,0.09,0.091,0.162,0.162,0.162
Qatar,QAT,2003,0.0,0.0,0.041,0.019,0.019,0.095,0.09,0.09,0.162,0.162,0.162
Qatar,QAT,2004,0.0,0.0,0.041,0.041,0.019,0.096,0.095,0.09,0.162,0.162,0.162
Qatar,QAT,2005,0.0,0.0,0.041,0.041,0.041,0.097,0.096,0.095,0.162,0.162,0.162
Qatar,QAT,2006,0.0,0.0,0.041,0.041,0.041,0.096,0.097,0.096,0.162,0.162,0.162
Qatar,QAT,2007,0.0,0.0,0.041,0.041,0.041,0.097,0.096,0.097,0.162,0.162,0.162
Qatar,QAT,2008,0.0,0.0,0.041,0.041,0.041,0.097,0.097,0.096,0.162,0.162,0.162
Qatar,QAT,2009,0.0,0.0,0.041,0.041,0.041,0.097,0.097,0.097,0.162,0.162,0.162
Qatar,QAT,2010,0.0,0.0,0.041,0.041,0.041,0.095,0.097,0.097,0.197,0.162,0.162
Qatar,QAT,2011,0.0,0.0,0.041,0.041,0.041,0.096,0.095,0.097,0.174,0.197,0.162
Qatar,QAT,2012,0.0,0.0,0.042,0.041,0.041,0.096,0.096,0.095,0.174,0.174,0.197
Qatar,QAT,2013,0.0,0.0,0.042,0.042,0.041,0.089,0.096,0.096,0.143,0.174,0.174
Qatar,QAT,2014,0.0,0.0,0.042,0.042,0.042,0.088,0.089,0.096,0.151,0.143,0.174
Qatar,QAT,2015,0.0,0.0,0.041,0.042,0.042,0.089,0.088,0.089,0.151,0.151,0.143
Qatar,QAT,2016,0.0,0.0,0.04,0.041,0.042,0.089,0.089,0.088,0.157,0.151,0.151
Qatar,QAT,2017,0.0,0.0,0.041,0.04,0.041,0.085,0.089,0.089,0.137,0.157,0.151
Qatar,QAT,2018,0.0,0.0,0.042,0.041,0.04,0.088,0.085,0.089,0.136,0.137,0.157
Qatar,QAT,2019,0.0,0.0,0.04,0.042,0.041,0.082,0.088,0.085,0.183,0.136,0.137
Qatar,QAT,2020,0.0,0.0,0.038,0.04,0.042,0.083,0.082,0.088,0.135,0.183,0.136
Qatar,QAT,2021,0.0,0.0,0.089,0.038,0.04,0.081,0.083,0.082,0.134,0.135,0.183
Qatar,QAT,2022,0.0,0.0,0.086,0.089,0.038,0.081,0.081,0.083,0.117,0.134,0.135
Qatar,QAT,2023,0.0,0.0,0.087,0.086,0.089,0.083,0.081,0.081,0.108,0.117,0.134
Romania,ROU,2001,9019401.0,,0.597,0.611,0.619,0.424,0.432,0.435,0.667,0.647,0.648
Romania,ROU,2002,17350736.0,8331335.0,0.597,0.597,0.611,0.424,0.424,0.432,0.667,0.667,0.647
Romania,ROU,2003,13629079.0,-3721657.0,0.609,0.597,0.597,0.437,0.424,0.424,0.685,0.667,0.667
Romania,ROU,2004,11846740.0,-1782339.0,0.592,0.609,0.597,0.435,0.437,0.424,0.685,0.685,0.667
Romania,ROU,2005,11402268.0,-444472.0,0.61,0.592,0.609,0.468,0.435,0.437,0.727,0.685,0.685
Romania,ROU,2006,10701000.0,-701268.0,0.611,0.61,0.592,0.471,0.468,0.435,0.727,0.727,0.685
Romania,ROU,2007,239378.0,-10461622.0,0.609,0.611,0.61,0.484,0.471,0.468,0.727,0.727,0.727
Romania,ROU,2008,-10555.0,-249933.0,0.621,0.609,0.611,0.495,0.484,0.471,0.727,0.727,0.727
Romania,ROU,2009,-596331.0,-585776.0,0.666,0.621,0.609,0.529,0.495,0.484,0.727,0.727,0.727
Romania,ROU,2010,426509.0,1022840.0,0.68,0.666,0.621,0.55,0.529,0.495,0.749,0.727,0.727
Romania,ROU,2011,0.0,-426509.0,0.684,0.68,0.666,0.553,0.55,0.529,0.749,0.749,0.727
Romania,ROU,2012,-73341.0,-73341.0,0.674,0.684,0.68,0.54,0.553,0.55,0.749,0.749,0.749
Romania,ROU,2013,899417.0,972758.0,0.672,0.674,0.684,0.563,0.54,0.553,0.773,0.749,0.749
Romania,ROU,2014,0.0,-899417.0,0.676,0.672,0.674,0.57,0.563,0.54,0.773,0.773,0.749
Romania,ROU,2015,258343.0,258343.0,0.716,0.676,0.672,0.609,0.57,0.563,0.807,0.773,0.773
Romania,ROU,2016,-232003.0,-490346.0,0.733,0.716,0.676,0.63,0.609,0.57,0.797,0.807,0.773
Romania,ROU,2017,77482.0,309485.0,0.695,0.733,0.716,0.532,0.63,0.609,0.678,0.797,0.807
Romania,ROU,2018,0.0,-77482.0,0.692,0.695,0.733,0.483,0.532,0.63,0.631,0.678,0.797
Romania,ROU,2019,88408.0,88408.0,0.75,0.692,0.695,0.555,0.483,0.532,0.686,0.631,0.678
Romania,ROU,2020,0.0,-88408.0,0.805,0.75,0.692,0.676,0.555,0.483,0.694,0.686,0.631
Romania,ROU,2021,720501.0,720501.0,0.766,0.805,0.75,0.611,0.676,0.555,0.76,0.694,0.686
Romania,ROU,2022,0.0,-720501.0,0.691,0.766,0.805,0.542,0.611,0.676,0.659,0.76,0.694
Romania,ROU,2023,97501.0,97501.0,0.677,0.691,0.766,0.503,0.542,0.611,0.581,0.659,0.76
,ROU,2024,220000.0,122499.0,,,,,,,,,
Russia,RUS,2001,84954771.0,,0.374,0.403,0.461,0.201,0.223,0.284,0.499,0.54,0.581
Russia,RUS,2002,80653791.0,-4300980.0,0.354,0.374,0.403,0.175,0.201,0.223,0.442,0.499,0.54
Russia,RUS,2003,82033749.0,1379958.0,0.339,0.354,0.374,0.165,0.175,0.201,0.442,0.442,0.499
Russia,RUS,2004,70017683.0,-12016066.0,0.321,0.339,0.354,0.153,0.165,0.175,0.442,0.442,0.442
Russia,RUS,2005,28254738.0,-41762945.0,0.32,0.321,0.339,0.149,0.153,0.165,0.4,0.442,0.442
Russia,RUS,2006,90854317.0,62599579.0,0.322,0.32,0.321,0.15,0.149,0.153,0.4,0.4,0.442
Russia,RUS,2007,74784193.0,-16070124.0,0.316,0.322,0.32,0.146,0.15,0.149,0.406,0.4,0.4
Russia,RUS,2008,51885443.0,-22898750.0,0.302,0.316,0.322,0.139,0.146,0.15,0.423,0.406,0.4
Russia,RUS,2009,39678459.0,-12206984.0,0.309,0.302,0.316,0.141,0.139,0.146,0.423,0.423,0.406
Russia,RUS,2010,37597111.0,-2081348.0,0.306,0.309,0.302,0.135,0.141,0.139,0.414,0.423,0.423
Russia,RUS,2011,38740462.0,1143351.0,0.299,0.306,0.309,0.134,0.135,0.141,0.422,0.414,0.423
Russia,RUS,2012,36043900.0,-2696562.0,0.278,0.299,0.306,0.122,0.134,0.135,0.398,0.422,0.414
Russia,RUS,2013,15663520.0,-20380380.0,0.276,0.278,0.299,0.116,0.122,0.134,0.359,0.398,0.422
Russia,RUS,2014,10095816.0,-5567704.0,0.264,0.276,0.278,0.109,0.116,0.122,0.318,0.359,0.398
Russia,RUS,2015,9554957.0,-540859.0,0.265,0.264,0.276,0.109,0.109,0.116,0.318,0.318,0.359
Russia,RUS,2016,9636088.0,81131.0,0.263,0.265,0.264,0.106,0.109,0.109,0.318,0.318,0.318
Russia,RUS,2017,8346506.0,-1289582.0,0.261,0.263,0.265,0.107,0.106,0.109,0.318,0.318,0.318
Russia,RUS,2018,8088741.0,-257765.0,0.264,0.261,0.263,0.107,0.107,0.106,0.334,0.318,0.318
Russia,RUS,2019,5729695.0,-2359046.0,0.259,0.264,0.261,0.105,0.107,0.107,0.326,0.334,0.318
Russia,RUS,2020,13791117.0,8061422.0,0.255,0.259,0.264,0.097,0.105,0.107,0.348,0.326,0.334
Russia,RUS,2021,15859005.0,2067888.0,0.245,0.255,0.259,0.094,0.097,0.105,0.286,0.348,0.326
Russia,RUS,2022,0.0,-15859005.0,0.206,0.245,0.255,0.07,0.094,0.097,0.19,0.286,0.348
Russia,RUS,2023,0.0,0.0,0.19,0.206,0.245,0.065,0.07,0.094,0.125,0.19,0.286
Rwanda,RWA,2001,8095069.0,,0.114,0.114,0.107,0.104,0.104,0.125,0.527,0.527,0.491
Rwanda,RWA,2002,15559672.0,7464603.0,0.115,0.114,0.114,0.104,0.104,0.104,0.527,0.527,0.527
Rwanda,RWA,2003,10658215.0,-4901457.0,0.143,0.115,0.114,0.111,0.104,0.104,0.531,0.527,0.527
Rwanda,RWA,2004,5313851.0,-5344364.0,0.198,0.143,0.115,0.123,0.111,0.104,0.658,0.531,0.527
Rwanda,RWA,2005,7527092.0,2213241.0,0.196,0.198,0.143,0.124,0.123,0.111,0.658,0.658,0.531
Rwanda,RWA,2006,3826728.0,-3700364.0,0.197,0.196,0.198,0.124,0.124,0.123,0.672,0.658,0.658
Rwanda,RWA,2007,3761222.0,-65506.0,0.197,0.197,0.196,0.123,0.124,0.124,0.638,0.672,0.658
Rwanda,RWA,2008,1610813.0,-2150409.0,0.203,0.197,0.197,0.125,0.123,0.124,0.638,0.638,0.672
Rwanda,RWA,2009,6270881.0,4660068.0,0.22,0.203,0.197,0.13,0.125,0.123,0.638,0.638,0.638
Rwanda,RWA,2010,12649061.0,6378180.0,0.217,0.22,0.203,0.133,0.13,0.125,0.704,0.638,0.638
Rwanda,RWA,2011,13164735.0,515674.0,0.216,0.217,0.22,0.133,0.133,0.13,0.738,0.704,0.638
Rwanda,RWA,2012,5699998.0,-7464737.0,0.22,0.216,0.217,0.136,0.133,0.133,0.738,0.738,0.704
Rwanda,RWA,2013,-717882.0,-6417880.0,0.221,0.22,0.216,0.136,0.136,0.133,0.7,0.738,0.738
Rwanda,RWA,2014,3383844.0,4101726.0,0.226,0.221,0.22,0.139,0.136,0.136,0.7,0.7,0.738
Rwanda,RWA,2015,2619229.0,-764615.0,0.226,0.226,0.221,0.138,0.139,0.136,0.7,0.7,0.7
Rwanda,RWA,2016,6637685.0,4018456.0,0.226,0.226,0.226,0.128,0.138,0.139,0.676,0.7,0.7
Rwanda,RWA,2017,1256793.0,-5380892.0,0.222,0.226,0.226,0.116,0.128,0.138,0.701,0.676,0.7
Rwanda,RWA,2018,7376265.0,6119472.0,0.226,0.222,0.226,0.118,0.116,0.128,0.701,0.701,0.676
Rwanda,RWA,2019,6182433.0,-1193832.0,0.227,0.226,0.222,0.12,0.118,0.116,0.592,0.701,0.701
Rwanda,RWA,2020,1250294.0,-4932139.0,0.227,0.227,0.226,0.12,0.12,0.118,0.53,0.592,0.701
Rwanda,RWA,2021,3518066.0,2267772.0,0.226,0.227,0.227,0.11,0.12,0.12,0.479,0.53,0.592
Rwanda,RWA,2022,922607.0,-2595459.0,0.219,0.226,0.227,0.11,0.11,0.12,0.465,0.479,0.53
Rwanda,RWA,2023,2005069.0,1082462.0,0.212,0.219,0.226,0.099,0.11,0.11,0.405,0.465,0.479
,RWA,2024,29663.0,-1975406.0,,,,,,,,,
,SAG,2001,2103840.0,,,,,,,,,,
,SAG,2002,6328532.0,4224692.0,,,,,,,,,
,SAG,2003,6995450.0,666918.0,,,,,,,,,
,SAG,2004,3009948.0,-3985502.0,,,,,,,,,
,SAG,2005,9232841.0,6222893.0,,,,,,,,,
,SAG,2006,2883059.0,-6349782.0,,,,,,,,,
,SAG,2007,399833.0,-2483226.0,,,,,,,,,
,SAG,2008,3700319.0,3300486.0,,,,,,,,,
,SAG,2009,1782276.0,-1918043.0,,,,,,,,,
,SAG,2010,2188809.0,406533.0,,,,,,,,,
,SAG,2011,4247281.0,2058472.0,,,,,,,,,
,SAG,2012,3614250.0,-633031.0,,,,,,,,,
,SAG,2013,215954.0,-3398296.0,,,,,,,,,
,SAG,2014,3113227.0,2897273.0,,,,,,,,,
,SAG,2015,3713387.0,600160.0,,,,,,,,,
,SAG,2016,1082608.0,-2630779.0,,,,,,,,,
,SAG,2017,5411751.0,4329143.0,,,,,,,,,
,SAG,2018,3719553.0,-1692198.0,,,,,,,,,
,SAG,2019,4215371.0,495818.0,,,,,,,,,
,SAG,2020,9951985.0,5736614.0,,,,,,,,,
,SAG,2021,2977365.0,-6974620.0,,,,,,,,,
,SAG,2022,2945723.0,-31642.0,,,,,,,,,
,SAG,2023,1895192.0,-1050531.0,,,,,,,,,
,SAG,2024,10127036.0,8231844.0,,,,,,,,,
,SAN,2001,336345.0,,,,,,,,,,
,SAN,2003,1163140.0,826795.0,,,,,,,,,
,SAN,2004,1436711.0,273571.0,,,,,,,,,
,SAN,2006,521684.0,-915027.0,,,,,,,,,
,SAN,2007,1015414.0,493730.0,,,,,,,,,
,SAN,2009,998759.0,-16655.0,,,,,,,,,
,SAN,2011,1504792.0,506033.0,,,,,,,,,
,SAN,2012,1768829.0,264037.0,,,,,,,,,
,SAN,2013,2281829.0,513000.0,,,,,,,,,
,SAN,2014,1264460.0,-1017369.0,,,,,,,,,
,SAN,2015,2920522.0,1656062.0,,,,,,,,,
,SAN,2016,1570861.0,-1349661.0,,,,,,,,,
,SAN,2017,3071206.0,1500345.0,,,,,,,,,
,SAN,2018,6360339.0,3289133.0,,,,,,,,,
,SAN,2019,8502274.0,2141935.0,,,,,,,,,
,SAN,2020,18183898.0,9681624.0,,,,,,,,,
,SAN,2021,2063857.0,-16120041.0,,,,,,,,,
,SAN,2022,3922547.0,1858690.0,,,,,,,,,
,SAN,2023,1011686.0,-2910861.0,,,,,,,,,
,SAN,2024,5674217.0,4662531.0,,,,,,,,,
Saudi Arabia,SAU,2001,0.0,,0.018,0.017,0.016,0.039,0.04,0.039,0.177,0.167,0.167
Saudi Arabia,SAU,2002,0.0,0.0,0.018,0.018,0.017,0.039,0.039,0.04,0.177,0.177,0.167
Saudi Arabia,SAU,2003,68229.0,68229.0,0.018,0.018,0.018,0.039,0.039,0.039,0.177,0.177,0.177
Saudi Arabia,SAU,2004,352042.0,283813.0,0.018,0.018,0.018,0.039,0.039,0.039,0.177,0.177,0.177
Saudi Arabia,SAU,2005,86181.0,-265861.0,0.019,0.018,0.018,0.042,0.039,0.039,0.241,0.177,0.177
Saudi Arabia,SAU,2006,584296.0,498115.0,0.019,0.019,0.018,0.043,0.042,0.039,0.241,0.241,0.177
Saudi Arabia,SAU,2007,812331.0,228035.0,0.019,0.019,0.019,0.043,0.043,0.042,0.241,0.241,0.241
Saudi Arabia,SAU,2008,966340.0,154009.0,0.019,0.019,0.019,0.044,0.043,0.043,0.241,0.241,0.241
Saudi Arabia,SAU,2009,417833.0,-548507.0,0.019,0.019,0.019,0.045,0.044,0.043,0.241,0.241,0.241
Saudi Arabia,SAU,2010,0.0,-417833.0,0.02,0.019,0.019,0.046,0.045,0.044,0.248,0.241,0.241
Saudi Arabia,SAU,2011,1709116.0,1709116.0,0.02,0.02,0.019,0.046,0.046,0.045,0.248,0.248,0.241
Saudi Arabia,SAU,2012,1329522.0,-379594.0,0.019,0.02,0.02,0.046,0.046,0.046,0.248,0.248,0.248
Saudi Arabia,SAU,2013,461610.0,-867912.0,0.018,0.019,0.02,0.046,0.046,0.046,0.232,0.248,0.248
Saudi Arabia,SAU,2014,414482.0,-47128.0,0.017,0.018,0.019,0.046,0.046,0.046,0.237,0.232,0.248
Saudi Arabia,SAU,2015,0.0,-414482.0,0.016,0.017,0.018,0.046,0.046,0.046,0.277,0.237,0.232
Saudi Arabia,SAU,2016,521443.0,521443.0,0.016,0.016,0.017,0.044,0.046,0.046,0.266,0.277,0.237
Saudi Arabia,SAU,2017,343943.0,-177500.0,0.014,0.016,0.016,0.043,0.044,0.046,0.266,0.266,0.277
Saudi Arabia,SAU,2018,0.0,-343943.0,0.015,0.014,0.016,0.042,0.043,0.044,0.266,0.266,0.266
Saudi Arabia,SAU,2019,689400.0,689400.0,0.015,0.015,0.014,0.045,0.042,0.043,0.233,0.266,0.266
Saudi Arabia,SAU,2020,2104083.0,1414683.0,0.014,0.015,0.015,0.045,0.045,0.042,0.224,0.233,0.266
Saudi Arabia,SAU,2021,0.0,-2104083.0,0.015,0.014,0.015,0.045,0.045,0.045,0.224,0.224,0.233
Saudi Arabia,SAU,2022,0.0,0.0,0.015,0.015,0.014,0.046,0.045,0.045,0.224,0.224,0.224
Saudi Arabia,SAU,2023,0.0,0.0,0.014,0.015,0.015,0.045,0.046,0.045,0.224,0.224,0.224
,SCG,2001,960882.0,,,,,,,,,,
,SCG,2002,-1816.0,-962698.0,,,,,,,,,
,SCG,2004,271766.0,273582.0,,,,,,,,,
,SCG,2006,728259.0,456493.0,,,,,,,,,
,SCN,2017,20176.0,,,,,,,,,,
,SCN,2018,1835306.0,1815130.0,,,,,,,,,
,SCN,2021,5768379.0,3933073.0,,,,,,,,,
,SCN,2022,10004083.0,4235704.0,,,,,,,,,
,SCN,2023,9873430.0,-130653.0,,,,,,,,,
,SCN,2024,3329912.0,-6543518.0,,,,,,,,,
,SDF,2004,64060432.0,,,,,,,,,,
,SDF,2005,158205309.0,94144877.0,,,,,,,,,
,SDF,2006,59542087.0,-98663222.0,,,,,,,,,
,SDF,2007,68782308.0,9240221.0,,,,,,,,,
,SDF,2008,39445447.0,-29336861.0,,,,,,,,,
,SDF,2009,157075204.0,117629757.0,,,,,,,,,
,SDF,2010,165010656.0,7935452.0,,,,,,,,,
,SDF,2011,57496590.0,-107514066.0,,,,,,,,,
,SDF,2012,12474397.0,-45022193.0,,,,,,,,,
,SDF,2013,-3814197.0,-16288594.0,,,,,,,,,
,SDF,2014,1171033.0,4985230.0,,,,,,,,,
,SDF,2015,-33262.0,-1204295.0,,,,,,,,,
,SDF,2016,-211407.0,-178145.0,,,,,,,,,
,SDF,2017,-2940.0,208467.0,,,,,,,,,
,SDF,2018,339867.0,342807.0,,,,,,,,,
,SDF,2019,18349.0,-321518.0,,,,,,,,,
,SDF,2020,5189743.0,5171394.0,,,,,,,,,
,SDF,2021,5464990.0,275247.0,,,,,,,,,
Sudan,SDN,2001,458944.0,,0.172,0.131,0.149,0.037,0.018,0.034,0.287,0.131,0.062
Sudan,SDN,2002,718169.0,259225.0,0.173,0.172,0.131,0.037,0.037,0.018,0.287,0.287,0.131
Sudan,SDN,2003,813671.0,95502.0,0.173,0.173,0.172,0.037,0.037,0.037,0.287,0.287,0.287
Sudan,SDN,2004,7250911.0,6437240.0,0.179,0.173,0.173,0.04,0.037,0.037,0.287,0.287,0.287
Sudan,SDN,2005,2996940.0,-4253971.0,0.198,0.179,0.173,0.061,0.04,0.037,0.281,0.287,0.287
Sudan,SDN,2006,766379.0,-2230561.0,0.199,0.198,0.179,0.061,0.061,0.04,0.281,0.281,0.287
Sudan,SDN,2007,1803369.0,1036990.0,0.198,0.199,0.198,0.063,0.061,0.061,0.281,0.281,0.281
Sudan,SDN,2008,3278328.0,1474959.0,0.201,0.198,0.199,0.064,0.063,0.061,0.281,0.281,0.281
Sudan,SDN,2009,1805089.0,-1473239.0,0.202,0.201,0.198,0.063,0.064,0.063,0.281,0.281,0.281
Sudan,SDN,2010,1688547.0,-116542.0,0.213,0.202,0.201,0.066,0.063,0.064,0.288,0.281,0.281
Sudan,SDN,2011,3649103.0,1960556.0,0.212,0.213,0.202,0.057,0.066,0.063,0.284,0.288,0.281
Sudan,SDN,2012,2785707.0,-863396.0,0.211,0.212,0.213,0.06,0.057,0.066,0.282,0.284,0.288
Sudan,SDN,2013,637363.0,-2148344.0,0.212,0.211,0.212,0.063,0.06,0.057,0.314,0.282,0.284
Sudan,SDN,2014,1009638.0,372275.0,0.212,0.212,0.211,0.062,0.063,0.06,0.314,0.314,0.282
Sudan,SDN,2015,4204637.0,3194999.0,0.22,0.212,0.212,0.064,0.062,0.063,0.314,0.314,0.314
Sudan,SDN,2016,6974156.0,2769519.0,0.219,0.22,0.212,0.064,0.064,0.062,0.363,0.314,0.314
Sudan,SDN,2017,5985836.0,-988320.0,0.226,0.219,0.22,0.074,0.064,0.064,0.359,0.363,0.314
Sudan,SDN,2018,4886307.0,-1099529.0,0.227,0.226,0.219,0.068,0.074,0.064,0.353,0.359,0.363
Sudan,SDN,2019,7464621.0,2578314.0,0.193,0.227,0.226,0.066,0.068,0.074,0.555,0.353,0.359
Sudan,SDN,2020,11102492.0,3637871.0,0.167,0.193,0.227,0.054,0.066,0.068,0.704,0.555,0.353
Sudan,SDN,2021,1032056.0,-10070436.0,0.163,0.167,0.193,0.051,0.054,0.066,0.603,0.704,0.555
Sudan,SDN,2022,77992664.0,76960608.0,0.158,0.163,0.167,0.048,0.051,0.054,0.543,0.603,0.704
Sudan,SDN,2023,12445838.0,-65546826.0,0.139,0.158,0.163,0.039,0.048,0.051,0.469,0.543,0.603
,SDN,2024,4740740.0,-7705098.0,,,,,,,,,
,SEA,2003,1039678.0,,,,,,,,,,
,SEA,2006,1155157.0,115479.0,,,,,,,,,
,SEA,2009,2503826.0,1348669.0,,,,,,,,,
,SEA,2010,1178458.0,-1325368.0,,,,,,,,,
,SEA,2011,1240719.0,62261.0,,,,,,,,,
,SEA,2012,1471331.0,230612.0,,,,,,,,,
,SEA,2013,1920676.0,449345.0,,,,,,,,,
,SEA,2014,925379.0,-995297.0,,,,,,,,,
,SEA,2015,917195.0,-8184.0,,,,,,,,,
,SEA,2016,2119162.0,1201967.0,,,,,,,,,
,SEA,2017,1453544.0,-665618.0,,,,,,,,,
,SEA,2019,2086751.0,633207.0,,,,,,,,,
,SEA,2020,1549953.0,-536798.0,,,,,,,,,
,SEA,2021,1699118.0,149165.0,,,,,,,,,
Senegal,SEN,2001,126130.0,,0.602,0.679,0.642,0.441,0.509,0.475,0.851,0.851,0.817
Senegal,SEN,2002,163347.0,37217.0,0.685,0.602,0.679,0.536,0.441,0.509,0.851,0.851,0.851
Senegal,SEN,2003,219896.0,56549.0,0.685,0.685,0.602,0.536,0.536,0.441,0.851,0.851,0.851
Senegal,SEN,2004,1092135.0,872239.0,0.685,0.685,0.685,0.536,0.536,0.536,0.851,0.851,0.851
Senegal,SEN,2005,520674.0,-571461.0,0.685,0.685,0.685,0.536,0.536,0.536,0.851,0.851,0.851
Senegal,SEN,2006,9528824.0,9008150.0,0.685,0.685,0.685,0.536,0.536,0.536,0.851,0.851,0.851
Senegal,SEN,2007,1439570.0,-8089254.0,0.672,0.685,0.685,0.523,0.536,0.536,0.851,0.851,0.851
Senegal,SEN,2008,-151202.0,-1590772.0,0.674,0.672,0.685,0.526,0.523,0.536,0.847,0.851,0.851
Senegal,SEN,2009,1971743.0,2122945.0,0.668,0.674,0.672,0.52,0.526,0.523,0.847,0.847,0.851
Senegal,SEN,2010,3635123.0,1663380.0,0.684,0.668,0.674,0.532,0.52,0.526,0.836,0.847,0.847
Senegal,SEN,2011,5278152.0,1643029.0,0.684,0.684,0.668,0.532,0.532,0.52,0.836,0.836,0.847
Senegal,SEN,2012,6422387.0,1144235.0,0.696,0.684,0.684,0.54,0.532,0.532,0.874,0.836,0.836
Senegal,SEN,2013,6872716.0,450329.0,0.722,0.696,0.684,0.585,0.54,0.532,0.84,0.874,0.836
Senegal,SEN,2014,4437099.0,-2435617.0,0.726,0.722,0.696,0.584,0.585,0.54,0.817,0.84,0.874
Senegal,SEN,2015,1515356.0,-2921743.0,0.726,0.726,0.722,0.586,0.584,0.585,0.817,0.817,0.84
Senegal,SEN,2016,4014210.0,2498854.0,0.726,0.726,0.726,0.578,0.586,0.584,0.817,0.817,0.817
Senegal,SEN,2017,3079011.0,-935199.0,0.701,0.726,0.726,0.556,0.578,0.586,0.856,0.817,0.817
Senegal,SEN,2018,3765661.0,686650.0,0.688,0.701,0.726,0.536,0.556,0.578,0.853,0.856,0.817
Senegal,SEN,2019,7100252.0,3334591.0,0.697,0.688,0.701,0.543,0.536,0.556,0.861,0.853,0.856
Senegal,SEN,2020,3865782.0,-3234470.0,0.728,0.697,0.688,0.563,0.543,0.536,0.819,0.861,0.853
Senegal,SEN,2021,8810395.0,4944613.0,0.714,0.728,0.697,0.558,0.563,0.543,0.819,0.819,0.861
Senegal,SEN,2022,18581149.0,9770754.0,0.686,0.714,0.728,0.536,0.558,0.563,0.845,0.819,0.819
Senegal,SEN,2023,6200308.0,-12380841.0,0.625,0.686,0.714,0.474,0.536,0.558,0.856,0.845,0.819
,SEN,2024,12800717.0,6600409.0,,,,,,,,,
Singapore,SGP,2001,0.0,,0.378,0.378,0.371,0.309,0.309,0.301,0.371,0.371,0.361
Singapore,SGP,2002,0.0,0.0,0.377,0.378,0.378,0.308,0.309,0.309,0.371,0.371,0.371
Singapore,SGP,2003,0.0,0.0,0.377,0.377,0.378,0.308,0.308,0.309,0.371,0.371,0.371
Singapore,SGP,2004,0.0,0.0,0.377,0.377,0.377,0.308,0.308,0.308,0.371,0.371,0.371
Singapore,SGP,2005,0.0,0.0,0.375,0.377,0.377,0.307,0.308,0.308,0.371,0.371,0.371
Singapore,SGP,2006,0.0,0.0,0.386,0.375,0.377,0.311,0.307,0.308,0.404,0.371,0.371
Singapore,SGP,2007,0.0,0.0,0.384,0.386,0.375,0.311,0.311,0.307,0.39,0.404,0.371
Singapore,SGP,2008,0.0,0.0,0.387,0.384,0.386,0.311,0.311,0.311,0.39,0.39,0.404
Singapore,SGP,2009,0.0,0.0,0.39,0.387,0.384,0.314,0.311,0.311,0.39,0.39,0.39
Singapore,SGP,2010,41839.0,41839.0,0.39,0.39,0.387,0.314,0.314,0.311,0.362,0.39,0.39
Singapore,SGP,2011,0.0,-41839.0,0.403,0.39,0.39,0.324,0.314,0.314,0.362,0.362,0.39
Singapore,SGP,2012,0.0,0.0,0.419,0.403,0.39,0.334,0.324,0.314,0.391,0.362,0.362
Singapore,SGP,2013,0.0,0.0,0.414,0.419,0.403,0.33,0.334,0.324,0.371,0.391,0.362
Singapore,SGP,2014,0.0,0.0,0.414,0.414,0.419,0.33,0.33,0.334,0.371,0.371,0.391
Singapore,SGP,2015,0.0,0.0,0.416,0.414,0.414,0.331,0.33,0.33,0.371,0.371,0.371
Singapore,SGP,2016,28418.0,28418.0,0.424,0.416,0.414,0.337,0.331,0.33,0.371,0.371,0.371
Singapore,SGP,2017,36489.0,8071.0,0.425,0.424,0.416,0.345,0.337,0.331,0.414,0.371,0.371
Singapore,SGP,2018,0.0,-36489.0,0.409,0.425,0.424,0.336,0.345,0.337,0.439,0.414,0.371
Singapore,SGP,2019,0.0,0.0,0.403,0.409,0.425,0.33,0.336,0.345,0.437,0.439,0.414
Singapore,SGP,2020,0.0,0.0,0.402,0.403,0.409,0.332,0.33,0.336,0.368,0.437,0.439
Singapore,SGP,2021,0.0,0.0,0.395,0.402,0.403,0.329,0.332,0.33,0.432,0.368,0.437
Singapore,SGP,2022,0.0,0.0,0.395,0.395,0.402,0.328,0.329,0.332,0.432,0.432,0.368
Singapore,SGP,2023,0.0,0.0,0.405,0.395,0.395,0.334,0.328,0.329,0.412,0.432,0.432
Solomon Islands,SLB,2001,0.0,,0.273,0.356,0.511,0.184,0.243,0.375,0.609,0.609,0.609
Solomon Islands,SLB,2002,34769.0,34769.0,0.507,0.273,0.356,0.381,0.184,0.243,0.609,0.609,0.609
Solomon Islands,SLB,2003,0.0,-34769.0,0.507,0.507,0.273,0.389,0.381,0.184,0.609,0.609,0.609
Solomon Islands,SLB,2004,0.0,0.0,0.52,0.507,0.507,0.401,0.389,0.381,0.609,0.609,0.609
Solomon Islands,SLB,2005,0.0,0.0,0.511,0.52,0.507,0.396,0.401,0.389,0.684,0.609,0.609
Solomon Islands,SLB,2006,0.0,0.0,0.471,0.511,0.52,0.361,0.396,0.401,0.684,0.684,0.609
Solomon Islands,SLB,2007,0.0,0.0,0.559,0.471,0.511,0.434,0.361,0.396,0.684,0.684,0.684
Solomon Islands,SLB,2008,0.0,0.0,0.559,0.559,0.471,0.434,0.434,0.361,0.684,0.684,0.684
Solomon Islands,SLB,2009,0.0,0.0,0.564,0.559,0.559,0.436,0.434,0.434,0.684,0.684,0.684
Solomon Islands,SLB,2010,0.0,0.0,0.573,0.564,0.559,0.44,0.436,0.434,0.684,0.684,0.684
Solomon Islands,SLB,2011,0.0,0.0,0.582,0.573,0.564,0.445,0.44,0.436,0.685,0.684,0.684
Solomon Islands,SLB,2012,0.0,0.0,0.586,0.582,0.573,0.447,0.445,0.44,0.685,0.685,0.684
Solomon Islands,SLB,2013,0.0,0.0,0.582,0.586,0.582,0.447,0.447,0.445,0.718,0.685,0.685
Solomon Islands,SLB,2014,0.0,0.0,0.585,0.582,0.586,0.45,0.447,0.447,0.724,0.718,0.685
Solomon Islands,SLB,2015,0.0,0.0,0.594,0.585,0.582,0.456,0.45,0.447,0.731,0.724,0.718
Solomon Islands,SLB,2016,0.0,0.0,0.61,0.594,0.585,0.466,0.456,0.45,0.731,0.731,0.724
Solomon Islands,SLB,2017,0.0,0.0,0.616,0.61,0.594,0.477,0.466,0.456,0.728,0.731,0.731
Solomon Islands,SLB,2018,0.0,0.0,0.623,0.616,0.61,0.48,0.477,0.466,0.728,0.728,0.731
Solomon Islands,SLB,2019,204967.0,204967.0,0.656,0.623,0.616,0.503,0.48,0.477,0.728,0.728,0.728
Solomon Islands,SLB,2020,0.0,-204967.0,0.655,0.656,0.623,0.494,0.503,0.48,0.727,0.728,0.728
Solomon Islands,SLB,2021,-185322.0,-185322.0,0.658,0.655,0.656,0.501,0.494,0.503,0.727,0.727,0.728
Solomon Islands,SLB,2022,535586.0,720908.0,0.659,0.658,0.655,0.505,0.501,0.494,0.727,0.727,0.727
Solomon Islands,SLB,2023,135355.0,-400231.0,0.666,0.659,0.658,0.517,0.505,0.501,0.727,0.727,0.727
,SLB,2024,93726.0,-41629.0,,,,,,,,,
Sierra Leone,SLE,2001,1203394.0,,0.232,0.232,0.23,0.088,0.088,0.081,0.686,0.686,0.686
Sierra Leone,SLE,2002,2145683.0,942289.0,0.43,0.232,0.232,0.261,0.088,0.088,0.907,0.686,0.686
Sierra Leone,SLE,2003,8947052.0,6801369.0,0.56,0.43,0.232,0.362,0.261,0.088,0.907,0.907,0.686
Sierra Leone,SLE,2004,2621853.0,-6325199.0,0.557,0.56,0.43,0.36,0.362,0.261,0.912,0.907,0.907
Sierra Leone,SLE,2005,6444166.0,3822313.0,0.557,0.557,0.56,0.353,0.36,0.362,0.912,0.912,0.907
Sierra Leone,SLE,2006,7745203.0,1301037.0,0.557,0.557,0.557,0.35,0.353,0.36,0.912,0.912,0.912
Sierra Leone,SLE,2007,5899368.0,-1845835.0,0.539,0.557,0.557,0.346,0.35,0.353,0.912,0.912,0.912
Sierra Leone,SLE,2008,9379837.0,3480469.0,0.517,0.539,0.557,0.325,0.346,0.35,0.917,0.912,0.912
Sierra Leone,SLE,2009,13306041.0,3926204.0,0.514,0.517,0.539,0.324,0.325,0.346,0.917,0.917,0.912
Sierra Leone,SLE,2010,12756382.0,-549659.0,0.514,0.514,0.517,0.328,0.324,0.325,0.917,0.917,0.917
Sierra Leone,SLE,2011,11689859.0,-1066523.0,0.514,0.514,0.514,0.328,0.328,0.324,0.917,0.917,0.917
Sierra Leone,SLE,2012,6863944.0,-4825915.0,0.508,0.514,0.514,0.324,0.328,0.328,0.917,0.917,0.917
Sierra Leone,SLE,2013,4032471.0,-2831473.0,0.514,0.508,0.514,0.318,0.324,0.328,0.901,0.917,0.917
Sierra Leone,SLE,2014,2208293.0,-1824178.0,0.514,0.514,0.508,0.318,0.318,0.324,0.901,0.901,0.917
Sierra Leone,SLE,2015,3594654.0,1386361.0,0.514,0.514,0.514,0.318,0.318,0.318,0.901,0.901,0.901
Sierra Leone,SLE,2016,1672428.0,-1922226.0,0.514,0.514,0.514,0.314,0.318,0.318,0.901,0.901,0.901
Sierra Leone,SLE,2017,5965013.0,4292585.0,0.52,0.514,0.514,0.346,0.314,0.318,0.918,0.901,0.901
Sierra Leone,SLE,2018,4167774.0,-1797239.0,0.548,0.52,0.514,0.38,0.346,0.314,0.94,0.918,0.901
Sierra Leone,SLE,2019,245857.0,-3921917.0,0.554,0.548,0.52,0.392,0.38,0.346,0.94,0.94,0.918
Sierra Leone,SLE,2020,1922324.0,1676467.0,0.561,0.554,0.548,0.426,0.392,0.38,0.94,0.94,0.94
Sierra Leone,SLE,2021,2238499.0,316175.0,0.562,0.561,0.554,0.436,0.426,0.392,0.94,0.94,0.94
Sierra Leone,SLE,2022,1519410.0,-719089.0,0.57,0.562,0.561,0.439,0.436,0.426,0.918,0.94,0.94
Sierra Leone,SLE,2023,5383342.0,3863932.0,0.512,0.57,0.562,0.391,0.439,0.436,0.912,0.918,0.94
,SLE,2024,2079695.0,-3303647.0,,,,,,,,,
El Salvador,SLV,2001,11415429.0,,0.534,0.522,0.505,0.326,0.315,0.297,0.683,0.683,0.683
El Salvador,SLV,2002,8632843.0,-2782586.0,0.543,0.534,0.522,0.331,0.326,0.315,0.683,0.683,0.683
El Salvador,SLV,2003,12936988.0,4304145.0,0.537,0.543,0.534,0.332,0.331,0.326,0.683,0.683,0.683
El Salvador,SLV,2004,11219562.0,-1717426.0,0.539,0.537,0.543,0.336,0.332,0.331,0.685,0.683,0.683
El Salvador,SLV,2005,23740904.0,12521342.0,0.542,0.539,0.537,0.338,0.336,0.332,0.685,0.685,0.683
El Salvador,SLV,2006,32822060.0,9081156.0,0.557,0.542,0.539,0.348,0.338,0.336,0.685,0.685,0.685
El Salvador,SLV,2007,22740909.0,-10081151.0,0.56,0.557,0.542,0.351,0.348,0.338,0.685,0.685,0.685
El Salvador,SLV,2008,35042338.0,12301429.0,0.561,0.56,0.557,0.357,0.351,0.348,0.685,0.685,0.685
El Salvador,SLV,2009,12306205.0,-22736133.0,0.594,0.561,0.56,0.399,0.357,0.351,0.731,0.685,0.685
El Salvador,SLV,2010,15480008.0,3173803.0,0.613,0.594,0.561,0.422,0.399,0.357,0.744,0.731,0.685
El Salvador,SLV,2011,19046206.0,3566198.0,0.613,0.613,0.594,0.425,0.422,0.399,0.75,0.744,0.731
El Salvador,SLV,2012,10862133.0,-8184073.0,0.615,0.613,0.613,0.429,0.425,0.422,0.75,0.75,0.744
El Salvador,SLV,2013,21041663.0,10179530.0,0.626,0.615,0.613,0.437,0.429,0.425,0.746,0.75,0.75
El Salvador,SLV,2014,23602506.0,2560843.0,0.665,0.626,0.615,0.465,0.437,0.429,0.712,0.746,0.75
El Salvador,SLV,2015,18409185.0,-5193321.0,0.658,0.665,0.626,0.462,0.465,0.437,0.712,0.712,0.746
El Salvador,SLV,2016,33962835.0,15553650.0,0.659,0.658,0.665,0.461,0.462,0.465,0.712,0.712,0.712
El Salvador,SLV,2017,61206063.0,27243228.0,0.672,0.659,0.658,0.465,0.461,0.462,0.724,0.712,0.712
El Salvador,SLV,2018,52065394.0,-9140669.0,0.631,0.672,0.659,0.428,0.465,0.461,0.76,0.724,0.712
El Salvador,SLV,2019,48544685.0,-3520709.0,0.599,0.631,0.672,0.393,0.428,0.465,0.595,0.76,0.724
El Salvador,SLV,2020,8148573.0,-40396112.0,0.518,0.599,0.631,0.316,0.393,0.428,0.524,0.595,0.76
El Salvador,SLV,2021,50131252.0,41982679.0,0.403,0.518,0.599,0.156,0.316,0.393,0.428,0.524,0.595
El Salvador,SLV,2022,62322038.0,12190786.0,0.378,0.403,0.518,0.118,0.156,0.316,0.43,0.428,0.524
El Salvador,SLV,2023,51709043.0,-10612995.0,0.377,0.378,0.403,0.106,0.118,0.156,0.449,0.43,0.428
,SLV,2024,71384981.0,19675938.0,,,,,,,,,
Somaliland,SML,2001,0.0,,0.179,0.17,0.17,0.141,0.139,0.138,0.635,0.602,0.602
Somaliland,SML,2002,0.0,0.0,0.198,0.179,0.17,0.15,0.141,0.139,0.664,0.635,0.602
Somaliland,SML,2003,0.0,0.0,0.356,0.198,0.179,0.218,0.15,0.141,0.664,0.664,0.635
Somaliland,SML,2004,0.0,0.0,0.378,0.356,0.198,0.227,0.218,0.15,0.658,0.664,0.664
Somaliland,SML,2005,0.0,0.0,0.384,0.378,0.356,0.232,0.227,0.218,0.658,0.658,0.664
Somaliland,SML,2006,0.0,0.0,0.394,0.384,0.378,0.239,0.232,0.227,0.658,0.658,0.658
Somaliland,SML,2007,0.0,0.0,0.393,0.394,0.384,0.239,0.239,0.232,0.658,0.658,0.658
Somaliland,SML,2008,0.0,0.0,0.393,0.393,0.394,0.239,0.239,0.239,0.658,0.658,0.658
Somaliland,SML,2009,0.0,0.0,0.393,0.393,0.393,0.239,0.239,0.239,0.658,0.658,0.658
Somaliland,SML,2010,0.0,0.0,0.414,0.393,0.393,0.249,0.239,0.239,0.713,0.658,0.658
Somaliland,SML,2011,0.0,0.0,0.436,0.414,0.393,0.261,0.249,0.239,0.709,0.713,0.658
Somaliland,SML,2012,0.0,0.0,0.436,0.436,0.414,0.262,0.261,0.249,0.709,0.709,0.713
Somaliland,SML,2013,0.0,0.0,0.402,0.436,0.436,0.248,0.262,0.261,0.646,0.709,0.709
Somaliland,SML,2014,0.0,0.0,0.401,0.402,0.436,0.247,0.248,0.262,0.646,0.646,0.709
Somaliland,SML,2015,0.0,0.0,0.401,0.401,0.402,0.247,0.247,0.248,0.646,0.646,0.646
Somaliland,SML,2016,0.0,0.0,0.408,0.401,0.401,0.252,0.247,0.247,0.646,0.646,0.646
Somaliland,SML,2017,0.0,0.0,0.413,0.408,0.401,0.254,0.252,0.247,0.657,0.646,0.646
Somaliland,SML,2018,0.0,0.0,0.4,0.413,0.408,0.248,0.254,0.252,0.657,0.657,0.646
Somaliland,SML,2019,0.0,0.0,0.395,0.4,0.413,0.246,0.248,0.254,0.657,0.657,0.657
Somaliland,SML,2020,0.0,0.0,0.399,0.395,0.4,0.243,0.246,0.248,0.682,0.657,0.657
Somaliland,SML,2021,0.0,0.0,0.406,0.399,0.395,0.25,0.243,0.246,0.678,0.682,0.657
Somaliland,SML,2022,0.0,0.0,0.408,0.406,0.399,0.251,0.25,0.243,0.682,0.678,0.682
Somaliland,SML,2023,0.0,0.0,0.402,0.408,0.406,0.251,0.251,0.25,0.682,0.682,0.678
,SMN,2002,2106026.0,,,,,,,,,,
,SMN,2003,1392020.0,-714006.0,,,,,,,,,
,SMN,2004,10683042.0,9291022.0,,,,,,,,,
,SMN,2005,1425181.0,-9257861.0,,,,,,,,,
,SMN,2007,40704.0,-1384477.0,,,,,,,,,
,SMN,2008,899676.0,858972.0,,,,,,,,,
,SMN,2023,1011844.0,112168.0,,,,,,,,,
Somalia,SOM,2001,79841.0,,0.166,0.167,0.158,0.028,0.028,0.027,0.52,0.52,0.439
Somalia,SOM,2002,442223.0,362382.0,0.166,0.166,0.167,0.028,0.028,0.028,0.52,0.52,0.52
Somalia,SOM,2003,300783.0,-141440.0,0.166,0.166,0.166,0.028,0.028,0.028,0.52,0.52,0.52
Somalia,SOM,2004,18712.0,-282071.0,0.166,0.166,0.166,0.058,0.028,0.028,0.52,0.52,0.52
Somalia,SOM,2005,365836.0,347124.0,0.171,0.166,0.166,0.092,0.058,0.028,0.52,0.52,0.52
Somalia,SOM,2006,450854.0,85018.0,0.172,0.171,0.166,0.093,0.092,0.058,0.52,0.52,0.52
Somalia,SOM,2007,10445416.0,9994562.0,0.172,0.172,0.171,0.095,0.093,0.092,0.52,0.52,0.52
Somalia,SOM,2008,12023430.0,1578014.0,0.172,0.172,0.172,0.094,0.095,0.093,0.52,0.52,0.52
Somalia,SOM,2009,14036765.0,2013335.0,0.172,0.172,0.172,0.094,0.094,0.095,0.52,0.52,0.52
Somalia,SOM,2010,3077937.0,-10958828.0,0.186,0.172,0.172,0.102,0.094,0.094,0.586,0.52,0.52
Somalia,SOM,2011,21661250.0,18583313.0,0.19,0.186,0.172,0.104,0.102,0.094,0.584,0.586,0.52
Somalia,SOM,2012,11401731.0,-10259519.0,0.167,0.19,0.186,0.107,0.104,0.102,0.593,0.584,0.586
Somalia,SOM,2013,12105153.0,703422.0,0.162,0.167,0.19,0.118,0.107,0.104,0.596,0.593,0.584
Somalia,SOM,2014,12677509.0,572356.0,0.162,0.162,0.167,0.118,0.118,0.107,0.596,0.596,0.593
Somalia,SOM,2015,10796542.0,-1880967.0,0.162,0.162,0.162,0.123,0.118,0.118,0.596,0.596,0.596
Somalia,SOM,2016,27282273.0,16485731.0,0.16,0.162,0.162,0.11,0.123,0.118,0.618,0.596,0.596
Somalia,SOM,2017,20806793.0,-6475480.0,0.167,0.16,0.162,0.123,0.11,0.123,0.622,0.618,0.596
Somalia,SOM,2018,26035269.0,5228476.0,0.154,0.167,0.16,0.106,0.123,0.11,0.579,0.622,0.618
Somalia,SOM,2019,37295751.0,11260482.0,0.148,0.154,0.167,0.104,0.106,0.123,0.575,0.579,0.622
Somalia,SOM,2020,45975537.0,8679786.0,0.154,0.148,0.154,0.105,0.104,0.106,0.635,0.575,0.579
Somalia,SOM,2021,10057328.0,-35918209.0,0.161,0.154,0.148,0.111,0.105,0.104,0.638,0.635,0.575
Somalia,SOM,2022,17049592.0,6992264.0,0.158,0.161,0.154,0.114,0.111,0.105,0.64,0.638,0.635
Somalia,SOM,2023,22151906.0,5102314.0,0.167,0.158,0.161,0.131,0.114,0.111,0.604,0.64,0.638
,SOM,2024,17231589.0,-4920317.0,,,,,,,,,
Serbia,SRB,2001,72737766.0,,0.584,0.364,0.298,0.481,0.272,0.185,0.631,0.537,0.182
Serbia,SRB,2002,85178609.0,12440843.0,0.61,0.584,0.364,0.499,0.481,0.272,0.631,0.631,0.537
Serbia,SRB,2003,106338077.0,21159468.0,0.646,0.61,0.584,0.53,0.499,0.481,0.688,0.631,0.631
Serbia,SRB,2004,95459271.0,-10878806.0,0.634,0.646,0.61,0.521,0.53,0.499,0.709,0.688,0.631
Serbia,SRB,2005,63594013.0,-31865258.0,0.634,0.634,0.646,0.523,0.521,0.53,0.709,0.709,0.688
Serbia,SRB,2006,79595375.0,16001362.0,0.633,0.634,0.634,0.524,0.523,0.521,0.709,0.709,0.709
Serbia,SRB,2007,18179027.0,-61416348.0,0.628,0.633,0.634,0.527,0.524,0.523,0.709,0.709,0.709
Serbia,SRB,2008,24994373.0,6815346.0,0.628,0.628,0.633,0.525,0.527,0.524,0.709,0.709,0.709
Serbia,SRB,2009,21821038.0,-3173335.0,0.623,0.628,0.628,0.521,0.525,0.527,0.697,0.709,0.709
Serbia,SRB,2010,27915257.0,6094219.0,0.61,0.623,0.628,0.503,0.521,0.525,0.715,0.697,0.709
Serbia,SRB,2011,39465772.0,11550515.0,0.607,0.61,0.623,0.501,0.503,0.521,0.715,0.715,0.697
Serbia,SRB,2012,21942760.0,-17523012.0,0.593,0.607,0.61,0.486,0.501,0.503,0.673,0.715,0.715
Serbia,SRB,2013,14485989.0,-7456771.0,0.502,0.593,0.607,0.401,0.486,0.501,0.654,0.673,0.715
Serbia,SRB,2014,18141270.0,3655281.0,0.44,0.502,0.593,0.35,0.401,0.486,0.652,0.654,0.673
Serbia,SRB,2015,15379223.0,-2762047.0,0.422,0.44,0.502,0.341,0.35,0.401,0.652,0.652,0.654
Serbia,SRB,2016,10638843.0,-4740380.0,0.411,0.422,0.44,0.321,0.341,0.35,0.652,0.652,0.652
Serbia,SRB,2017,8259870.0,-2378973.0,0.376,0.411,0.422,0.29,0.321,0.341,0.556,0.652,0.652
Serbia,SRB,2018,10225723.0,1965853.0,0.354,0.376,0.411,0.283,0.29,0.321,0.536,0.556,0.652
Serbia,SRB,2019,25280240.0,15054517.0,0.365,0.354,0.376,0.28,0.283,0.29,0.594,0.536,0.556
Serbia,SRB,2020,21793443.0,-3486797.0,0.349,0.365,0.354,0.244,0.28,0.283,0.558,0.594,0.536
Serbia,SRB,2021,12807083.0,-8986360.0,0.336,0.349,0.365,0.236,0.244,0.28,0.558,0.558,0.594
Serbia,SRB,2022,20362874.0,7555791.0,0.357,0.336,0.349,0.259,0.236,0.244,0.536,0.558,0.558
Serbia,SRB,2023,24312357.0,3949483.0,0.36,0.357,0.336,0.248,0.259,0.236,0.515,0.536,0.558
,SRB,2024,21968434.0,-2343923.0,,,,,,,,,
South Sudan,SSD,2011,28087508.0,,0.194,,,0.1,,,0.394,,
South Sudan,SSD,2012,68503499.0,40415991.0,0.194,0.194,,0.1,0.1,,0.361,0.394,
South Sudan,SSD,2013,133946654.0,65443155.0,0.169,0.194,0.194,0.075,0.1,0.1,0.354,0.361,0.394
South Sudan,SSD,2014,71252524.0,-62694130.0,0.164,0.169,0.194,0.068,0.075,0.1,0.34,0.354,0.361
South Sudan,SSD,2015,60963385.0,-10289139.0,0.166,0.164,0.169,0.066,0.068,0.075,0.318,0.34,0.354
South Sudan,SSD,2016,29595718.0,-31367667.0,0.158,0.166,0.164,0.053,0.066,0.068,0.316,0.318,0.34
South Sudan,SSD,2017,16249337.0,-13346381.0,0.157,0.158,0.166,0.059,0.053,0.066,0.28,0.316,0.318
South Sudan,SSD,2018,23775176.0,7525839.0,0.153,0.157,0.158,0.053,0.059,0.053,0.286,0.28,0.316
South Sudan,SSD,2019,9457616.0,-14317560.0,0.16,0.153,0.157,0.064,0.053,0.059,0.271,0.286,0.28
South Sudan,SSD,2020,8281208.0,-1176408.0,0.169,0.16,0.153,0.069,0.064,0.053,0.318,0.271,0.286
South Sudan,SSD,2021,13407036.0,5125828.0,0.137,0.169,0.16,0.058,0.069,0.064,0.275,0.318,0.271
South Sudan,SSD,2022,12323156.0,-1083880.0,0.13,0.137,0.169,0.063,0.058,0.069,0.208,0.275,0.318
South Sudan,SSD,2023,16231802.0,3908646.0,0.167,0.13,0.137,0.07,0.063,0.058,0.24,0.208,0.275
,SSD,2024,4059703.0,-12172099.0,,,,,,,,,
,SSN,2001,57961538.0,,,,,,,,,,
,SSN,2002,64898101.0,6936563.0,,,,,,,,,
,SSN,2003,17381043.0,-47517058.0,,,,,,,,,
,SSN,2004,17063660.0,-317383.0,,,,,,,,,
,SSN,2005,10312037.0,-6751623.0,,,,,,,,,
,SSN,2006,20123004.0,9810967.0,,,,,,,,,
,SSN,2007,29751691.0,9628687.0,,,,,,,,,
,SSN,2008,7502012.0,-22249679.0,,,,,,,,,
,SSN,2009,12023391.0,4521379.0,,,,,,,,,
,SSN,2010,5586190.0,-6437201.0,,,,,,,,,
,SSN,2011,10034121.0,4447931.0,,,,,,,,,
,SSN,2012,3897272.0,-6136849.0,,,,,,,,,
,SSN,2013,13282345.0,9385073.0,,,,,,,,,
,SSN,2014,16737326.0,3454981.0,,,,,,,,,
,SSN,2015,11303383.0,-5433943.0,,,,,,,,,
,SSN,2016,24603564.0,13300181.0,,,,,,,,,
,SSN,2017,66443929.0,41840365.0,,,,,,,,,
,SSN,2018,88571130.0,22127201.0,,,,,,,,,
,SSN,2019,22537430.0,-66033700.0,,,,,,,,,
,SSN,2020,86916506.0,64379076.0,,,,,,,,,
,SSN,2021,11730599.0,-75185907.0,,,,,,,,,
,SSN,2022,11461315.0,-269284.0,,,,,,,,,
,SSN,2023,13267248.0,1805933.0,,,,,,,,,
,SSN,2024,5304660.0,-7962588.0,,,,,,,,,
Sao Tome and Principe,STP,2001,84086.0,,0.644,0.642,0.642,0.511,0.509,0.513,0.69,0.69,0.69
Sao Tome and Principe,STP,2002,49042.0,-35044.0,0.637,0.644,0.642,0.505,0.511,0.509,0.69,0.69,0.69
Sao Tome and Principe,STP,2003,0.0,-49042.0,0.637,0.637,0.644,0.511,0.505,0.511,0.69,0.69,0.69
Sao Tome and Principe,STP,2004,47172.0,47172.0,0.637,0.637,0.637,0.517,0.511,0.505,0.69,0.69,0.69
Sao Tome and Principe,STP,2005,0.0,-47172.0,0.641,0.637,0.637,0.524,0.517,0.511,0.69,0.69,0.69
Sao Tome and Principe,STP,2006,0.0,0.0,0.642,0.641,0.637,0.526,0.524,0.517,0.69,0.69,0.69
Sao Tome and Principe,STP,2007,0.0,0.0,0.643,0.642,0.641,0.527,0.526,0.524,0.69,0.69,0.69
Sao Tome and Principe,STP,2008,6437159.0,6437159.0,0.643,0.643,0.642,0.527,0.527,0.526,0.69,0.69,0.69
Sao Tome and Principe,STP,2009,56268.0,-6380891.0,0.643,0.643,0.643,0.527,0.527,0.527,0.69,0.69,0.69
Sao Tome and Principe,STP,2010,0.0,-56268.0,0.653,0.643,0.643,0.536,0.527,0.527,0.69,0.69,0.69
Sao Tome and Principe,STP,2011,-216606.0,-216606.0,0.657,0.653,0.643,0.54,0.536,0.527,0.69,0.69,0.69
Sao Tome and Principe,STP,2012,0.0,216606.0,0.654,0.657,0.653,0.537,0.54,0.536,0.648,0.69,0.69
Sao Tome and Principe,STP,2013,0.0,0.0,0.655,0.654,0.657,0.547,0.537,0.54,0.664,0.648,0.69
Sao Tome and Principe,STP,2014,385607.0,385607.0,0.657,0.655,0.654,0.548,0.547,0.537,0.664,0.664,0.648
Sao Tome and Principe,STP,2015,-493710.0,-879317.0,0.664,0.657,0.655,0.554,0.548,0.547,0.664,0.664,0.664
Sao Tome and Principe,STP,2016,0.0,493710.0,0.658,0.664,0.657,0.548,0.554,0.548,0.664,0.664,0.664
Sao Tome and Principe,STP,2017,-20143.0,-20143.0,0.647,0.658,0.664,0.537,0.548,0.554,0.694,0.664,0.664
Sao Tome and Principe,STP,2018,102777.0,122920.0,0.65,0.647,0.658,0.531,0.537,0.548,0.694,0.694,0.664
Sao Tome and Principe,STP,2019,0.0,-102777.0,0.67,0.65,0.647,0.556,0.531,0.537,0.694,0.694,0.694
Sao Tome and Principe,STP,2020,0.0,0.0,0.66,0.67,0.65,0.557,0.556,0.531,0.694,0.694,0.694
Sao Tome and Principe,STP,2021,0.0,0.0,0.657,0.66,0.67,0.554,0.557,0.556,0.694,0.694,0.694
Sao Tome and Principe,STP,2022,0.0,0.0,0.65,0.657,0.66,0.542,0.554,0.557,0.709,0.694,0.694
Sao Tome and Principe,STP,2023,133184.0,133184.0,0.644,0.65,0.657,0.54,0.542,0.554,0.709,0.709,0.694
,STP,2024,10000.0,-123184.0,,,,,,,,,
Suriname,SUR,2001,117721.0,,0.779,0.78,0.769,0.662,0.665,0.652,0.762,0.762,0.766
Suriname,SUR,2002,0.0,-117721.0,0.779,0.779,0.78,0.662,0.662,0.665,0.762,0.762,0.762
Suriname,SUR,2003,0.0,0.0,0.779,0.779,0.779,0.662,0.662,0.662,0.762,0.762,0.762
Suriname,SUR,2004,0.0,0.0,0.779,0.779,0.779,0.662,0.662,0.662,0.762,0.762,0.762
Suriname,SUR,2005,230842.0,230842.0,0.767,0.779,0.779,0.654,0.662,0.662,0.762,0.762,0.762
Suriname,SUR,2006,0.0,-230842.0,0.76,0.767,0.779,0.649,0.654,0.662,0.777,0.762,0.762
Suriname,SUR,2007,72530.0,72530.0,0.759,0.76,0.767,0.645,0.649,0.654,0.777,0.777,0.762
Suriname,SUR,2008,9898.0,-62632.0,0.759,0.759,0.76,0.647,0.645,0.649,0.755,0.777,0.777
Suriname,SUR,2009,0.0,-9898.0,0.759,0.759,0.759,0.647,0.647,0.645,0.755,0.755,0.777
Suriname,SUR,2010,0.0,0.0,0.752,0.759,0.759,0.632,0.647,0.647,0.783,0.755,0.755
Suriname,SUR,2011,0.0,0.0,0.747,0.752,0.759,0.627,0.632,0.647,0.792,0.783,0.755
Suriname,SUR,2012,0.0,0.0,0.747,0.747,0.752,0.624,0.627,0.632,0.792,0.792,0.783
Suriname,SUR,2013,0.0,0.0,0.75,0.747,0.747,0.627,0.624,0.627,0.75,0.792,0.792
Suriname,SUR,2014,0.0,0.0,0.75,0.75,0.747,0.627,0.627,0.624,0.75,0.75,0.792
Suriname,SUR,2015,0.0,0.0,0.757,0.75,0.75,0.633,0.627,0.627,0.75,0.75,0.75
Suriname,SUR,2016,0.0,0.0,0.754,0.757,0.75,0.622,0.633,0.627,0.747,0.75,0.75
Suriname,SUR,2017,0.0,0.0,0.748,0.754,0.757,0.626,0.622,0.633,0.747,0.747,0.75
Suriname,SUR,2018,0.0,0.0,0.748,0.748,0.754,0.609,0.626,0.622,0.747,0.747,0.747
Suriname,SUR,2019,0.0,0.0,0.741,0.748,0.748,0.583,0.609,0.626,0.747,0.747,0.747
Suriname,SUR,2020,0.0,0.0,0.754,0.741,0.748,0.628,0.583,0.609,0.785,0.747,0.747
Suriname,SUR,2021,0.0,0.0,0.761,0.754,0.741,0.639,0.628,0.583,0.825,0.785,0.747
Suriname,SUR,2022,0.0,0.0,0.781,0.761,0.754,0.655,0.639,0.628,0.837,0.825,0.785
Suriname,SUR,2023,0.0,0.0,0.764,0.781,0.761,0.633,0.655,0.639,0.831,0.837,0.825
Slovakia,SVK,2001,2964327.0,,0.849,0.849,0.844,0.75,0.75,0.745,0.838,0.838,0.838
Slovakia,SVK,2002,1928226.0,-1036101.0,0.847,0.849,0.849,0.748,0.75,0.75,0.78,0.838,0.838
Slovakia,SVK,2003,1132117.0,-796109.0,0.843,0.847,0.849,0.746,0.748,0.75,0.78,0.78,0.838
Slovakia,SVK,2004,-12081.0,-1144198.0,0.845,0.843,0.847,0.748,0.746,0.748,0.78,0.78,0.78
Slovakia,SVK,2005,-10092.0,1989.0,0.845,0.845,0.843,0.748,0.748,0.746,0.78,0.78,0.78
Slovakia,SVK,2006,1779536.0,1789628.0,0.82,0.845,0.845,0.723,0.748,0.748,0.735,0.78,0.78
Slovakia,SVK,2007,-24071.0,-1803607.0,0.835,0.82,0.845,0.736,0.723,0.748,0.737,0.735,0.78
Slovakia,SVK,2008,-20891.0,3180.0,0.834,0.835,0.82,0.735,0.736,0.723,0.741,0.737,0.735
Slovakia,SVK,2009,35732.0,56623.0,0.835,0.834,0.835,0.734,0.735,0.736,0.741,0.741,0.737
Slovakia,SVK,2010,0.0,-35732.0,0.85,0.835,0.834,0.752,0.734,0.735,0.786,0.741,0.741
Slovakia,SVK,2011,0.0,0.0,0.851,0.85,0.835,0.755,0.752,0.734,0.794,0.786,0.741
Slovakia,SVK,2012,0.0,0.0,0.844,0.851,0.85,0.739,0.755,0.752,0.83,0.794,0.786
Slovakia,SVK,2013,0.0,0.0,0.835,0.844,0.851,0.73,0.739,0.755,0.813,0.83,0.794
Slovakia,SVK,2014,246099.0,246099.0,0.834,0.835,0.844,0.726,0.73,0.739,0.813,0.813,0.83
Slovakia,SVK,2015,0.0,-246099.0,0.838,0.834,0.835,0.725,0.726,0.73,0.811,0.813,0.813
Slovakia,SVK,2016,228926.0,228926.0,0.837,0.838,0.834,0.726,0.725,0.726,0.811,0.811,0.813
Slovakia,SVK,2017,512632.0,283706.0,0.835,0.837,0.838,0.72,0.726,0.725,0.759,0.811,0.811
Slovakia,SVK,2018,0.0,-512632.0,0.814,0.835,0.837,0.698,0.72,0.726,0.774,0.759,0.811
Slovakia,SVK,2019,0.0,0.0,0.841,0.814,0.835,0.737,0.698,0.72,0.774,0.774,0.759
Slovakia,SVK,2020,0.0,0.0,0.84,0.841,0.814,0.757,0.737,0.698,0.784,0.774,0.774
Slovakia,SVK,2021,0.0,0.0,0.839,0.84,0.841,0.757,0.757,0.737,0.784,0.784,0.774
Slovakia,SVK,2022,107117.0,107117.0,0.837,0.839,0.84,0.76,0.757,0.757,0.792,0.784,0.784
Slovakia,SVK,2023,358571.0,251454.0,0.812,0.837,0.839,0.724,0.76,0.757,0.778,0.792,0.784
,SVK,2024,699992.0,341421.0,,,,,,,,,
Slovenia,SVN,2001,3082.0,,0.832,0.84,0.837,0.742,0.749,0.759,0.828,0.828,0.828
Slovenia,SVN,2002,0.0,-3082.0,0.843,0.832,0.84,0.756,0.742,0.749,0.828,0.828,0.828
Slovenia,SVN,2003,0.0,0.0,0.841,0.843,0.832,0.752,0.756,0.742,0.828,0.828,0.828
Slovenia,SVN,2004,-37862.0,-37862.0,0.825,0.841,0.843,0.735,0.752,0.756,0.828,0.828,0.828
Slovenia,SVN,2005,0.0,37862.0,0.822,0.825,0.841,0.733,0.735,0.752,0.828,0.828,0.828
Slovenia,SVN,2006,781035.0,781035.0,0.823,0.822,0.825,0.734,0.733,0.735,0.828,0.828,0.828
Slovenia,SVN,2007,0.0,-781035.0,0.826,0.823,0.822,0.738,0.734,0.733,0.828,0.828,0.828
Slovenia,SVN,2008,0.0,0.0,0.825,0.826,0.823,0.737,0.738,0.734,0.83,0.828,0.828
Slovenia,SVN,2009,0.0,0.0,0.873,0.825,0.826,0.791,0.737,0.738,0.907,0.83,0.828
Slovenia,SVN,2010,0.0,0.0,0.872,0.873,0.825,0.796,0.791,0.737,0.931,0.907,0.83
Slovenia,SVN,2011,0.0,0.0,0.863,0.872,0.873,0.789,0.796,0.791,0.88,0.931,0.907
Slovenia,SVN,2012,0.0,0.0,0.847,0.863,0.872,0.768,0.789,0.796,0.908,0.88,0.931
Slovenia,SVN,2013,0.0,0.0,0.854,0.847,0.863,0.778,0.768,0.789,0.906,0.908,0.88
Slovenia,SVN,2014,0.0,0.0,0.865,0.854,0.847,0.794,0.778,0.768,0.892,0.906,0.908
Slovenia,SVN,2015,0.0,0.0,0.873,0.865,0.854,0.804,0.794,0.778,0.884,0.892,0.906
Slovenia,SVN,2016,0.0,0.0,0.861,0.873,0.865,0.795,0.804,0.794,0.901,0.884,0.892
Slovenia,SVN,2017,0.0,0.0,0.84,0.861,0.873,0.772,0.795,0.804,0.846,0.901,0.884
Slovenia,SVN,2018,0.0,0.0,0.83,0.84,0.861,0.759,0.772,0.795,0.834,0.846,0.901
Slovenia,SVN,2019,0.0,0.0,0.814,0.83,0.84,0.743,0.759,0.772,0.874,0.834,0.846
Slovenia,SVN,2020,0.0,0.0,0.752,0.814,0.83,0.665,0.743,0.759,0.8,0.874,0.834
Slovenia,SVN,2021,0.0,0.0,0.715,0.752,0.814,0.624,0.665,0.743,0.796,0.8,0.874
Slovenia,SVN,2022,160676.0,160676.0,0.808,0.715,0.752,0.728,0.624,0.665,0.829,0.796,0.8
Slovenia,SVN,2023,102449.0,-58227.0,0.76,0.808,0.715,0.659,0.728,0.624,0.907,0.829,0.796
,SVN,2024,86308.0,-16141.0,,,,,,,,,
Sweden,SWE,2001,0.0,,0.909,0.909,0.909,0.876,0.876,0.876,0.948,0.948,0.948
Sweden,SWE,2002,0.0,0.0,0.91,0.909,0.909,0.876,0.876,0.876,0.948,0.948,0.948
Sweden,SWE,2003,0.0,0.0,0.911,0.91,0.909,0.877,0.876,0.876,0.948,0.948,0.948
Sweden,SWE,2004,0.0,0.0,0.911,0.911,0.91,0.877,0.877,0.876,0.948,0.948,0.948
Sweden,SWE,2005,0.0,0.0,0.911,0.911,0.911,0.877,0.877,0.877,0.948,0.948,0.948
Sweden,SWE,2006,0.0,0.0,0.912,0.911,0.911,0.879,0.877,0.877,0.948,0.948,0.948
Sweden,SWE,2007,0.0,0.0,0.914,0.912,0.911,0.881,0.879,0.877,0.948,0.948,0.948
Sweden,SWE,2008,0.0,0.0,0.914,0.914,0.912,0.881,0.881,0.879,0.948,0.948,0.948
Sweden,SWE,2009,0.0,0.0,0.914,0.914,0.914,0.881,0.881,0.881,0.948,0.948,0.948
Sweden,SWE,2010,0.0,0.0,0.914,0.914,0.914,0.881,0.881,0.881,0.948,0.948,0.948
Sweden,SWE,2011,0.0,0.0,0.914,0.914,0.914,0.881,0.881,0.881,0.948,0.948,0.948
Sweden,SWE,2012,0.0,0.0,0.917,0.914,0.914,0.886,0.881,0.881,0.948,0.948,0.948
Sweden,SWE,2013,0.0,0.0,0.916,0.917,0.914,0.885,0.886,0.881,0.95,0.948,0.948
Sweden,SWE,2014,0.0,0.0,0.915,0.916,0.917,0.885,0.885,0.886,0.95,0.95,0.948
Sweden,SWE,2015,0.0,0.0,0.915,0.915,0.916,0.881,0.885,0.885,0.95,0.95,0.95
Sweden,SWE,2016,0.0,0.0,0.914,0.915,0.915,0.88,0.881,0.885,0.95,0.95,0.95
Sweden,SWE,2017,0.0,0.0,0.914,0.914,0.915,0.88,0.88,0.881,0.942,0.95,0.95
Sweden,SWE,2018,0.0,0.0,0.908,0.914,0.914,0.875,0.88,0.88,0.942,0.942,0.95
Sweden,SWE,2019,0.0,0.0,0.899,0.908,0.914,0.866,0.875,0.88,0.946,0.942,0.942
Sweden,SWE,2020,0.0,0.0,0.901,0.899,0.908,0.868,0.866,0.875,0.946,0.946,0.942
Sweden,SWE,2021,0.0,0.0,0.9,0.901,0.899,0.866,0.868,0.866,0.946,0.946,0.946
Sweden,SWE,2022,0.0,0.0,0.892,0.9,0.901,0.861,0.866,0.868,0.946,0.946,0.946
Sweden,SWE,2023,0.0,0.0,0.883,0.892,0.9,0.849,0.861,0.866,0.939,0.946,0.946
Eswatini,SWZ,2001,21339.0,,0.125,0.124,0.123,0.097,0.097,0.096,0.5,0.5,0.5
Eswatini,SWZ,2002,33114.0,11775.0,0.125,0.125,0.124,0.097,0.097,0.097,0.5,0.5,0.5
Eswatini,SWZ,2003,263967.0,230853.0,0.125,0.125,0.125,0.097,0.097,0.097,0.5,0.5,0.5
Eswatini,SWZ,2004,22801.0,-241166.0,0.123,0.125,0.125,0.096,0.097,0.097,0.5,0.5,0.5
Eswatini,SWZ,2005,851.0,-21950.0,0.128,0.123,0.125,0.096,0.096,0.097,0.415,0.5,0.5
Eswatini,SWZ,2006,16721.0,15870.0,0.129,0.128,0.123,0.096,0.096,0.096,0.458,0.415,0.5
Eswatini,SWZ,2007,-162.0,-16883.0,0.129,0.129,0.128,0.095,0.096,0.096,0.458,0.458,0.415
Eswatini,SWZ,2008,35528.0,35690.0,0.127,0.129,0.129,0.097,0.095,0.096,0.458,0.458,0.458
Eswatini,SWZ,2009,40794.0,5266.0,0.124,0.127,0.129,0.097,0.097,0.095,0.458,0.458,0.458
Eswatini,SWZ,2010,0.0,-40794.0,0.125,0.124,0.127,0.094,0.097,0.097,0.46,0.458,0.458
Eswatini,SWZ,2011,45963.0,45963.0,0.125,0.125,0.124,0.093,0.094,0.097,0.443,0.46,0.458
Eswatini,SWZ,2012,718475.0,672512.0,0.125,0.125,0.125,0.093,0.093,0.094,0.443,0.443,0.46
Eswatini,SWZ,2013,309518.0,-408957.0,0.13,0.125,0.125,0.097,0.093,0.093,0.441,0.443,0.443
Eswatini,SWZ,2014,-10225.0,-319743.0,0.131,0.13,0.125,0.097,0.097,0.093,0.441,0.441,0.443
Eswatini,SWZ,2015,720292.0,730517.0,0.131,0.131,0.13,0.097,0.097,0.097,0.441,0.441,0.441
Eswatini,SWZ,2016,93165.0,-627127.0,0.131,0.131,0.131,0.097,0.097,0.097,0.441,0.441,0.441
Eswatini,SWZ,2017,190087.0,96922.0,0.132,0.131,0.131,0.099,0.097,0.097,0.438,0.441,0.441
Eswatini,SWZ,2018,160486.0,-29601.0,0.132,0.132,0.131,0.115,0.099,0.097,0.402,0.438,0.441
Eswatini,SWZ,2019,475816.0,315330.0,0.133,0.132,0.132,0.114,0.115,0.099,0.445,0.402,0.438
Eswatini,SWZ,2020,71170.0,-404646.0,0.132,0.133,0.132,0.115,0.114,0.115,0.424,0.445,0.402
Eswatini,SWZ,2021,309664.0,238494.0,0.12,0.132,0.133,0.095,0.115,0.114,0.387,0.424,0.445
Eswatini,SWZ,2022,17825.0,-291839.0,0.117,0.12,0.132,0.097,0.095,0.115,0.386,0.387,0.424
Eswatini,SWZ,2023,45120.0,27295.0,0.121,0.117,0.12,0.099,0.097,0.095,0.397,0.386,0.387
,SWZ,2024,95000.0,49880.0,,,,,,,,,
Seychelles,SYC,2001,-1786.0,,0.359,0.368,0.368,0.259,0.264,0.259,0.712,0.712,0.712
Seychelles,SYC,2002,22415.0,24201.0,0.361,0.359,0.368,0.263,0.259,0.264,0.712,0.712,0.712
Seychelles,SYC,2003,19287.0,-3128.0,0.396,0.361,0.359,0.305,0.263,0.259,0.713,0.712,0.712
Seychelles,SYC,2004,17163.0,-2124.0,0.439,0.396,0.361,0.347,0.305,0.263,0.713,0.713,0.712
Seychelles,SYC,2005,15364.0,-1799.0,0.44,0.439,0.396,0.348,0.347,0.305,0.713,0.713,0.713
Seychelles,SYC,2006,17886.0,2522.0,0.449,0.44,0.439,0.352,0.348,0.347,0.713,0.713,0.713
Seychelles,SYC,2007,7253.0,-10633.0,0.474,0.449,0.44,0.368,0.352,0.348,0.713,0.713,0.713
Seychelles,SYC,2008,28354.0,21101.0,0.48,0.474,0.449,0.373,0.368,0.352,0.713,0.713,0.713
Seychelles,SYC,2009,282167.0,253813.0,0.478,0.48,0.474,0.371,0.373,0.368,0.694,0.713,0.713
Seychelles,SYC,2010,0.0,-282167.0,0.478,0.478,0.48,0.373,0.371,0.373,0.709,0.694,0.713
Seychelles,SYC,2011,-15657.0,-15657.0,0.479,0.478,0.478,0.377,0.373,0.371,0.709,0.709,0.694
Seychelles,SYC,2012,-4147.0,11510.0,0.477,0.479,0.478,0.373,0.377,0.373,0.709,0.709,0.709
Seychelles,SYC,2013,0.0,4147.0,0.491,0.477,0.479,0.396,0.373,0.377,0.774,0.709,0.709
Seychelles,SYC,2014,45334.0,45334.0,0.495,0.491,0.477,0.4,0.396,0.373,0.793,0.774,0.709
Seychelles,SYC,2015,-9299.0,-54633.0,0.518,0.495,0.491,0.427,0.4,0.396,0.793,0.793,0.774
Seychelles,SYC,2016,-21292.0,-11993.0,0.585,0.518,0.495,0.491,0.427,0.4,0.793,0.793,0.793
Seychelles,SYC,2017,0.0,21292.0,0.599,0.585,0.518,0.509,0.491,0.427,0.793,0.793,0.793
Seychelles,SYC,2018,0.0,0.0,0.605,0.599,0.585,0.524,0.509,0.491,0.793,0.793,0.793
Seychelles,SYC,2019,0.0,0.0,0.621,0.605,0.599,0.535,0.524,0.509,0.809,0.793,0.793
Seychelles,SYC,2020,0.0,0.0,0.666,0.621,0.605,0.575,0.535,0.524,0.79,0.809,0.793
Seychelles,SYC,2021,0.0,0.0,0.711,0.666,0.621,0.634,0.575,0.535,0.815,0.79,0.809
Seychelles,SYC,2022,-7337.0,-7337.0,0.735,0.711,0.666,0.648,0.634,0.575,0.815,0.815,0.79
Seychelles,SYC,2023,-1221.0,6116.0,0.728,0.735,0.711,0.641,0.648,0.634,0.815,0.815,0.815
Syria,SYR,2001,0.0,,0.152,0.15,0.144,0.051,0.051,0.038,0.092,0.092,0.068
Syria,SYR,2002,0.0,0.0,0.15,0.152,0.15,0.051,0.051,0.051,0.064,0.092,0.092
Syria,SYR,2003,0.0,0.0,0.15,0.15,0.152,0.05,0.051,0.051,0.091,0.064,0.092
Syria,SYR,2004,0.0,0.0,0.149,0.15,0.15,0.049,0.05,0.051,0.05,0.091,0.064
Syria,SYR,2005,477493.0,477493.0,0.148,0.149,0.15,0.05,0.049,0.05,0.05,0.05,0.091
Syria,SYR,2006,4012691.0,3535198.0,0.148,0.148,0.149,0.05,0.05,0.049,0.05,0.05,0.05
Syria,SYR,2007,424733.0,-3587958.0,0.145,0.148,0.148,0.05,0.05,0.05,0.05,0.05,0.05
Syria,SYR,2008,4395427.0,3970694.0,0.144,0.145,0.148,0.05,0.05,0.05,0.064,0.05,0.05
Syria,SYR,2009,1790562.0,-2604865.0,0.144,0.144,0.145,0.05,0.05,0.05,0.064,0.064,0.05
Syria,SYR,2010,764673.0,-1025889.0,0.144,0.144,0.144,0.049,0.05,0.05,0.064,0.064,0.064
Syria,SYR,2011,888669.0,123996.0,0.144,0.144,0.144,0.038,0.049,0.05,0.098,0.064,0.064
Syria,SYR,2012,1856235.0,967566.0,0.144,0.144,0.144,0.031,0.038,0.049,0.07,0.098,0.064
Syria,SYR,2013,6194731.0,4338496.0,0.136,0.144,0.144,0.024,0.031,0.038,0.07,0.07,0.098
Syria,SYR,2014,5592636.0,-602095.0,0.137,0.136,0.144,0.024,0.024,0.031,0.066,0.07,0.07
Syria,SYR,2015,8264907.0,2672271.0,0.136,0.137,0.136,0.025,0.024,0.024,0.061,0.066,0.07
Syria,SYR,2016,2508306.0,-5756601.0,0.136,0.136,0.137,0.025,0.025,0.024,0.061,0.061,0.066
Syria,SYR,2017,11180355.0,8672049.0,0.137,0.136,0.136,0.025,0.025,0.025,0.06,0.061,0.061
Syria,SYR,2018,37921112.0,26740757.0,0.135,0.137,0.136,0.025,0.025,0.025,0.088,0.06,0.061
Syria,SYR,2019,455630.0,-37465482.0,0.136,0.135,0.137,0.026,0.025,0.025,0.102,0.088,0.06
Syria,SYR,2020,20225787.0,19770157.0,0.138,0.136,0.135,0.031,0.026,0.025,0.103,0.102,0.088
Syria,SYR,2021,15550286.0,-4675501.0,0.136,0.138,0.136,0.033,0.031,0.026,0.109,0.103,0.102
Syria,SYR,2022,1244646.0,-14305640.0,0.137,0.136,0.138,0.031,0.033,0.031,0.101,0.109,0.103
Syria,SYR,2023,3461026.0,2216380.0,0.145,0.137,0.136,0.044,0.031,0.033,0.097,0.101,0.109
,SYR,2024,4975000.0,1513974.0,,,,,,,,,
,TCA,2001,67269.0,,,,,,,,,,
Chad,TCD,2001,145305.0,,0.276,0.279,0.279,0.096,0.097,0.097,0.461,0.461,0.451
Chad,TCD,2002,127806.0,-17499.0,0.273,0.276,0.279,0.095,0.096,0.097,0.461,0.461,0.461
Chad,TCD,2003,41120.0,-86686.0,0.273,0.273,0.276,0.095,0.095,0.096,0.461,0.461,0.461
Chad,TCD,2004,82158.0,41038.0,0.278,0.273,0.273,0.096,0.095,0.095,0.461,0.461,0.461
Chad,TCD,2005,182239.0,100081.0,0.274,0.278,0.273,0.096,0.096,0.095,0.461,0.461,0.461
Chad,TCD,2006,116312.0,-65927.0,0.277,0.274,0.278,0.095,0.096,0.096,0.461,0.461,0.461
Chad,TCD,2007,196480.0,80168.0,0.274,0.277,0.274,0.094,0.095,0.096,0.461,0.461,0.461
Chad,TCD,2008,2223404.0,2026924.0,0.277,0.274,0.277,0.094,0.094,0.095,0.461,0.461,0.461
Chad,TCD,2009,3896080.0,1672676.0,0.278,0.277,0.274,0.097,0.094,0.094,0.461,0.461,0.461
Chad,TCD,2010,4518103.0,622023.0,0.279,0.278,0.277,0.099,0.097,0.094,0.461,0.461,0.461
Chad,TCD,2011,1751123.0,-2766980.0,0.281,0.279,0.278,0.099,0.099,0.097,0.461,0.461,0.461
Chad,TCD,2012,874287.0,-876836.0,0.28,0.281,0.279,0.099,0.099,0.099,0.461,0.461,0.461
Chad,TCD,2013,-1113351.0,-1987638.0,0.277,0.28,0.281,0.093,0.099,0.099,0.464,0.461,0.461
Chad,TCD,2014,331139.0,1444490.0,0.274,0.277,0.28,0.091,0.093,0.099,0.464,0.464,0.461
Chad,TCD,2015,165966.0,-165173.0,0.279,0.274,0.277,0.091,0.091,0.093,0.464,0.464,0.464
Chad,TCD,2016,43600.0,-122366.0,0.28,0.279,0.274,0.092,0.091,0.091,0.464,0.464,0.464
Chad,TCD,2017,481641.0,438041.0,0.265,0.28,0.279,0.084,0.092,0.091,0.551,0.464,0.464
Chad,TCD,2018,770950.0,289309.0,0.267,0.265,0.28,0.079,0.084,0.092,0.551,0.551,0.464
Chad,TCD,2019,657331.0,-113619.0,0.27,0.267,0.265,0.088,0.079,0.084,0.551,0.551,0.551
Chad,TCD,2020,2813438.0,2156107.0,0.268,0.27,0.267,0.088,0.088,0.079,0.551,0.551,0.551
Chad,TCD,2021,3770464.0,957026.0,0.177,0.268,0.27,0.054,0.088,0.088,0.551,0.551,0.551
Chad,TCD,2022,803379.0,-2967085.0,0.145,0.177,0.268,0.041,0.054,0.088,0.403,0.551,0.551
Chad,TCD,2023,1050199.0,246820.0,0.148,0.145,0.177,0.051,0.041,0.054,0.403,0.403,0.551
,TCD,2024,2813333.0,1763134.0,,,,,,,,,
Togo,TGO,2001,139177.0,,0.301,0.301,0.297,0.167,0.167,0.154,0.513,0.451,0.451
Togo,TGO,2002,132454.0,-6723.0,0.302,0.301,0.301,0.166,0.167,0.167,0.513,0.513,0.451
Togo,TGO,2003,161181.0,28727.0,0.304,0.302,0.301,0.166,0.166,0.167,0.513,0.513,0.513
Togo,TGO,2004,134791.0,-26390.0,0.303,0.304,0.302,0.166,0.166,0.166,0.49,0.513,0.513
Togo,TGO,2005,168345.0,33554.0,0.325,0.303,0.304,0.149,0.166,0.166,0.713,0.49,0.513
Togo,TGO,2006,37040.0,-131305.0,0.338,0.325,0.303,0.18,0.149,0.166,0.761,0.713,0.49
Togo,TGO,2007,120399.0,83359.0,0.355,0.338,0.325,0.194,0.18,0.149,0.772,0.761,0.713
Togo,TGO,2008,233573.0,113174.0,0.433,0.355,0.338,0.227,0.194,0.18,0.795,0.772,0.761
Togo,TGO,2009,527813.0,294240.0,0.434,0.433,0.355,0.229,0.227,0.194,0.795,0.795,0.772
Togo,TGO,2010,1076598.0,548785.0,0.414,0.434,0.433,0.235,0.229,0.227,0.781,0.795,0.795
Togo,TGO,2011,781474.0,-295124.0,0.416,0.414,0.434,0.238,0.235,0.229,0.781,0.781,0.795
Togo,TGO,2012,549267.0,-232207.0,0.412,0.416,0.414,0.235,0.238,0.235,0.79,0.781,0.781
Togo,TGO,2013,98533.0,-450734.0,0.432,0.412,0.416,0.238,0.235,0.238,0.792,0.79,0.781
Togo,TGO,2014,61525.0,-37008.0,0.465,0.432,0.412,0.251,0.238,0.235,0.792,0.792,0.79
Togo,TGO,2015,0.0,-61525.0,0.471,0.465,0.432,0.258,0.251,0.238,0.792,0.792,0.792
Togo,TGO,2016,228764.0,228764.0,0.472,0.471,0.465,0.26,0.258,0.251,0.792,0.792,0.792
Togo,TGO,2017,204138.0,-24626.0,0.442,0.472,0.471,0.239,0.26,0.258,0.7,0.792,0.792
Togo,TGO,2018,79530.0,-124608.0,0.428,0.442,0.472,0.212,0.239,0.26,0.609,0.7,0.792
Togo,TGO,2019,165282.0,85752.0,0.395,0.428,0.442,0.193,0.212,0.239,0.596,0.609,0.7
Togo,TGO,2020,342878.0,177596.0,0.424,0.395,0.428,0.233,0.193,0.212,0.668,0.596,0.609
Togo,TGO,2021,1909596.0,1566718.0,0.396,0.424,0.395,0.214,0.233,0.193,0.668,0.668,0.596
Togo,TGO,2022,1667309.0,-242287.0,0.399,0.396,0.424,0.216,0.214,0.233,0.668,0.668,0.668
Togo,TGO,2023,1129853.0,-537456.0,0.389,0.399,0.396,0.194,0.216,0.214,0.501,0.668,0.668
,TGO,2024,3474935.0,2345082.0,,,,,,,,,
Thailand,THA,2001,8143198.0,,0.55,0.501,0.507,0.412,0.391,0.385,0.751,0.751,0.751
Thailand,THA,2002,20312609.0,12169411.0,0.547,0.55,0.501,0.408,0.412,0.391,0.751,0.751,0.751
Thailand,THA,2003,7394793.0,-12917816.0,0.537,0.547,0.55,0.391,0.408,0.412,0.674,0.751,0.751
Thailand,THA,2004,7059906.0,-334887.0,0.53,0.537,0.547,0.382,0.391,0.408,0.705,0.674,0.751
Thailand,THA,2005,8692967.0,1633061.0,0.507,0.53,0.537,0.359,0.382,0.391,0.705,0.705,0.674
Thailand,THA,2006,13978266.0,5285299.0,0.227,0.507,0.53,0.166,0.359,0.382,0.643,0.705,0.705
Thailand,THA,2007,5816485.0,-8161781.0,0.181,0.227,0.507,0.18,0.166,0.359,0.664,0.643,0.705
Thailand,THA,2008,8542639.0,2726154.0,0.402,0.181,0.227,0.336,0.18,0.166,0.668,0.664,0.643
Thailand,THA,2009,9286943.0,744304.0,0.418,0.402,0.181,0.337,0.336,0.18,0.668,0.668,0.664
Thailand,THA,2010,14849894.0,5562951.0,0.411,0.418,0.402,0.33,0.337,0.336,0.668,0.668,0.668
Thailand,THA,2011,3398579.0,-11451315.0,0.462,0.411,0.418,0.373,0.33,0.337,0.68,0.668,0.668
Thailand,THA,2012,13845700.0,10447121.0,0.493,0.462,0.411,0.4,0.373,0.33,0.68,0.68,0.668
Thailand,THA,2013,3856627.0,-9989073.0,0.446,0.493,0.462,0.352,0.4,0.373,0.667,0.68,0.68
Thailand,THA,2014,12413872.0,8557245.0,0.162,0.446,0.493,0.116,0.352,0.4,0.472,0.667,0.68
Thailand,THA,2015,6598022.0,-5815850.0,0.16,0.162,0.446,0.105,0.116,0.352,0.56,0.472,0.667
Thailand,THA,2016,5089053.0,-1508969.0,0.16,0.16,0.162,0.105,0.105,0.116,0.559,0.56,0.472
Thailand,THA,2017,6323963.0,1234910.0,0.154,0.16,0.16,0.102,0.105,0.105,0.527,0.559,0.56
Thailand,THA,2018,12766662.0,6442699.0,0.17,0.154,0.16,0.11,0.102,0.105,0.552,0.527,0.559
Thailand,THA,2019,11961626.0,-805036.0,0.208,0.17,0.154,0.184,0.11,0.102,0.555,0.552,0.527
Thailand,THA,2020,13104584.0,1142958.0,0.201,0.208,0.17,0.187,0.184,0.11,0.552,0.555,0.552
Thailand,THA,2021,11911687.0,-1192897.0,0.208,0.201,0.208,0.187,0.187,0.184,0.552,0.552,0.555
Thailand,THA,2022,11480922.0,-430765.0,0.216,0.208,0.201,0.195,0.187,0.187,0.58,0.552,0.552
Thailand,THA,2023,8861893.0,-2619029.0,0.295,0.216,0.208,0.246,0.195,0.187,0.611,0.58,0.552
,THA,2024,7041164.0,-1820729.0,,,,,,,,,
,TIB,2001,134539.0,,,,,,,,,,
,TIB,2002,132454.0,-2085.0,,,,,,,,,
,TIB,2003,974698.0,842244.0,,,,,,,,,
,TIB,2004,134791.0,-839907.0,,,,,,,,,
,TIB,2005,132349.0,-2442.0,,,,,,,,,
,TIB,2006,500816.0,368467.0,,,,,,,,,
,TIB,2007,480146.0,-20670.0,,,,,,,,,
,TIB,2008,160583.0,-319563.0,,,,,,,,,
,TIB,2009,732217.0,571634.0,,,,,,,,,
,TIB,2010,545299.0,-186918.0,,,,,,,,,
,TIB,2011,574218.0,28919.0,,,,,,,,,
,TIB,2012,555926.0,-18292.0,,,,,,,,,
,TIB,2013,548175.0,-7751.0,,,,,,,,,
,TIB,2014,748009.0,199834.0,,,,,,,,,
,TIB,2015,759317.0,11308.0,,,,,,,,,
,TIB,2016,830302.0,70985.0,,,,,,,,,
,TIB,2017,994306.0,164004.0,,,,,,,,,
,TIB,2018,811070.0,-183236.0,,,,,,,,,
,TIB,2019,549442.0,-261628.0,,,,,,,,,
,TIB,2020,1024444.0,475002.0,,,,,,,,,
,TIB,2021,1596149.0,571705.0,,,,,,,,,
Tajikistan,TJK,2001,4640738.0,,0.244,0.239,0.209,0.084,0.083,0.071,0.345,0.345,0.349
Tajikistan,TJK,2002,8597494.0,3956756.0,0.241,0.244,0.239,0.08,0.084,0.083,0.345,0.345,0.345
Tajikistan,TJK,2003,9792655.0,1195161.0,0.245,0.241,0.244,0.082,0.08,0.084,0.345,0.345,0.345
Tajikistan,TJK,2004,13222369.0,3429714.0,0.243,0.245,0.241,0.08,0.082,0.08,0.345,0.345,0.345
Tajikistan,TJK,2005,19694716.0,6472347.0,0.228,0.243,0.245,0.07,0.08,0.082,0.312,0.345,0.345
Tajikistan,TJK,2006,7735597.0,-11959119.0,0.226,0.228,0.243,0.069,0.07,0.08,0.31,0.312,0.345
Tajikistan,TJK,2007,7310332.0,-425265.0,0.227,0.226,0.228,0.068,0.069,0.07,0.314,0.31,0.312
Tajikistan,TJK,2008,16086643.0,8776311.0,0.229,0.227,0.226,0.068,0.068,0.069,0.314,0.314,0.31
Tajikistan,TJK,2009,29180631.0,13093988.0,0.23,0.229,0.227,0.069,0.068,0.068,0.335,0.314,0.314
Tajikistan,TJK,2010,19840880.0,-9339751.0,0.225,0.23,0.229,0.063,0.069,0.068,0.293,0.335,0.314
Tajikistan,TJK,2011,14323850.0,-5517030.0,0.225,0.225,0.23,0.064,0.063,0.069,0.291,0.293,0.335
Tajikistan,TJK,2012,20110581.0,5786731.0,0.222,0.225,0.225,0.062,0.064,0.063,0.278,0.291,0.293
Tajikistan,TJK,2013,14527178.0,-5583403.0,0.206,0.222,0.225,0.053,0.062,0.064,0.192,0.278,0.291
Tajikistan,TJK,2014,16415022.0,1887844.0,0.201,0.206,0.222,0.052,0.053,0.062,0.192,0.192,0.278
Tajikistan,TJK,2015,14431156.0,-1983866.0,0.184,0.201,0.206,0.042,0.052,0.053,0.192,0.192,0.192
Tajikistan,TJK,2016,1825211.0,-12605945.0,0.174,0.184,0.201,0.039,0.042,0.052,0.153,0.192,0.192
Tajikistan,TJK,2017,4406644.0,2581433.0,0.168,0.174,0.184,0.04,0.039,0.042,0.196,0.153,0.192
Tajikistan,TJK,2018,7093352.0,2686708.0,0.164,0.168,0.174,0.044,0.04,0.039,0.157,0.196,0.153
Tajikistan,TJK,2019,5824281.0,-1269071.0,0.164,0.164,0.168,0.041,0.044,0.04,0.176,0.157,0.196
Tajikistan,TJK,2020,10680220.0,4855939.0,0.17,0.164,0.164,0.041,0.041,0.044,0.188,0.176,0.157
Tajikistan,TJK,2021,6892811.0,-3787409.0,0.171,0.17,0.164,0.039,0.041,0.041,0.178,0.188,0.176
Tajikistan,TJK,2022,3683850.0,-3208961.0,0.164,0.171,0.17,0.036,0.039,0.041,0.209,0.178,0.188
Tajikistan,TJK,2023,3274982.0,-408868.0,0.164,0.164,0.171,0.036,0.036,0.039,0.209,0.209,0.178
,TJK,2024,5021342.0,1746360.0,,,,,,,,,
Turkmenistan,TKM,2001,2711978.0,,0.07,0.07,0.143,0.014,0.015,0.024,0.092,0.092,0.092
Turkmenistan,TKM,2002,1723767.0,-988211.0,0.07,0.07,0.07,0.014,0.014,0.015,0.092,0.092,0.092
Turkmenistan,TKM,2003,2606041.0,882274.0,0.069,0.07,0.07,0.014,0.014,0.014,0.092,0.092,0.092
Turkmenistan,TKM,2004,2207727.0,-398314.0,0.07,0.069,0.07,0.014,0.014,0.014,0.092,0.092,0.092
Turkmenistan,TKM,2005,2292231.0,84504.0,0.079,0.07,0.069,0.015,0.014,0.014,0.092,0.092,0.092
Turkmenistan,TKM,2006,2998377.0,706146.0,0.078,0.079,0.07,0.015,0.015,0.014,0.092,0.092,0.092
Turkmenistan,TKM,2007,3304590.0,306213.0,0.133,0.078,0.079,0.023,0.015,0.015,0.092,0.092,0.092
Turkmenistan,TKM,2008,4753896.0,1449306.0,0.141,0.133,0.078,0.025,0.023,0.015,0.092,0.092,0.092
Turkmenistan,TKM,2009,4767934.0,14038.0,0.143,0.141,0.133,0.023,0.025,0.023,0.092,0.092,0.092
Turkmenistan,TKM,2010,3845908.0,-922026.0,0.144,0.143,0.141,0.023,0.023,0.025,0.092,0.092,0.092
Turkmenistan,TKM,2011,1934842.0,-1911066.0,0.144,0.144,0.143,0.023,0.023,0.023,0.092,0.092,0.092
Turkmenistan,TKM,2012,3559656.0,1624814.0,0.145,0.144,0.144,0.023,0.023,0.023,0.092,0.092,0.092
Turkmenistan,TKM,2013,3070198.0,-489458.0,0.144,0.145,0.144,0.024,0.023,0.023,0.036,0.092,0.092
Turkmenistan,TKM,2014,2979489.0,-90709.0,0.143,0.144,0.145,0.024,0.024,0.023,0.036,0.036,0.092
Turkmenistan,TKM,2015,2244448.0,-735041.0,0.143,0.143,0.144,0.024,0.024,0.024,0.036,0.036,0.036
Turkmenistan,TKM,2016,800068.0,-1444380.0,0.143,0.143,0.143,0.025,0.024,0.024,0.036,0.036,0.036
Turkmenistan,TKM,2017,1130862.0,330794.0,0.147,0.143,0.143,0.027,0.025,0.024,0.056,0.036,0.036
Turkmenistan,TKM,2018,2157336.0,1026474.0,0.149,0.147,0.143,0.028,0.027,0.025,0.056,0.056,0.036
Turkmenistan,TKM,2019,1845324.0,-312012.0,0.149,0.149,0.147,0.035,0.028,0.027,0.059,0.056,0.056
Turkmenistan,TKM,2020,1092022.0,-753302.0,0.15,0.149,0.149,0.033,0.035,0.028,0.059,0.059,0.056
Turkmenistan,TKM,2021,2492910.0,1400888.0,0.15,0.15,0.149,0.033,0.033,0.035,0.059,0.059,0.059
Turkmenistan,TKM,2022,1358770.0,-1134140.0,0.148,0.15,0.15,0.032,0.033,0.033,0.059,0.059,0.059
Turkmenistan,TKM,2023,1860850.0,502080.0,0.148,0.148,0.15,0.034,0.032,0.033,0.058,0.059,0.059
,TKM,2024,2746489.0,885639.0,,,,,,,,,
Timor-Leste,TLS,2001,9077080.0,,0.289,0.222,0.11,0.23,0.183,0.089,0.575,0.575,0.101
Timor-Leste,TLS,2002,26241551.0,17164471.0,0.561,0.289,0.222,0.417,0.23,0.183,0.628,0.575,0.575
Timor-Leste,TLS,2003,19340169.0,-6901382.0,0.573,0.561,0.289,0.411,0.417,0.23,0.671,0.628,0.575
Timor-Leste,TLS,2004,12769737.0,-6570432.0,0.573,0.573,0.561,0.411,0.411,0.417,0.671,0.671,0.628
Timor-Leste,TLS,2005,30695143.0,17925406.0,0.572,0.573,0.573,0.408,0.411,0.411,0.671,0.671,0.671
Timor-Leste,TLS,2006,21439546.0,-9255597.0,0.569,0.572,0.573,0.405,0.408,0.411,0.671,0.671,0.671
Timor-Leste,TLS,2007,9654132.0,-11785414.0,0.609,0.569,0.572,0.454,0.405,0.408,0.671,0.671,0.671
Timor-Leste,TLS,2008,10442453.0,788321.0,0.618,0.609,0.569,0.46,0.454,0.405,0.68,0.671,0.671
Timor-Leste,TLS,2009,7991723.0,-2450730.0,0.617,0.618,0.609,0.462,0.46,0.454,0.68,0.68,0.671
Timor-Leste,TLS,2010,1453843.0,-6537880.0,0.632,0.617,0.618,0.478,0.462,0.46,0.68,0.68,0.68
Timor-Leste,TLS,2011,11227000.0,9773157.0,0.632,0.632,0.617,0.478,0.478,0.462,0.657,0.68,0.68
Timor-Leste,TLS,2012,10286243.0,-940757.0,0.65,0.632,0.632,0.495,0.478,0.478,0.657,0.657,0.68
Timor-Leste,TLS,2013,5438567.0,-4847676.0,0.661,0.65,0.632,0.501,0.495,0.478,0.657,0.657,0.657
Timor-Leste,TLS,2014,7063615.0,1625048.0,0.639,0.661,0.65,0.471,0.501,0.495,0.657,0.657,0.657
Timor-Leste,TLS,2015,2927781.0,-4135834.0,0.644,0.639,0.661,0.466,0.471,0.501,0.654,0.657,0.657
Timor-Leste,TLS,2016,5393625.0,2465844.0,0.628,0.644,0.639,0.46,0.466,0.471,0.668,0.654,0.657
Timor-Leste,TLS,2017,6352310.0,958685.0,0.671,0.628,0.644,0.489,0.46,0.466,0.66,0.668,0.654
Timor-Leste,TLS,2018,4367803.0,-1984507.0,0.689,0.671,0.628,0.502,0.489,0.46,0.675,0.66,0.668
Timor-Leste,TLS,2019,4751369.0,383566.0,0.703,0.689,0.671,0.517,0.502,0.489,0.676,0.675,0.66
Timor-Leste,TLS,2020,8267896.0,3516527.0,0.679,0.703,0.689,0.492,0.517,0.502,0.667,0.676,0.675
Timor-Leste,TLS,2021,6894750.0,-1373146.0,0.693,0.679,0.703,0.501,0.492,0.517,0.637,0.667,0.676
Timor-Leste,TLS,2022,11736110.0,4841360.0,0.709,0.693,0.679,0.516,0.501,0.492,0.754,0.637,0.667
Timor-Leste,TLS,2023,9737077.0,-1999033.0,0.714,0.709,0.693,0.526,0.516,0.501,0.754,0.754,0.637
,TLS,2024,9838716.0,101639.0,,,,,,,,,
,TON,2001,100904.0,,,,,,,,,,
Trinidad and Tobago,TTO,2001,1681727.0,,0.754,0.782,0.776,0.633,0.66,0.646,0.892,0.892,0.83
Trinidad and Tobago,TTO,2002,0.0,-1681727.0,0.766,0.754,0.782,0.643,0.633,0.66,0.892,0.892,0.892
Trinidad and Tobago,TTO,2003,0.0,0.0,0.776,0.766,0.754,0.662,0.643,0.633,0.892,0.892,0.892
Trinidad and Tobago,TTO,2004,1164039.0,1164039.0,0.776,0.776,0.766,0.662,0.662,0.643,0.892,0.892,0.892
Trinidad and Tobago,TTO,2005,138579.0,-1025460.0,0.775,0.776,0.776,0.662,0.662,0.662,0.892,0.892,0.892
Trinidad and Tobago,TTO,2006,0.0,-138579.0,0.779,0.775,0.776,0.665,0.662,0.662,0.892,0.892,0.892
Trinidad and Tobago,TTO,2007,135929.0,135929.0,0.781,0.779,0.775,0.666,0.665,0.662,0.892,0.892,0.892
Trinidad and Tobago,TTO,2008,497151.0,361222.0,0.801,0.781,0.779,0.684,0.666,0.665,0.892,0.892,0.892
Trinidad and Tobago,TTO,2009,847409.0,350258.0,0.801,0.801,0.781,0.684,0.684,0.666,0.892,0.892,0.892
Trinidad and Tobago,TTO,2010,-281949.0,-1129358.0,0.802,0.801,0.801,0.686,0.684,0.684,0.895,0.892,0.892
Trinidad and Tobago,TTO,2011,0.0,281949.0,0.803,0.802,0.801,0.687,0.686,0.684,0.895,0.895,0.892
Trinidad and Tobago,TTO,2012,0.0,0.0,0.803,0.803,0.802,0.687,0.687,0.686,0.895,0.895,0.895
Trinidad and Tobago,TTO,2013,-516004.0,-516004.0,0.777,0.803,0.803,0.665,0.687,0.687,0.901,0.895,0.895
Trinidad and Tobago,TTO,2014,0.0,516004.0,0.777,0.777,0.803,0.662,0.665,0.687,0.901,0.901,0.895
Trinidad and Tobago,TTO,2015,20396.0,20396.0,0.791,0.777,0.777,0.676,0.662,0.665,0.901,0.901,0.901
Trinidad and Tobago,TTO,2016,0.0,-20396.0,0.79,0.791,0.777,0.676,0.676,0.662,0.901,0.901,0.901
Trinidad and Tobago,TTO,2017,0.0,0.0,0.791,0.79,0.791,0.676,0.676,0.676,0.901,0.901,0.901
Trinidad and Tobago,TTO,2018,0.0,0.0,0.784,0.791,0.79,0.67,0.676,0.676,0.901,0.901,0.901
Trinidad and Tobago,TTO,2019,0.0,0.0,0.787,0.784,0.791,0.676,0.67,0.676,0.886,0.901,0.901
Trinidad and Tobago,TTO,2020,0.0,0.0,0.788,0.787,0.784,0.672,0.676,0.67,0.867,0.886,0.901
Trinidad and Tobago,TTO,2021,0.0,0.0,0.791,0.788,0.787,0.672,0.672,0.676,0.887,0.867,0.886
Trinidad and Tobago,TTO,2022,166589.0,166589.0,0.778,0.791,0.788,0.661,0.672,0.672,0.907,0.887,0.867
Trinidad and Tobago,TTO,2023,372916.0,206327.0,0.778,0.778,0.791,0.661,0.661,0.672,0.907,0.907,0.887
,TTO,2024,398100.0,25184.0,,,,,,,,,
Tunisia,TUN,2001,0.0,,0.189,0.189,0.188,0.092,0.092,0.091,0.337,0.337,0.337
Tunisia,TUN,2002,0.0,0.0,0.19,0.189,0.189,0.091,0.092,0.092,0.337,0.337,0.337
Tunisia,TUN,2003,-48350.0,-48350.0,0.19,0.19,0.189,0.091,0.091,0.092,0.337,0.337,0.337
Tunisia,TUN,2004,55502.0,103852.0,0.189,0.19,0.19,0.091,0.091,0.091,0.337,0.337,0.337
Tunisia,TUN,2005,61558.0,6056.0,0.191,0.189,0.19,0.092,0.091,0.091,0.337,0.337,0.337
Tunisia,TUN,2006,295124.0,233566.0,0.191,0.191,0.189,0.095,0.092,0.091,0.337,0.337,0.337
Tunisia,TUN,2007,526881.0,231757.0,0.191,0.191,0.191,0.095,0.095,0.092,0.337,0.337,0.337
Tunisia,TUN,2008,423918.0,-102963.0,0.191,0.191,0.191,0.095,0.095,0.095,0.337,0.337,0.337
Tunisia,TUN,2009,269384.0,-154534.0,0.191,0.191,0.191,0.095,0.095,0.095,0.337,0.337,0.337
Tunisia,TUN,2010,852581.0,583197.0,0.193,0.191,0.191,0.103,0.095,0.095,0.361,0.337,0.337
Tunisia,TUN,2011,4697849.0,3845268.0,0.328,0.193,0.191,0.247,0.103,0.095,0.813,0.361,0.337
Tunisia,TUN,2012,143040609.0,138342760.0,0.765,0.328,0.193,0.642,0.247,0.103,0.92,0.813,0.361
Tunisia,TUN,2013,45409335.0,-97631274.0,0.761,0.765,0.328,0.635,0.642,0.247,0.933,0.92,0.813
Tunisia,TUN,2014,13255783.0,-32153552.0,0.745,0.761,0.765,0.632,0.635,0.642,0.9,0.933,0.92
Tunisia,TUN,2015,15374810.0,2119027.0,0.727,0.745,0.761,0.629,0.632,0.635,0.88,0.9,0.933
Tunisia,TUN,2016,7002932.0,-8371878.0,0.731,0.727,0.745,0.626,0.629,0.632,0.883,0.88,0.9
Tunisia,TUN,2017,42068364.0,35065432.0,0.725,0.731,0.727,0.632,0.626,0.629,0.882,0.883,0.88
Tunisia,TUN,2018,76564077.0,34495713.0,0.728,0.725,0.731,0.633,0.632,0.626,0.882,0.882,0.883
Tunisia,TUN,2019,35819928.0,-40744149.0,0.725,0.728,0.725,0.632,0.633,0.632,0.882,0.882,0.882
Tunisia,TUN,2020,95586394.0,59766466.0,0.712,0.725,0.728,0.623,0.632,0.633,0.879,0.882,0.882
Tunisia,TUN,2021,14389122.0,-81197272.0,0.535,0.712,0.725,0.464,0.623,0.632,0.786,0.879,0.882
Tunisia,TUN,2022,36941080.0,22551958.0,0.283,0.535,0.712,0.196,0.464,0.623,0.619,0.786,0.879
Tunisia,TUN,2023,42345873.0,5404793.0,0.432,0.283,0.535,0.283,0.196,0.464,0.525,0.619,0.786
,TUN,2024,17068405.0,-25277468.0,,,,,,,,,
Türkiye,TUR,2001,1866972.0,,0.591,0.586,0.57,0.431,0.425,0.413,0.548,0.497,0.478
Türkiye,TUR,2002,1214138.0,-652834.0,0.636,0.591,0.586,0.487,0.431,0.425,0.63,0.548,0.497
Türkiye,TUR,2003,1460808.0,246670.0,0.651,0.636,0.591,0.498,0.487,0.431,0.636,0.63,0.548
Türkiye,TUR,2004,2688904.0,1228096.0,0.657,0.651,0.636,0.502,0.498,0.487,0.636,0.636,0.63
Türkiye,TUR,2005,1958303.0,-730601.0,0.643,0.657,0.651,0.484,0.502,0.498,0.636,0.636,0.636
Türkiye,TUR,2006,2365567.0,407264.0,0.643,0.643,0.657,0.483,0.484,0.502,0.636,0.636,0.636
Türkiye,TUR,2007,2371418.0,5851.0,0.616,0.643,0.643,0.461,0.483,0.484,0.649,0.636,0.636
Türkiye,TUR,2008,2682093.0,310675.0,0.554,0.616,0.643,0.411,0.461,0.483,0.628,0.649,0.636
Türkiye,TUR,2009,2019042.0,-663051.0,0.545,0.554,0.616,0.403,0.411,0.461,0.649,0.628,0.649
Türkiye,TUR,2010,2856247.0,837205.0,0.525,0.545,0.554,0.36,0.403,0.411,0.615,0.649,0.628
Türkiye,TUR,2011,2234115.0,-622132.0,0.522,0.525,0.545,0.354,0.36,0.403,0.615,0.615,0.649
Türkiye,TUR,2012,717064.0,-1517051.0,0.508,0.522,0.525,0.346,0.354,0.36,0.615,0.615,0.615
Türkiye,TUR,2013,2131188.0,1414124.0,0.469,0.508,0.522,0.289,0.346,0.354,0.531,0.615,0.615
Türkiye,TUR,2014,2185073.0,53885.0,0.426,0.469,0.508,0.252,0.289,0.346,0.531,0.531,0.615
Türkiye,TUR,2015,2987194.0,802121.0,0.388,0.426,0.469,0.23,0.252,0.289,0.526,0.531,0.531
Türkiye,TUR,2016,2142906.0,-844288.0,0.308,0.388,0.426,0.143,0.23,0.252,0.357,0.526,0.531
Türkiye,TUR,2017,2891853.0,748947.0,0.29,0.308,0.388,0.101,0.143,0.23,0.325,0.357,0.526
Türkiye,TUR,2018,2166401.0,-725452.0,0.295,0.29,0.308,0.104,0.101,0.143,0.325,0.325,0.357
Türkiye,TUR,2019,2073406.0,-92995.0,0.289,0.295,0.29,0.107,0.104,0.101,0.398,0.325,0.325
Türkiye,TUR,2020,3046043.0,972637.0,0.292,0.289,0.295,0.115,0.107,0.104,0.398,0.398,0.325
Türkiye,TUR,2021,5102053.0,2056010.0,0.287,0.292,0.289,0.113,0.115,0.107,0.389,0.398,0.398
Türkiye,TUR,2022,0.0,-5102053.0,0.285,0.287,0.292,0.11,0.113,0.115,0.357,0.389,0.398
Türkiye,TUR,2023,0.0,0.0,0.285,0.285,0.287,0.108,0.11,0.113,0.364,0.357,0.389
Taiwan,TWN,2001,0.0,,0.782,0.772,0.649,0.682,0.674,0.489,0.935,0.937,0.862
Taiwan,TWN,2002,0.0,0.0,0.787,0.782,0.772,0.687,0.682,0.674,0.941,0.935,0.937
Taiwan,TWN,2003,0.0,0.0,0.784,0.787,0.782,0.684,0.687,0.682,0.949,0.941,0.935
Taiwan,TWN,2004,0.0,0.0,0.776,0.784,0.787,0.677,0.684,0.687,0.943,0.949,0.941
Taiwan,TWN,2005,0.0,0.0,0.771,0.776,0.784,0.675,0.677,0.684,0.949,0.943,0.949
Taiwan,TWN,2006,0.0,0.0,0.776,0.771,0.776,0.679,0.675,0.677,0.949,0.949,0.943
Taiwan,TWN,2007,0.0,0.0,0.775,0.776,0.771,0.679,0.679,0.675,0.949,0.949,0.949
Taiwan,TWN,2008,0.0,0.0,0.793,0.775,0.776,0.685,0.679,0.679,0.949,0.949,0.949
Taiwan,TWN,2009,0.0,0.0,0.794,0.793,0.775,0.667,0.685,0.679,0.922,0.949,0.949
Taiwan,TWN,2010,0.0,0.0,0.798,0.794,0.793,0.668,0.667,0.685,0.922,0.922,0.949
Taiwan,TWN,2011,0.0,0.0,0.798,0.798,0.794,0.668,0.668,0.667,0.922,0.922,0.922
Taiwan,TWN,2012,0.0,0.0,0.799,0.798,0.798,0.676,0.668,0.668,0.922,0.922,0.922
Taiwan,TWN,2013,0.0,0.0,0.803,0.799,0.798,0.684,0.676,0.668,0.887,0.922,0.922
Taiwan,TWN,2014,0.0,0.0,0.806,0.803,0.799,0.685,0.684,0.676,0.887,0.887,0.922
Taiwan,TWN,2015,0.0,0.0,0.806,0.806,0.803,0.686,0.685,0.684,0.887,0.887,0.887
Taiwan,TWN,2016,0.0,0.0,0.835,0.806,0.806,0.727,0.686,0.685,0.935,0.887,0.887
Taiwan,TWN,2017,0.0,0.0,0.845,0.835,0.806,0.737,0.727,0.686,0.935,0.935,0.887
Taiwan,TWN,2018,0.0,0.0,0.845,0.845,0.835,0.739,0.737,0.727,0.927,0.935,0.935
Taiwan,TWN,2019,0.0,0.0,0.834,0.845,0.845,0.725,0.739,0.737,0.93,0.927,0.935
Taiwan,TWN,2020,0.0,0.0,0.82,0.834,0.845,0.719,0.725,0.739,0.922,0.93,0.927
Taiwan,TWN,2021,-120515.0,-120515.0,0.82,0.82,0.834,0.711,0.719,0.725,0.936,0.922,0.93
Taiwan,TWN,2022,0.0,120515.0,0.827,0.82,0.82,0.729,0.711,0.719,0.936,0.936,0.922
Taiwan,TWN,2023,0.0,0.0,0.823,0.827,0.82,0.725,0.729,0.711,0.929,0.936,0.936
Tanzania,TZA,2001,-431150.0,,0.44,0.477,0.491,0.373,0.396,0.403,0.792,0.792,0.792
Tanzania,TZA,2002,5873581.0,6304731.0,0.44,0.44,0.477,0.373,0.373,0.396,0.792,0.792,0.792
Tanzania,TZA,2003,4005015.0,-1868566.0,0.44,0.44,0.44,0.373,0.373,0.373,0.792,0.792,0.792
Tanzania,TZA,2004,7909274.0,3904259.0,0.44,0.44,0.44,0.373,0.373,0.373,0.792,0.792,0.792
Tanzania,TZA,2005,7750923.0,-158351.0,0.429,0.44,0.44,0.372,0.373,0.373,0.797,0.792,0.792
Tanzania,TZA,2006,6297766.0,-1453157.0,0.465,0.429,0.44,0.395,0.372,0.373,0.797,0.797,0.792
Tanzania,TZA,2007,9264190.0,2966424.0,0.462,0.465,0.429,0.393,0.395,0.372,0.797,0.797,0.797
Tanzania,TZA,2008,4808952.0,-4455238.0,0.464,0.462,0.465,0.396,0.393,0.395,0.797,0.797,0.797
Tanzania,TZA,2009,2787409.0,-2021543.0,0.465,0.464,0.462,0.395,0.396,0.393,0.797,0.797,0.797
Tanzania,TZA,2010,5498173.0,2710764.0,0.467,0.465,0.464,0.397,0.395,0.396,0.808,0.797,0.797
Tanzania,TZA,2011,4097255.0,-1400918.0,0.477,0.467,0.465,0.404,0.397,0.395,0.808,0.808,0.797
Tanzania,TZA,2012,1518717.0,-2578538.0,0.475,0.477,0.467,0.401,0.404,0.397,0.808,0.808,0.808
Tanzania,TZA,2013,15448508.0,13929791.0,0.47,0.475,0.477,0.396,0.401,0.404,0.808,0.808,0.808
Tanzania,TZA,2014,8844052.0,-6604456.0,0.467,0.47,0.475,0.394,0.396,0.401,0.808,0.808,0.808
Tanzania,TZA,2015,13056936.0,4212884.0,0.453,0.467,0.47,0.391,0.394,0.396,0.783,0.808,0.808
Tanzania,TZA,2016,6840079.0,-6216857.0,0.409,0.453,0.467,0.355,0.391,0.394,0.781,0.783,0.808
Tanzania,TZA,2017,5121958.0,-1718121.0,0.401,0.409,0.453,0.351,0.355,0.391,0.786,0.781,0.783
Tanzania,TZA,2018,13595572.0,8473614.0,0.385,0.401,0.409,0.331,0.351,0.355,0.78,0.786,0.781
Tanzania,TZA,2019,11157819.0,-2437753.0,0.383,0.385,0.401,0.325,0.331,0.351,0.802,0.78,0.786
Tanzania,TZA,2020,10014799.0,-1143020.0,0.383,0.383,0.385,0.33,0.325,0.331,0.8,0.802,0.78
Tanzania,TZA,2021,7936523.0,-2078276.0,0.366,0.383,0.383,0.324,0.33,0.325,0.832,0.8,0.802
Tanzania,TZA,2022,4538111.0,-3398412.0,0.397,0.366,0.383,0.347,0.324,0.33,0.754,0.832,0.8
Tanzania,TZA,2023,3456201.0,-1081910.0,0.409,0.397,0.366,0.355,0.347,0.324,0.814,0.754,0.832
,TZA,2024,11623768.0,8167567.0,,,,,,,,,
Uganda,UGA,2001,1405500.0,,0.27,0.304,0.305,0.222,0.236,0.239,0.873,0.849,0.849
Uganda,UGA,2002,2257305.0,851805.0,0.262,0.27,0.304,0.214,0.222,0.236,0.791,0.873,0.849
Uganda,UGA,2003,9677284.0,7419979.0,0.257,0.262,0.27,0.212,0.214,0.222,0.791,0.791,0.873
Uganda,UGA,2004,7036222.0,-2641062.0,0.265,0.257,0.262,0.216,0.212,0.214,0.791,0.791,0.791
Uganda,UGA,2005,14759574.0,7723352.0,0.294,0.265,0.257,0.231,0.216,0.212,0.791,0.791,0.791
Uganda,UGA,2006,12323518.0,-2436056.0,0.318,0.294,0.265,0.243,0.231,0.216,0.791,0.791,0.791
Uganda,UGA,2007,11557818.0,-765700.0,0.323,0.318,0.294,0.246,0.243,0.231,0.777,0.791,0.791
Uganda,UGA,2008,14444844.0,2887026.0,0.32,0.323,0.318,0.243,0.246,0.243,0.777,0.777,0.791
Uganda,UGA,2009,2014585.0,-12430259.0,0.318,0.32,0.323,0.241,0.243,0.246,0.798,0.777,0.777
Uganda,UGA,2010,12785881.0,10771296.0,0.317,0.318,0.32,0.238,0.241,0.243,0.795,0.798,0.777
Uganda,UGA,2011,6897452.0,-5888429.0,0.317,0.317,0.318,0.233,0.238,0.241,0.799,0.795,0.798
Uganda,UGA,2012,2819394.0,-4078058.0,0.316,0.317,0.317,0.232,0.233,0.238,0.783,0.799,0.795
Uganda,UGA,2013,11966179.0,9146785.0,0.312,0.316,0.317,0.23,0.232,0.233,0.753,0.783,0.799
Uganda,UGA,2014,8697301.0,-3268878.0,0.305,0.312,0.316,0.226,0.23,0.232,0.76,0.753,0.783
Uganda,UGA,2015,18808297.0,10110996.0,0.3,0.305,0.312,0.222,0.226,0.23,0.787,0.76,0.753
Uganda,UGA,2016,8299898.0,-10508399.0,0.289,0.3,0.305,0.205,0.222,0.226,0.768,0.787,0.76
Uganda,UGA,2017,12118818.0,3818920.0,0.291,0.289,0.3,0.201,0.205,0.222,0.759,0.768,0.787
Uganda,UGA,2018,9467742.0,-2651076.0,0.283,0.291,0.289,0.194,0.201,0.205,0.799,0.759,0.768
Uganda,UGA,2019,6623678.0,-2844064.0,0.284,0.283,0.291,0.193,0.194,0.201,0.774,0.799,0.759
Uganda,UGA,2020,9914329.0,3290651.0,0.285,0.284,0.283,0.192,0.193,0.194,0.758,0.774,0.799
Uganda,UGA,2021,7831395.0,-2082934.0,0.274,0.285,0.284,0.18,0.192,0.193,0.676,0.758,0.774
Uganda,UGA,2022,7412434.0,-418961.0,0.269,0.274,0.285,0.185,0.18,0.192,0.695,0.676,0.758
Uganda,UGA,2023,9641749.0,2229315.0,0.259,0.269,0.274,0.179,0.185,0.18,0.646,0.695,0.676
,UGA,2024,16469516.0,6827767.0,,,,,,,,,
Ukraine,UKR,2001,36858160.0,,0.384,0.389,0.422,0.233,0.229,0.245,0.467,0.467,0.442
Ukraine,UKR,2002,47197363.0,10339203.0,0.394,0.384,0.389,0.245,0.233,0.229,0.467,0.467,0.467
Ukraine,UKR,2003,30419476.0,-16777887.0,0.392,0.394,0.384,0.262,0.245,0.233,0.467,0.467,0.467
Ukraine,UKR,2004,54594212.0,24174736.0,0.383,0.392,0.394,0.271,0.262,0.245,0.467,0.467,0.467
Ukraine,UKR,2005,70175555.0,15581343.0,0.448,0.383,0.392,0.285,0.271,0.262,0.639,0.467,0.467
Ukraine,UKR,2006,37769949.0,-32405606.0,0.574,0.448,0.383,0.376,0.285,0.271,0.6,0.639,0.467
Ukraine,UKR,2007,67130396.0,29360447.0,0.607,0.574,0.448,0.4,0.376,0.285,0.6,0.6,0.639
Ukraine,UKR,2008,47156692.0,-19973704.0,0.608,0.607,0.574,0.394,0.4,0.376,0.614,0.6,0.6
Ukraine,UKR,2009,53544007.0,6387315.0,0.604,0.608,0.607,0.394,0.394,0.4,0.614,0.614,0.6
Ukraine,UKR,2010,61626288.0,8082281.0,0.484,0.604,0.608,0.264,0.394,0.394,0.505,0.614,0.614
Ukraine,UKR,2011,48795609.0,-12830679.0,0.483,0.484,0.604,0.264,0.264,0.394,0.481,0.505,0.614
Ukraine,UKR,2012,47973215.0,-822394.0,0.479,0.483,0.484,0.26,0.264,0.264,0.481,0.481,0.505
Ukraine,UKR,2013,32168677.0,-15804538.0,0.459,0.479,0.483,0.251,0.26,0.264,0.555,0.481,0.481
Ukraine,UKR,2014,57310841.0,25142164.0,0.417,0.459,0.479,0.215,0.251,0.26,0.789,0.555,0.481
Ukraine,UKR,2015,57444610.0,133769.0,0.42,0.417,0.459,0.228,0.215,0.251,0.866,0.789,0.555
Ukraine,UKR,2016,49203231.0,-8241379.0,0.433,0.42,0.417,0.24,0.228,0.215,0.784,0.866,0.789
Ukraine,UKR,2017,96822800.0,47619569.0,0.43,0.433,0.42,0.24,0.24,0.228,0.718,0.784,0.866
Ukraine,UKR,2018,103828107.0,7005307.0,0.43,0.43,0.433,0.244,0.24,0.24,0.698,0.718,0.784
Ukraine,UKR,2019,161213017.0,57384910.0,0.528,0.43,0.43,0.318,0.244,0.24,0.718,0.698,0.718
Ukraine,UKR,2020,183929732.0,22716715.0,0.552,0.528,0.43,0.325,0.318,0.244,0.786,0.718,0.698
Ukraine,UKR,2021,134189347.0,-49740385.0,0.537,0.552,0.528,0.323,0.325,0.318,0.738,0.786,0.718
Ukraine,UKR,2022,199059436.0,64870089.0,0.392,0.537,0.552,0.235,0.323,0.325,0.746,0.738,0.786
Ukraine,UKR,2023,275713456.0,76654020.0,0.39,0.392,0.537,0.239,0.235,0.323,0.753,0.746,0.738
,UKR,2024,363203834.0,87490378.0,,,,,,,,,
Uruguay,URY,2001,151355.0,,0.873,0.873,0.875,0.802,0.797,0.802,0.89,0.89,0.89
Uruguay,URY,2002,0.0,-151355.0,0.873,0.873,0.873,0.802,0.802,0.797,0.89,0.89,0.89
Uruguay,URY,2003,0.0,0.0,0.873,0.873,0.873,0.79,0.802,0.802,0.89,0.89,0.89
Uruguay,URY,2004,304231.0,304231.0,0.874,0.873,0.873,0.808,0.79,0.802,0.89,0.89,0.89
Uruguay,URY,2005,15466.0,-288765.0,0.89,0.874,0.873,0.819,0.808,0.79,0.89,0.89,0.89
Uruguay,URY,2006,0.0,-15466.0,0.892,0.89,0.874,0.823,0.819,0.808,0.89,0.89,0.89
Uruguay,URY,2007,72530.0,72530.0,0.892,0.892,0.89,0.823,0.823,0.819,0.89,0.89,0.89
Uruguay,URY,2008,4263.0,-68267.0,0.892,0.892,0.892,0.822,0.823,0.823,0.89,0.89,0.89
Uruguay,URY,2009,0.0,-4263.0,0.894,0.892,0.892,0.825,0.822,0.823,0.89,0.89,0.89
Uruguay,URY,2010,48812.0,48812.0,0.912,0.894,0.892,0.847,0.825,0.822,0.899,0.89,0.89
Uruguay,URY,2011,47851.0,-961.0,0.912,0.912,0.894,0.847,0.847,0.825,0.899,0.899,0.89
Uruguay,URY,2012,93057.0,45206.0,0.912,0.912,0.912,0.847,0.847,0.847,0.899,0.899,0.899
Uruguay,URY,2013,-4726.0,-97783.0,0.91,0.912,0.912,0.843,0.847,0.847,0.899,0.899,0.899
Uruguay,URY,2014,175799.0,180525.0,0.909,0.91,0.912,0.843,0.843,0.847,0.899,0.899,0.899
Uruguay,URY,2015,0.0,-175799.0,0.897,0.909,0.91,0.832,0.843,0.843,0.875,0.899,0.899
Uruguay,URY,2016,0.0,0.0,0.897,0.897,0.909,0.832,0.832,0.843,0.875,0.875,0.899
Uruguay,URY,2017,0.0,0.0,0.89,0.897,0.897,0.828,0.832,0.832,0.875,0.875,0.875
Uruguay,URY,2018,1188.0,1188.0,0.896,0.89,0.897,0.836,0.828,0.832,0.876,0.875,0.875
Uruguay,URY,2019,0.0,-1188.0,0.896,0.896,0.89,0.836,0.836,0.828,0.876,0.876,0.875
Uruguay,URY,2020,0.0,0.0,0.867,0.896,0.896,0.808,0.836,0.836,0.867,0.876,0.876
Uruguay,URY,2021,0.0,0.0,0.852,0.867,0.896,0.789,0.808,0.836,0.825,0.867,0.876
Uruguay,URY,2022,425775.0,425775.0,0.818,0.852,0.867,0.747,0.789,0.808,0.852,0.825,0.867
Uruguay,URY,2023,0.0,-425775.0,0.833,0.818,0.852,0.756,0.747,0.789,0.845,0.852,0.825
United States of America,USA,2001,0.0,,0.828,0.867,0.868,0.769,0.808,0.808,0.983,0.983,0.982
United States of America,USA,2002,0.0,0.0,0.829,0.828,0.867,0.769,0.769,0.808,0.983,0.983,0.983
United States of America,USA,2003,0.0,0.0,0.86,0.829,0.828,0.798,0.769,0.769,0.983,0.983,0.983
United States of America,USA,2004,0.0,0.0,0.862,0.86,0.829,0.799,0.798,0.769,0.983,0.983,0.983
United States of America,USA,2005,0.0,0.0,0.856,0.862,0.86,0.794,0.799,0.798,0.983,0.983,0.983
United States of America,USA,2006,0.0,0.0,0.862,0.856,0.862,0.801,0.794,0.799,0.983,0.983,0.983
United States of America,USA,2007,0.0,0.0,0.897,0.862,0.856,0.84,0.801,0.794,0.983,0.983,0.983
United States of America,USA,2008,0.0,0.0,0.9,0.897,0.862,0.845,0.84,0.801,0.983,0.983,0.983
United States of America,USA,2009,0.0,0.0,0.9,0.9,0.897,0.848,0.845,0.84,0.983,0.983,0.983
United States of America,USA,2010,0.0,0.0,0.9,0.9,0.9,0.848,0.848,0.845,0.983,0.983,0.983
United States of America,USA,2011,0.0,0.0,0.896,0.9,0.9,0.845,0.848,0.848,0.983,0.983,0.983
United States of America,USA,2012,0.0,0.0,0.896,0.896,0.9,0.842,0.845,0.848,0.983,0.983,0.983
United States of America,USA,2013,0.0,0.0,0.905,0.896,0.896,0.852,0.842,0.845,0.983,0.983,0.983
United States of America,USA,2014,0.0,0.0,0.901,0.905,0.896,0.848,0.852,0.842,0.983,0.983,0.983
United States of America,USA,2015,0.0,0.0,0.9,0.901,0.905,0.848,0.848,0.852,0.983,0.983,0.983
United States of America,USA,2016,0.0,0.0,0.885,0.9,0.901,0.83,0.848,0.848,0.986,0.983,0.983
United States of America,USA,2017,0.0,0.0,0.834,0.885,0.9,0.749,0.83,0.848,0.986,0.986,0.983
United States of America,USA,2018,0.0,0.0,0.824,0.834,0.885,0.739,0.749,0.83,0.983,0.986,0.986
United States of America,USA,2019,0.0,0.0,0.818,0.824,0.834,0.74,0.739,0.749,0.983,0.983,0.986
United States of America,USA,2020,0.0,0.0,0.815,0.818,0.824,0.734,0.74,0.739,0.978,0.983,0.983
United States of America,USA,2021,0.0,0.0,0.821,0.815,0.818,0.756,0.734,0.74,0.98,0.978,0.983
United States of America,USA,2022,0.0,0.0,0.833,0.821,0.815,0.769,0.756,0.734,0.98,0.98,0.978
United States of America,USA,2023,0.0,0.0,0.857,0.833,0.821,0.789,0.769,0.756,0.982,0.98,0.98
Uzbekistan,UZB,2001,7137050.0,,0.156,0.157,0.158,0.034,0.035,0.035,0.143,0.143,0.208
Uzbekistan,UZB,2002,18050550.0,10913500.0,0.157,0.156,0.157,0.034,0.034,0.035,0.143,0.143,0.143
Uzbekistan,UZB,2003,15791325.0,-2259225.0,0.157,0.157,0.156,0.035,0.034,0.034,0.143,0.143,0.143
Uzbekistan,UZB,2004,16067718.0,276393.0,0.157,0.157,0.157,0.035,0.035,0.034,0.118,0.143,0.143
Uzbekistan,UZB,2005,11708056.0,-4359662.0,0.16,0.157,0.157,0.031,0.035,0.035,0.118,0.118,0.143
Uzbekistan,UZB,2006,5320191.0,-6387865.0,0.16,0.16,0.157,0.032,0.031,0.035,0.092,0.118,0.118
Uzbekistan,UZB,2007,6846875.0,1526684.0,0.16,0.16,0.16,0.033,0.032,0.031,0.088,0.092,0.118
Uzbekistan,UZB,2008,6123536.0,-723339.0,0.163,0.16,0.16,0.034,0.033,0.032,0.088,0.088,0.092
Uzbekistan,UZB,2009,6354705.0,231169.0,0.162,0.163,0.16,0.034,0.034,0.033,0.088,0.088,0.088
Uzbekistan,UZB,2010,2705653.0,-3649052.0,0.161,0.162,0.163,0.035,0.034,0.034,0.088,0.088,0.088
Uzbekistan,UZB,2011,2147319.0,-558334.0,0.163,0.161,0.162,0.036,0.035,0.034,0.088,0.088,0.088
Uzbekistan,UZB,2012,2815781.0,668462.0,0.162,0.163,0.161,0.036,0.036,0.035,0.088,0.088,0.088
Uzbekistan,UZB,2013,2237550.0,-578231.0,0.166,0.162,0.163,0.037,0.036,0.036,0.12,0.088,0.088
Uzbekistan,UZB,2014,2853213.0,615663.0,0.167,0.166,0.162,0.037,0.037,0.036,0.12,0.12,0.088
Uzbekistan,UZB,2015,2610765.0,-242448.0,0.166,0.167,0.166,0.036,0.037,0.037,0.12,0.12,0.12
Uzbekistan,UZB,2016,1233973.0,-1376792.0,0.169,0.166,0.167,0.037,0.036,0.037,0.12,0.12,0.12
Uzbekistan,UZB,2017,2285206.0,1051233.0,0.191,0.169,0.166,0.052,0.037,0.036,0.193,0.12,0.12
Uzbekistan,UZB,2018,9194823.0,6909617.0,0.189,0.191,0.169,0.065,0.052,0.037,0.279,0.193,0.12
Uzbekistan,UZB,2019,9139634.0,-55189.0,0.203,0.189,0.191,0.077,0.065,0.052,0.241,0.279,0.193
Uzbekistan,UZB,2020,13478531.0,4338897.0,0.206,0.203,0.189,0.083,0.077,0.065,0.318,0.241,0.279
Uzbekistan,UZB,2021,13380153.0,-98378.0,0.204,0.206,0.203,0.078,0.083,0.077,0.303,0.318,0.241
Uzbekistan,UZB,2022,13407592.0,27439.0,0.213,0.204,0.206,0.078,0.078,0.083,0.31,0.303,0.318
Uzbekistan,UZB,2023,9865213.0,-3542379.0,0.215,0.213,0.204,0.079,0.078,0.078,0.34,0.31,0.303
,UZB,2024,10537556.0,672343.0,,,,,,,,,
,VCT,2021,412863.0,,,,,,,,,,
Venezuela,VEN,2001,4915784.0,,0.529,0.573,0.665,0.288,0.31,0.44,0.609,0.609,0.666
Venezuela,VEN,2002,1229881.0,-3685903.0,0.495,0.529,0.573,0.255,0.288,0.31,0.605,0.609,0.609
Venezuela,VEN,2003,1365226.0,135345.0,0.487,0.495,0.529,0.243,0.255,0.288,0.582,0.605,0.609
Venezuela,VEN,2004,1386575.0,21349.0,0.475,0.487,0.495,0.216,0.243,0.255,0.582,0.582,0.605
Venezuela,VEN,2005,1672108.0,285533.0,0.474,0.475,0.487,0.182,0.216,0.243,0.584,0.582,0.582
Venezuela,VEN,2006,4499316.0,2827208.0,0.45,0.474,0.475,0.168,0.182,0.216,0.571,0.584,0.582
Venezuela,VEN,2007,9953097.0,5453781.0,0.434,0.45,0.474,0.162,0.168,0.182,0.599,0.571,0.584
Venezuela,VEN,2008,23560637.0,13607540.0,0.432,0.434,0.45,0.159,0.162,0.168,0.59,0.599,0.571
Venezuela,VEN,2009,7333064.0,-16227573.0,0.431,0.432,0.434,0.16,0.159,0.162,0.576,0.59,0.599
Venezuela,VEN,2010,12624890.0,5291826.0,0.419,0.431,0.432,0.154,0.16,0.159,0.623,0.576,0.59
Venezuela,VEN,2011,3627556.0,-8997334.0,0.415,0.419,0.431,0.152,0.154,0.16,0.627,0.623,0.576
Venezuela,VEN,2012,10937713.0,7310157.0,0.399,0.415,0.419,0.145,0.152,0.154,0.593,0.627,0.623
Venezuela,VEN,2013,7020873.0,-3916840.0,0.327,0.399,0.415,0.109,0.145,0.152,0.506,0.593,0.627
Venezuela,VEN,2014,7311399.0,290526.0,0.312,0.327,0.399,0.102,0.109,0.145,0.481,0.506,0.593
Venezuela,VEN,2015,6745265.0,-566134.0,0.3,0.312,0.327,0.103,0.102,0.109,0.476,0.481,0.506
Venezuela,VEN,2016,6052584.0,-692681.0,0.293,0.3,0.312,0.118,0.103,0.102,0.486,0.476,0.481
Venezuela,VEN,2017,9023855.0,2971271.0,0.233,0.293,0.3,0.082,0.118,0.103,0.439,0.486,0.476
Venezuela,VEN,2018,11696417.0,2672562.0,0.213,0.233,0.293,0.061,0.082,0.118,0.39,0.439,0.486
Venezuela,VEN,2019,18371611.0,6675194.0,0.209,0.213,0.233,0.06,0.061,0.082,0.436,0.39,0.439
Venezuela,VEN,2020,76147695.0,57776084.0,0.206,0.209,0.213,0.056,0.06,0.061,0.393,0.436,0.39
Venezuela,VEN,2021,52554496.0,-23593199.0,0.215,0.206,0.209,0.056,0.056,0.06,0.399,0.393,0.436
Venezuela,VEN,2022,19312897.0,-33241599.0,0.209,0.215,0.206,0.054,0.056,0.056,0.345,0.399,0.393
Venezuela,VEN,2023,34441158.0,15128261.0,0.206,0.209,0.215,0.053,0.054,0.056,0.356,0.345,0.399
,VEN,2024,36841024.0,2399866.0,,,,,,,,,
Vietnam,VNM,2001,1317891.0,,0.152,0.152,0.153,0.092,0.092,0.089,0.763,0.763,0.738
Vietnam,VNM,2002,1025825.0,-292066.0,0.148,0.152,0.152,0.092,0.092,0.092,0.729,0.763,0.763
Vietnam,VNM,2003,902132.0,-123693.0,0.146,0.148,0.152,0.092,0.092,0.092,0.729,0.729,0.763
Vietnam,VNM,2004,796670.0,-105462.0,0.147,0.146,0.148,0.091,0.092,0.092,0.729,0.729,0.729
Vietnam,VNM,2005,510351.0,-286319.0,0.147,0.147,0.146,0.103,0.091,0.092,0.729,0.729,0.729
Vietnam,VNM,2006,9782135.0,9271784.0,0.148,0.147,0.147,0.104,0.103,0.091,0.729,0.729,0.729
Vietnam,VNM,2007,2348987.0,-7433148.0,0.149,0.148,0.147,0.105,0.104,0.103,0.728,0.729,0.729
Vietnam,VNM,2008,5562551.0,3213564.0,0.149,0.149,0.148,0.105,0.105,0.104,0.751,0.728,0.729
Vietnam,VNM,2009,8821071.0,3258520.0,0.148,0.149,0.149,0.105,0.105,0.105,0.751,0.751,0.728
Vietnam,VNM,2010,5605240.0,-3215831.0,0.149,0.148,0.149,0.105,0.105,0.105,0.766,0.751,0.751
Vietnam,VNM,2011,5962023.0,356783.0,0.149,0.149,0.148,0.104,0.105,0.105,0.775,0.766,0.751
Vietnam,VNM,2012,5865885.0,-96138.0,0.149,0.149,0.149,0.105,0.104,0.105,0.744,0.775,0.766
Vietnam,VNM,2013,1634538.0,-4231347.0,0.147,0.149,0.149,0.113,0.105,0.104,0.726,0.744,0.775
Vietnam,VNM,2014,4297672.0,2663134.0,0.147,0.147,0.149,0.115,0.113,0.105,0.721,0.726,0.744
Vietnam,VNM,2015,3607133.0,-690539.0,0.148,0.147,0.147,0.115,0.115,0.113,0.731,0.721,0.726
Vietnam,VNM,2016,10408038.0,6800905.0,0.15,0.148,0.147,0.117,0.115,0.115,0.737,0.731,0.721
Vietnam,VNM,2017,14175960.0,3767922.0,0.15,0.15,0.148,0.115,0.117,0.115,0.732,0.737,0.731
Vietnam,VNM,2018,33865659.0,19689699.0,0.161,0.15,0.15,0.113,0.115,0.117,0.732,0.732,0.737
Vietnam,VNM,2019,30648093.0,-3217566.0,0.211,0.161,0.15,0.117,0.113,0.115,0.726,0.732,0.732
Vietnam,VNM,2020,24553360.0,-6094733.0,0.211,0.211,0.161,0.106,0.117,0.113,0.694,0.726,0.732
Vietnam,VNM,2021,28040481.0,3487121.0,0.169,0.211,0.211,0.109,0.106,0.117,0.683,0.694,0.726
Vietnam,VNM,2022,9738532.0,-18301949.0,0.152,0.169,0.211,0.106,0.109,0.106,0.619,0.683,0.694
Vietnam,VNM,2023,17626082.0,7887550.0,0.148,0.152,0.169,0.111,0.106,0.109,0.69,0.619,0.683
,VNM,2024,21285261.0,3659179.0,,,,,,,,,
Vanuatu,VUT,2001,0.0,,0.619,0.619,0.617,0.518,0.518,0.517,0.783,0.783,0.858
Vanuatu,VUT,2002,0.0,0.0,0.619,0.619,0.619,0.519,0.518,0.518,0.783,0.783,0.783
Vanuatu,VUT,2003,0.0,0.0,0.62,0.619,0.619,0.519,0.519,0.518,0.783,0.783,0.783
Vanuatu,VUT,2004,0.0,0.0,0.615,0.62,0.619,0.517,0.519,0.519,0.783,0.783,0.783
Vanuatu,VUT,2005,0.0,0.0,0.611,0.615,0.62,0.514,0.517,0.519,0.783,0.783,0.783
Vanuatu,VUT,2006,744577.0,744577.0,0.611,0.611,0.615,0.514,0.514,0.517,0.783,0.783,0.783
Vanuatu,VUT,2007,0.0,-744577.0,0.611,0.611,0.611,0.514,0.514,0.514,0.783,0.783,0.783
Vanuatu,VUT,2008,0.0,0.0,0.653,0.611,0.611,0.549,0.514,0.514,0.783,0.783,0.783
Vanuatu,VUT,2009,0.0,0.0,0.737,0.653,0.611,0.618,0.549,0.514,0.783,0.783,0.783
Vanuatu,VUT,2010,0.0,0.0,0.737,0.737,0.653,0.619,0.618,0.549,0.812,0.783,0.783
Vanuatu,VUT,2011,-477687.0,-477687.0,0.737,0.737,0.737,0.619,0.619,0.618,0.812,0.812,0.783
Vanuatu,VUT,2012,0.0,477687.0,0.738,0.737,0.737,0.62,0.619,0.619,0.812,0.812,0.812
Vanuatu,VUT,2013,0.0,0.0,0.745,0.738,0.737,0.626,0.62,0.619,0.812,0.812,0.812
Vanuatu,VUT,2014,0.0,0.0,0.745,0.745,0.738,0.626,0.626,0.62,0.812,0.812,0.812
Vanuatu,VUT,2015,0.0,0.0,0.747,0.745,0.745,0.639,0.626,0.626,0.812,0.812,0.812
Vanuatu,VUT,2016,0.0,0.0,0.771,0.747,0.745,0.661,0.639,0.626,0.812,0.812,0.812
Vanuatu,VUT,2017,0.0,0.0,0.793,0.771,0.747,0.682,0.661,0.639,0.789,0.812,0.812
Vanuatu,VUT,2018,0.0,0.0,0.79,0.793,0.771,0.68,0.682,0.661,0.789,0.789,0.812
Vanuatu,VUT,2019,0.0,0.0,0.779,0.79,0.793,0.662,0.68,0.682,0.789,0.789,0.789
Vanuatu,VUT,2020,0.0,0.0,0.78,0.779,0.79,0.659,0.662,0.68,0.82,0.789,0.789
Vanuatu,VUT,2021,0.0,0.0,0.8,0.78,0.779,0.673,0.659,0.662,0.82,0.82,0.789
Vanuatu,VUT,2022,0.0,0.0,0.804,0.8,0.78,0.681,0.673,0.659,0.82,0.82,0.82
Vanuatu,VUT,2023,0.0,0.0,0.82,0.804,0.8,0.704,0.681,0.673,0.82,0.82,0.82
,WAN,2001,7520640.0,,,,,,,,,,
,WAN,2002,3674061.0,-3846579.0,,,,,,,,,
,WAN,2003,7559472.0,3885411.0,,,,,,,,,
,WAN,2004,14444756.0,6885284.0,,,,,,,,,
,WAN,2005,3824061.0,-10620695.0,,,,,,,,,
,WAN,2006,516598.0,-3307463.0,,,,,,,,,
,WAN,2007,300139.0,-216459.0,,,,,,,,,
,WAN,2008,2296939.0,1996800.0,,,,,,,,,
,WAN,2009,2045098.0,-251841.0,,,,,,,,,
,WAN,2010,1552640.0,-492458.0,,,,,,,,,
,WAN,2011,2112405.0,559765.0,,,,,,,,,
,WAN,2012,957516.0,-1154889.0,,,,,,,,,
,WAN,2013,28719347.0,27761831.0,,,,,,,,,
,WAN,2014,22930942.0,-5788405.0,,,,,,,,,
,WAN,2015,5208468.0,-17722474.0,,,,,,,,,
,WAN,2016,4264742.0,-943726.0,,,,,,,,,
,WAN,2017,8206192.0,3941450.0,,,,,,,,,
,WAN,2018,12234686.0,4028494.0,,,,,,,,,
,WAN,2019,6594142.0,-5640544.0,,,,,,,,,
,WAN,2020,17163342.0,10569200.0,,,,,,,,,
,WAN,2021,12402415.0,-4760927.0,,,,,,,,,
,WAN,2022,18270907.0,5868492.0,,,,,,,,,
,WAN,2023,10714820.0,-7556087.0,,,,,,,,,
,WAN,2024,4032013.0,-6682807.0,,,,,,,,,
,WHN,2011,270663.0,,,,,,,,,,
,WHN,2016,178466.0,-92197.0,,,,,,,,,
,WHN,2017,176368.0,-2098.0,,,,,,,,,
,WHN,2019,10678832.0,10502464.0,,,,,,,,,
,WHN,2020,10542105.0,-136727.0,,,,,,,,,
,WHN,2021,17005577.0,6463472.0,,,,,,,,,
,WHN,2022,12174866.0,-4830711.0,,,,,,,,,
,WHN,2023,10684824.0,-1490042.0,,,,,,,,,
,WHN,2024,8962537.0,-1722287.0,,,,,,,,,
,WLD,2001,242466016.0,,,,,,,,,,
,WLD,2002,270178312.0,27712296.0,,,,,,,,,
,WLD,2003,262257306.0,-7921006.0,,,,,,,,,
,WLD,2004,616241408.0,353984102.0,,,,,,,,,
,WLD,2005,1375366438.0,759125030.0,,,,,,,,,
,WLD,2006,446413729.0,-928952709.0,,,,,,,,,
,WLD,2007,650181302.0,203767573.0,,,,,,,,,
,WLD,2008,1106168970.0,455987668.0,,,,,,,,,
,WLD,2009,263540274.0,-842628696.0,,,,,,,,,
,WLD,2010,310378810.0,46838536.0,,,,,,,,,
,WLD,2011,767795825.0,457417015.0,,,,,,,,,
,WLD,2012,381936743.0,-385859082.0,,,,,,,,,
,WLD,2013,229379302.0,-152557441.0,,,,,,,,,
,WLD,2014,395180302.0,165801000.0,,,,,,,,,
,WLD,2015,383042694.0,-12137608.0,,,,,,,,,
,WLD,2016,133443477.0,-249599217.0,,,,,,,,,
,WLD,2017,333179741.0,199736264.0,,,,,,,,,
,WLD,2018,429152325.0,95972584.0,,,,,,,,,
,WLD,2019,421854492.0,-7297833.0,,,,,,,,,
,WLD,2020,520107483.0,98252991.0,,,,,,,,,
,WLD,2021,338336664.0,-181770819.0,,,,,,,,,
,WLD,2022,623957427.0,285620763.0,,,,,,,,,
,WLD,2023,635989993.0,12032566.0,,,,,,,,,
,WLD,2024,665251653.0,29261660.0,,,,,,,,,
Kosovo,XKX,2001,0.0,,0.25,0.238,0.219,0.162,0.153,0.14,0.494,0.494,0.464
Kosovo,XKX,2002,0.0,0.0,0.493,0.25,0.238,0.346,0.162,0.153,0.494,0.494,0.494
Kosovo,XKX,2003,0.0,0.0,0.532,0.493,0.25,0.377,0.346,0.162,0.494,0.494,0.494
Kosovo,XKX,2004,0.0,0.0,0.527,0.532,0.493,0.375,0.377,0.346,0.494,0.494,0.494
Kosovo,XKX,2005,0.0,0.0,0.512,0.527,0.532,0.364,0.375,0.377,0.494,0.494,0.494
Kosovo,XKX,2006,0.0,0.0,0.512,0.512,0.527,0.364,0.364,0.375,0.494,0.494,0.494
Kosovo,XKX,2007,0.0,0.0,0.519,0.512,0.512,0.37,0.364,0.364,0.494,0.494,0.494
Kosovo,XKX,2008,0.0,0.0,0.512,0.519,0.512,0.362,0.37,0.364,0.493,0.494,0.494
Kosovo,XKX,2009,0.0,0.0,0.514,0.512,0.519,0.374,0.362,0.37,0.493,0.493,0.494
Kosovo,XKX,2010,0.0,0.0,0.533,0.514,0.512,0.386,0.374,0.362,0.519,0.493,0.493
Kosovo,XKX,2011,0.0,0.0,0.504,0.533,0.514,0.373,0.386,0.374,0.519,0.519,0.493
Kosovo,XKX,2012,0.0,0.0,0.507,0.504,0.533,0.376,0.373,0.386,0.519,0.519,0.519
Kosovo,XKX,2013,0.0,0.0,0.519,0.507,0.504,0.364,0.376,0.373,0.514,0.519,0.519
Kosovo,XKX,2014,0.0,0.0,0.593,0.519,0.507,0.414,0.364,0.376,0.514,0.514,0.519
Kosovo,XKX,2015,0.0,0.0,0.651,0.593,0.519,0.45,0.414,0.364,0.514,0.514,0.514
Kosovo,XKX,2016,0.0,0.0,0.653,0.651,0.593,0.454,0.45,0.414,0.607,0.514,0.514
Kosovo,XKX,2017,0.0,0.0,0.574,0.653,0.651,0.399,0.454,0.45,0.622,0.607,0.514
Kosovo,XKX,2018,0.0,0.0,0.662,0.574,0.653,0.47,0.399,0.454,0.661,0.622,0.607
Kosovo,XKX,2019,0.0,0.0,0.677,0.662,0.574,0.497,0.47,0.399,0.681,0.661,0.622
Kosovo,XKX,2020,0.0,0.0,0.67,0.677,0.662,0.493,0.497,0.47,0.691,0.681,0.661
Kosovo,XKX,2021,0.0,0.0,0.674,0.67,0.677,0.494,0.493,0.497,0.674,0.691,0.681
Kosovo,XKX,2022,0.0,0.0,0.676,0.674,0.67,0.508,0.494,0.493,0.627,0.674,0.691
Kosovo,XKX,2023,0.0,0.0,0.676,0.676,0.674,0.494,0.508,0.494,0.639,0.627,0.674
Yemen,YEM,2001,0.0,,0.261,0.263,0.262,0.136,0.136,0.131,0.366,0.366,0.376
Yemen,YEM,2002,130799.0,130799.0,0.261,0.261,0.263,0.137,0.136,0.136,0.366,0.366,0.366
Yemen,YEM,2003,55233.0,-75566.0,0.275,0.261,0.261,0.152,0.137,0.136,0.366,0.366,0.366
Yemen,YEM,2004,764793.0,709560.0,0.281,0.275,0.261,0.153,0.152,0.137,0.366,0.366,0.366
Yemen,YEM,2005,2058160.0,1293367.0,0.281,0.281,0.275,0.153,0.153,0.152,0.366,0.366,0.366
Yemen,YEM,2006,5309268.0,3251108.0,0.283,0.281,0.281,0.154,0.153,0.153,0.366,0.366,0.366
Yemen,YEM,2007,2967452.0,-2341816.0,0.283,0.283,0.281,0.153,0.154,0.153,0.366,0.366,0.366
Yemen,YEM,2008,12168919.0,9201467.0,0.285,0.283,0.283,0.153,0.153,0.154,0.366,0.366,0.366
Yemen,YEM,2009,4473511.0,-7695408.0,0.285,0.285,0.283,0.153,0.153,0.153,0.366,0.366,0.366
Yemen,YEM,2010,29322064.0,24848553.0,0.286,0.285,0.285,0.153,0.153,0.153,0.303,0.366,0.366
Yemen,YEM,2011,30689304.0,1367240.0,0.31,0.286,0.285,0.141,0.153,0.153,0.444,0.303,0.366
Yemen,YEM,2012,31752283.0,1062979.0,0.357,0.31,0.286,0.164,0.141,0.153,0.531,0.444,0.303
Yemen,YEM,2013,71538370.0,39786087.0,0.336,0.357,0.31,0.148,0.164,0.141,0.491,0.531,0.444
Yemen,YEM,2014,35457765.0,-36080605.0,0.3,0.336,0.357,0.117,0.148,0.164,0.387,0.491,0.531
Yemen,YEM,2015,5632176.0,-29825589.0,0.184,0.3,0.336,0.069,0.117,0.148,0.302,0.387,0.491
Yemen,YEM,2016,4178109.0,-1454067.0,0.113,0.184,0.3,0.037,0.069,0.117,0.237,0.302,0.387
Yemen,YEM,2017,10270334.0,6092225.0,0.112,0.113,0.184,0.036,0.037,0.069,0.234,0.237,0.302
Yemen,YEM,2018,29460342.0,19190008.0,0.113,0.112,0.113,0.034,0.036,0.037,0.226,0.234,0.237
Yemen,YEM,2019,4925208.0,-24535134.0,0.117,0.113,0.112,0.038,0.034,0.036,0.236,0.226,0.234
Yemen,YEM,2020,5225899.0,300691.0,0.113,0.117,0.113,0.033,0.038,0.034,0.215,0.236,0.226
Yemen,YEM,2021,18595495.0,13369596.0,0.116,0.113,0.117,0.033,0.033,0.038,0.236,0.215,0.236
Yemen,YEM,2022,6541859.0,-12053636.0,0.123,0.116,0.113,0.041,0.033,0.033,0.233,0.236,0.215
Yemen,YEM,2023,3165680.0,-3376179.0,0.128,0.123,0.116,0.045,0.041,0.033,0.232,0.233,0.236
,YEM,2024,3000000.0,-165680.0,,,,,,,,,
South Africa,ZAF,2001,25603812.0,,0.743,0.743,0.709,0.629,0.629,0.598,0.861,0.861,0.861
South Africa,ZAF,2002,31850838.0,6247026.0,0.743,0.743,0.743,0.629,0.629,0.629,0.861,0.861,0.861
South Africa,ZAF,2003,13436125.0,-18414713.0,0.743,0.743,0.743,0.629,0.629,0.629,0.861,0.861,0.861
South Africa,ZAF,2004,24937382.0,11501257.0,0.764,0.743,0.743,0.649,0.629,0.629,0.861,0.861,0.861
South Africa,ZAF,2005,15651654.0,-9285728.0,0.778,0.764,0.743,0.658,0.649,0.629,0.861,0.861,0.861
South Africa,ZAF,2006,17437497.0,1785843.0,0.779,0.778,0.764,0.661,0.658,0.649,0.866,0.861,0.861
South Africa,ZAF,2007,2394617.0,-15042880.0,0.779,0.779,0.778,0.662,0.661,0.658,0.859,0.866,0.861
South Africa,ZAF,2008,7836505.0,5441888.0,0.775,0.779,0.779,0.657,0.662,0.661,0.859,0.859,0.866
South Africa,ZAF,2009,1313566.0,-6522939.0,0.775,0.775,0.779,0.656,0.657,0.662,0.859,0.859,0.859
South Africa,ZAF,2010,262150.0,-1051416.0,0.778,0.775,0.775,0.666,0.656,0.657,0.859,0.859,0.859
South Africa,ZAF,2011,1002682.0,740532.0,0.777,0.778,0.775,0.666,0.666,0.656,0.859,0.859,0.859
South Africa,ZAF,2012,3561084.0,2558402.0,0.779,0.777,0.778,0.668,0.666,0.666,0.859,0.859,0.859
South Africa,ZAF,2013,4877916.0,1316832.0,0.765,0.779,0.777,0.65,0.668,0.666,0.839,0.859,0.859
South Africa,ZAF,2014,7047998.0,2170082.0,0.758,0.765,0.779,0.641,0.65,0.668,0.839,0.839,0.859
South Africa,ZAF,2015,3210393.0,-3837605.0,0.755,0.758,0.765,0.649,0.641,0.65,0.839,0.839,0.839
South Africa,ZAF,2016,878670.0,-2331723.0,0.752,0.755,0.758,0.645,0.649,0.641,0.839,0.839,0.839
South Africa,ZAF,2017,4799286.0,3920616.0,0.738,0.752,0.755,0.626,0.645,0.649,0.839,0.839,0.839
South Africa,ZAF,2018,1896783.0,-2902503.0,0.747,0.738,0.752,0.64,0.626,0.645,0.839,0.839,0.839
South Africa,ZAF,2019,5380070.0,3483287.0,0.727,0.747,0.738,0.623,0.64,0.626,0.817,0.839,0.839
South Africa,ZAF,2020,4937119.0,-442951.0,0.719,0.727,0.747,0.604,0.623,0.64,0.774,0.817,0.839
South Africa,ZAF,2021,3153989.0,-1783130.0,0.725,0.719,0.727,0.609,0.604,0.623,0.774,0.774,0.817
South Africa,ZAF,2022,3555532.0,401543.0,0.718,0.725,0.719,0.61,0.609,0.604,0.774,0.774,0.774
South Africa,ZAF,2023,3168138.0,-387394.0,0.712,0.718,0.725,0.602,0.61,0.609,0.776,0.774,0.774
,ZAF,2024,3511698.0,343560.0,,,,,,,,,
Zambia,ZMB,2001,2116213.0,,0.489,0.486,0.478,0.394,0.38,0.374,0.889,0.889,0.889
Zambia,ZMB,2002,4658213.0,2542000.0,0.484,0.489,0.486,0.405,0.394,0.38,0.877,0.889,0.889
Zambia,ZMB,2003,4038422.0,-619791.0,0.484,0.484,0.489,0.405,0.405,0.394,0.877,0.877,0.889
Zambia,ZMB,2004,2923328.0,-1115094.0,0.484,0.484,0.484,0.405,0.405,0.405,0.877,0.877,0.877
Zambia,ZMB,2005,4871594.0,1948266.0,0.498,0.484,0.484,0.419,0.405,0.405,0.852,0.877,0.877
Zambia,ZMB,2006,37484838.0,32613244.0,0.498,0.498,0.484,0.418,0.419,0.405,0.86,0.852,0.877
Zambia,ZMB,2007,733533.0,-36751305.0,0.5,0.498,0.498,0.42,0.418,0.419,0.86,0.86,0.852
Zambia,ZMB,2008,937576.0,204043.0,0.51,0.5,0.498,0.424,0.42,0.418,0.845,0.86,0.86
Zambia,ZMB,2009,1645064.0,707488.0,0.517,0.51,0.5,0.426,0.424,0.42,0.845,0.845,0.86
Zambia,ZMB,2010,53952.0,-1591112.0,0.514,0.517,0.51,0.427,0.426,0.424,0.845,0.845,0.845
Zambia,ZMB,2011,5728085.0,5674133.0,0.503,0.514,0.517,0.42,0.427,0.426,0.842,0.845,0.845
Zambia,ZMB,2012,5501150.0,-226935.0,0.503,0.503,0.514,0.421,0.42,0.427,0.842,0.842,0.845
Zambia,ZMB,2013,-1081233.0,-6582383.0,0.485,0.503,0.503,0.391,0.421,0.42,0.768,0.842,0.842
Zambia,ZMB,2014,1451901.0,2533134.0,0.478,0.485,0.503,0.388,0.391,0.421,0.768,0.768,0.842
Zambia,ZMB,2015,8714835.0,7262934.0,0.458,0.478,0.485,0.371,0.388,0.391,0.788,0.768,0.768
Zambia,ZMB,2016,3995340.0,-4719495.0,0.397,0.458,0.478,0.328,0.371,0.388,0.719,0.788,0.768
Zambia,ZMB,2017,583860.0,-3411480.0,0.36,0.397,0.458,0.294,0.328,0.371,0.728,0.719,0.788
Zambia,ZMB,2018,5435486.0,4851626.0,0.37,0.36,0.397,0.294,0.294,0.328,0.764,0.728,0.719
Zambia,ZMB,2019,2274973.0,-3160513.0,0.358,0.37,0.36,0.301,0.294,0.294,0.759,0.764,0.728
Zambia,ZMB,2020,6586681.0,4311708.0,0.353,0.358,0.37,0.292,0.301,0.294,0.765,0.759,0.764
Zambia,ZMB,2021,14285525.0,7698844.0,0.421,0.353,0.358,0.339,0.292,0.301,0.826,0.765,0.759
Zambia,ZMB,2022,10632497.0,-3653028.0,0.52,0.421,0.353,0.436,0.339,0.292,0.905,0.826,0.765
Zambia,ZMB,2023,23507439.0,12874942.0,0.525,0.52,0.421,0.427,0.436,0.339,0.904,0.905,0.826
,ZMB,2024,10538880.0,-12968559.0,,,,,,,,,
Zimbabwe,ZWE,2001,8474044.0,,0.267,0.284,0.31,0.164,0.187,0.228,0.813,0.813,0.65
Zimbabwe,ZWE,2002,11816601.0,3342557.0,0.268,0.267,0.284,0.167,0.164,0.187,0.813,0.813,0.813
Zimbabwe,ZWE,2003,7888085.0,-3928516.0,0.269,0.268,0.267,0.157,0.167,0.164,0.757,0.813,0.813
Zimbabwe,ZWE,2004,4767468.0,-3120617.0,0.259,0.269,0.268,0.154,0.157,0.167,0.757,0.757,0.813
Zimbabwe,ZWE,2005,6969006.0,2201538.0,0.258,0.259,0.269,0.153,0.154,0.157,0.757,0.757,0.757
Zimbabwe,ZWE,2006,13799013.0,6830007.0,0.255,0.258,0.259,0.152,0.153,0.154,0.757,0.757,0.757
Zimbabwe,ZWE,2007,19658782.0,5859769.0,0.255,0.255,0.258,0.152,0.152,0.153,0.757,0.757,0.757
Zimbabwe,ZWE,2008,16590002.0,-3068780.0,0.251,0.255,0.255,0.149,0.152,0.152,0.757,0.757,0.757
Zimbabwe,ZWE,2009,44805245.0,28215243.0,0.254,0.251,0.255,0.179,0.149,0.152,0.781,0.757,0.757
Zimbabwe,ZWE,2010,33755104.0,-11050141.0,0.265,0.254,0.251,0.2,0.179,0.149,0.788,0.781,0.757
Zimbabwe,ZWE,2011,28877317.0,-4877787.0,0.266,0.265,0.254,0.201,0.2,0.179,0.788,0.788,0.781
Zimbabwe,ZWE,2012,17838160.0,-11039157.0,0.266,0.266,0.265,0.202,0.201,0.2,0.788,0.788,0.788
Zimbabwe,ZWE,2013,6635639.0,-11202521.0,0.289,0.266,0.266,0.209,0.202,0.201,0.791,0.788,0.788
Zimbabwe,ZWE,2014,21003362.0,14367723.0,0.303,0.289,0.266,0.213,0.209,0.202,0.79,0.791,0.788
Zimbabwe,ZWE,2015,19137477.0,-1865885.0,0.302,0.303,0.289,0.212,0.213,0.209,0.783,0.79,0.791
Zimbabwe,ZWE,2016,10885336.0,-8252141.0,0.297,0.302,0.303,0.203,0.212,0.213,0.772,0.783,0.79
Zimbabwe,ZWE,2017,16523691.0,5638355.0,0.3,0.297,0.302,0.225,0.203,0.212,0.77,0.772,0.783
Zimbabwe,ZWE,2018,30177914.0,13654223.0,0.313,0.3,0.297,0.216,0.225,0.203,0.812,0.77,0.772
Zimbabwe,ZWE,2019,19335177.0,-10842737.0,0.304,0.313,0.3,0.202,0.216,0.225,0.798,0.812,0.77
Zimbabwe,ZWE,2020,18894949.0,-440228.0,0.299,0.304,0.313,0.192,0.202,0.216,0.794,0.798,0.812
Zimbabwe,ZWE,2021,20793081.0,1898132.0,0.297,0.299,0.304,0.194,0.192,0.202,0.805,0.794,0.798
Zimbabwe,ZWE,2022,14183750.0,-6609331.0,0.292,0.297,0.299,0.186,0.194,0.192,0.783,0.805,0.794
Zimbabwe,ZWE,2023,15803592.0,1619842.0,0.296,0.292,0.297,0.175,0.186,0.194,0.746,0.783,0.805
,ZWE,2024,16086757.0,283165.0,,,,,,,,,
Zanzibar,ZZB,2001,0.0,,0.296,0.296,0.293,0.217,0.217,0.204,0.799,0.799,0.811
Zanzibar,ZZB,2002,0.0,0.0,0.297,0.296,0.296,0.224,0.217,0.217,0.799,0.799,0.799
Zanzibar,ZZB,2003,0.0,0.0,0.297,0.297,0.296,0.225,0.224,0.217,0.799,0.799,0.799
Zanzibar,ZZB,2004,0.0,0.0,0.288,0.297,0.297,0.221,0.225,0.224,0.568,0.799,0.799
Zanzibar,ZZB,2005,0.0,0.0,0.291,0.288,0.297,0.225,0.221,0.225,0.568,0.568,0.799
Zanzibar,ZZB,2006,0.0,0.0,0.296,0.291,0.288,0.227,0.225,0.221,0.582,0.568,0.568
Zanzibar,ZZB,2007,0.0,0.0,0.299,0.296,0.291,0.228,0.227,0.225,0.587,0.582,0.568
Zanzibar,ZZB,2008,0.0,0.0,0.299,0.299,0.296,0.231,0.228,0.227,0.587,0.587,0.582
Zanzibar,ZZB,2009,0.0,0.0,0.302,0.299,0.299,0.232,0.231,0.228,0.586,0.587,0.587
Zanzibar,ZZB,2010,0.0,0.0,0.314,0.302,0.299,0.241,0.232,0.231,0.784,0.586,0.587
Zanzibar,ZZB,2011,0.0,0.0,0.332,0.314,0.302,0.25,0.241,0.232,0.761,0.784,0.586
Zanzibar,ZZB,2012,0.0,0.0,0.334,0.332,0.314,0.251,0.25,0.241,0.757,0.761,0.784
Zanzibar,ZZB,2013,0.0,0.0,0.333,0.334,0.332,0.253,0.251,0.25,0.803,0.757,0.761
Zanzibar,ZZB,2014,0.0,0.0,0.329,0.333,0.334,0.251,0.253,0.251,0.785,0.803,0.757
Zanzibar,ZZB,2015,0.0,0.0,0.299,0.329,0.333,0.234,0.251,0.253,0.718,0.785,0.803
Zanzibar,ZZB,2016,0.0,0.0,0.252,0.299,0.329,0.209,0.234,0.251,0.643,0.718,0.785
Zanzibar,ZZB,2017,0.0,0.0,0.269,0.252,0.299,0.218,0.209,0.234,0.659,0.643,0.718
Zanzibar,ZZB,2018,0.0,0.0,0.271,0.269,0.252,0.222,0.218,0.209,0.68,0.659,0.643
Zanzibar,ZZB,2019,0.0,0.0,0.272,0.271,0.269,0.216,0.222,0.218,0.634,0.68,0.659
Zanzibar,ZZB,2020,0.0,0.0,0.267,0.272,0.271,0.213,0.216,0.222,0.626,0.634,0.68
Zanzibar,ZZB,2021,0.0,0.0,0.279,0.267,0.272,0.227,0.213,0.216,0.641,0.626,0.634
Zanzibar,ZZB,2022,0.0,0.0,0.289,0.279,0.267,0.236,0.227,0.213,0.641,0.641,0.626
Zanzibar,ZZB,2023,0.0,0.0,0.291,0.289,0.279,0.235,0.236,0.227,0.664,0.641,0.641
