country_name,country_text_id,year,v2x_polyarchy,v2x_libdem,v2x_cspart,v2x_regime
Mexico,MEX,1999,0.605,0.381,0.589,2.0
Mexico,MEX,2000,0.671,0.481,0.708,2.0
Mexico,MEX,2001,0.681,0.484,0.669,2.0
Mexico,MEX,2002,0.693,0.494,0.669,2.0
Mexico,MEX,2003,0.702,0.499,0.669,2.0
Mexico,MEX,2004,0.711,0.505,0.662,2.0
Mexico,MEX,2005,0.711,0.505,0.662,2.0
Mexico,MEX,2006,0.674,0.478,0.662,2.0
Mexico,MEX,2007,0.639,0.454,0.662,2.0
Mexico,MEX,2008,0.649,0.456,0.662,2.0
Mexico,MEX,2009,0.65,0.459,0.662,2.0
Mexico,MEX,2010,0.662,0.465,0.685,2.0
Mexico,MEX,2011,0.662,0.468,0.685,2.0
Mexico,MEX,2012,0.65,0.457,0.685,2.0
Mexico,MEX,2013,0.623,0.42,0.626,2.0
Mexico,MEX,2014,0.621,0.421,0.626,2.0
Mexico,MEX,2015,0.643,0.433,0.62,2.0
Mexico,MEX,2016,0.643,0.434,0.628,2.0
Mexico,MEX,2017,0.638,0.44,0.671,2.0
Mexico,MEX,2018,0.675,0.452,0.652,2.0
Mexico,MEX,2019,0.684,0.428,0.561,2.0
Mexico,MEX,2020,0.664,0.406,0.563,2.0
Mexico,MEX,2021,0.624,0.371,0.518,2.0
Mexico,MEX,2022,0.584,0.33,0.49,2.0
Mexico,MEX,2023,0.548,0.302,0.518,2.0
Mexico,MEX,2024,0.496,0.246,0.412,1.0
Suriname,SUR,1999,0.769,0.652,0.766,2.0
Suriname,SUR,2000,0.78,0.665,0.762,2.0
Suriname,SUR,2001,0.779,0.662,0.762,2.0
Suriname,SUR,2002,0.779,0.662,0.762,2.0
Suriname,SUR,2003,0.779,0.662,0.762,2.0
Suriname,SUR,2004,0.779,0.662,0.762,2.0
Suriname,SUR,2005,0.767,0.654,0.762,2.0
Suriname,SUR,2006,0.76,0.649,0.777,2.0
Suriname,SUR,2007,0.759,0.645,0.777,2.0
Suriname,SUR,2008,0.759,0.647,0.755,2.0
Suriname,SUR,2009,0.759,0.647,0.755,2.0
Suriname,SUR,2010,0.752,0.632,0.783,2.0
Suriname,SUR,2011,0.747,0.627,0.792,2.0
Suriname,SUR,2012,0.747,0.624,0.792,2.0
Suriname,SUR,2013,0.75,0.627,0.75,2.0
Suriname,SUR,2014,0.75,0.627,0.75,2.0
Suriname,SUR,2015,0.757,0.633,0.75,2.0
Suriname,SUR,2016,0.754,0.622,0.747,2.0
Suriname,SUR,2017,0.748,0.626,0.747,2.0
Suriname,SUR,2018,0.748,0.609,0.747,2.0
Suriname,SUR,2019,0.741,0.583,0.747,2.0
Suriname,SUR,2020,0.754,0.628,0.785,2.0
Suriname,SUR,2021,0.761,0.639,0.825,2.0
Suriname,SUR,2022,0.781,0.655,0.837,2.0
Suriname,SUR,2023,0.764,0.633,0.831,3.0
Suriname,SUR,2024,0.767,0.634,0.851,2.0
Sweden,SWE,1999,0.909,0.876,0.948,3.0
Sweden,SWE,2000,0.909,0.876,0.948,3.0
Sweden,SWE,2001,0.909,0.876,0.948,3.0
Sweden,SWE,2002,0.91,0.876,0.948,3.0
Sweden,SWE,2003,0.911,0.877,0.948,3.0
Sweden,SWE,2004,0.911,0.877,0.948,3.0
Sweden,SWE,2005,0.911,0.877,0.948,3.0
Sweden,SWE,2006,0.912,0.879,0.948,3.0
Sweden,SWE,2007,0.914,0.881,0.948,3.0
Sweden,SWE,2008,0.914,0.881,0.948,3.0
Sweden,SWE,2009,0.914,0.881,0.948,3.0
Sweden,SWE,2010,0.914,0.881,0.948,3.0
Sweden,SWE,2011,0.914,0.881,0.948,3.0
Sweden,SWE,2012,0.917,0.886,0.948,3.0
Sweden,SWE,2013,0.916,0.885,0.95,3.0
Sweden,SWE,2014,0.915,0.885,0.95,3.0
Sweden,SWE,2015,0.915,0.881,0.95,3.0
Sweden,SWE,2016,0.914,0.88,0.95,3.0
Sweden,SWE,2017,0.914,0.88,0.942,3.0
Sweden,SWE,2018,0.908,0.875,0.942,3.0
Sweden,SWE,2019,0.899,0.866,0.946,3.0
Sweden,SWE,2020,0.901,0.868,0.946,3.0
Sweden,SWE,2021,0.9,0.866,0.946,3.0
Sweden,SWE,2022,0.892,0.861,0.946,3.0
Sweden,SWE,2023,0.883,0.849,0.939,3.0
Sweden,SWE,2024,0.881,0.846,0.939,3.0
Switzerland,CHE,1999,0.89,0.838,0.972,3.0
Switzerland,CHE,2000,0.889,0.836,0.972,3.0
Switzerland,CHE,2001,0.889,0.836,0.972,3.0
Switzerland,CHE,2002,0.889,0.837,0.972,3.0
Switzerland,CHE,2003,0.888,0.841,0.972,3.0
Switzerland,CHE,2004,0.886,0.841,0.972,3.0
Switzerland,CHE,2005,0.886,0.841,0.972,3.0
Switzerland,CHE,2006,0.886,0.841,0.972,3.0
Switzerland,CHE,2007,0.888,0.842,0.972,3.0
Switzerland,CHE,2008,0.895,0.85,0.972,3.0
Switzerland,CHE,2009,0.895,0.85,0.972,3.0
Switzerland,CHE,2010,0.895,0.85,0.972,3.0
Switzerland,CHE,2011,0.897,0.852,0.972,3.0
Switzerland,CHE,2012,0.907,0.862,0.972,3.0
Switzerland,CHE,2013,0.907,0.861,0.972,3.0
Switzerland,CHE,2014,0.907,0.861,0.972,3.0
Switzerland,CHE,2015,0.903,0.858,0.971,3.0
Switzerland,CHE,2016,0.902,0.857,0.971,3.0
Switzerland,CHE,2017,0.902,0.86,0.971,3.0
Switzerland,CHE,2018,0.902,0.86,0.971,3.0
Switzerland,CHE,2019,0.902,0.86,0.971,3.0
Switzerland,CHE,2020,0.902,0.856,0.971,3.0
Switzerland,CHE,2021,0.896,0.851,0.971,3.0
Switzerland,CHE,2022,0.893,0.848,0.971,3.0
Switzerland,CHE,2023,0.884,0.838,0.971,3.0
Switzerland,CHE,2024,0.882,0.843,0.971,3.0
Ghana,GHA,1999,0.597,0.504,0.88,2.0
Ghana,GHA,2000,0.664,0.57,0.879,2.0
Ghana,GHA,2001,0.721,0.622,0.879,2.0
Ghana,GHA,2002,0.731,0.629,0.879,2.0
Ghana,GHA,2003,0.731,0.631,0.899,3.0
Ghana,GHA,2004,0.734,0.635,0.899,3.0
Ghana,GHA,2005,0.73,0.634,0.899,3.0
Ghana,GHA,2006,0.73,0.634,0.899,3.0
Ghana,GHA,2007,0.736,0.636,0.899,3.0
Ghana,GHA,2008,0.732,0.632,0.899,3.0
Ghana,GHA,2009,0.755,0.652,0.899,3.0
Ghana,GHA,2010,0.761,0.663,0.899,3.0
Ghana,GHA,2011,0.761,0.663,0.899,3.0
Ghana,GHA,2012,0.771,0.661,0.906,3.0
Ghana,GHA,2013,0.75,0.635,0.855,3.0
Ghana,GHA,2014,0.746,0.63,0.855,3.0
Ghana,GHA,2015,0.739,0.631,0.849,2.0
Ghana,GHA,2016,0.725,0.61,0.865,2.0
Ghana,GHA,2017,0.739,0.628,0.913,2.0
Ghana,GHA,2018,0.735,0.623,0.913,2.0
Ghana,GHA,2019,0.718,0.606,0.823,2.0
Ghana,GHA,2020,0.718,0.604,0.81,2.0
Ghana,GHA,2021,0.659,0.554,0.858,2.0
Ghana,GHA,2022,0.663,0.559,0.827,2.0
Ghana,GHA,2023,0.657,0.555,0.827,2.0
Ghana,GHA,2024,0.665,0.56,0.804,2.0
South Africa,ZAF,1999,0.709,0.598,0.861,3.0
South Africa,ZAF,2000,0.743,0.629,0.861,3.0
South Africa,ZAF,2001,0.743,0.629,0.861,3.0
South Africa,ZAF,2002,0.743,0.629,0.861,3.0
South Africa,ZAF,2003,0.743,0.629,0.861,3.0
South Africa,ZAF,2004,0.764,0.649,0.861,3.0
South Africa,ZAF,2005,0.778,0.658,0.861,3.0
South Africa,ZAF,2006,0.779,0.661,0.866,3.0
South Africa,ZAF,2007,0.779,0.662,0.859,3.0
South Africa,ZAF,2008,0.775,0.657,0.859,3.0
South Africa,ZAF,2009,0.775,0.656,0.859,3.0
South Africa,ZAF,2010,0.778,0.666,0.859,3.0
South Africa,ZAF,2011,0.777,0.666,0.859,3.0
South Africa,ZAF,2012,0.779,0.668,0.859,3.0
South Africa,ZAF,2013,0.765,0.65,0.839,2.0
South Africa,ZAF,2014,0.758,0.641,0.839,2.0
South Africa,ZAF,2015,0.755,0.649,0.839,2.0
South Africa,ZAF,2016,0.752,0.645,0.839,2.0
South Africa,ZAF,2017,0.738,0.626,0.839,2.0
South Africa,ZAF,2018,0.747,0.64,0.839,2.0
South Africa,ZAF,2019,0.727,0.623,0.817,2.0
South Africa,ZAF,2020,0.719,0.604,0.774,2.0
South Africa,ZAF,2021,0.725,0.609,0.774,2.0
South Africa,ZAF,2022,0.718,0.61,0.774,2.0
South Africa,ZAF,2023,0.712,0.602,0.776,2.0
South Africa,ZAF,2024,0.734,0.648,0.776,2.0
Japan,JPN,1999,0.837,0.757,0.751,3.0
Japan,JPN,2000,0.838,0.762,0.733,3.0
Japan,JPN,2001,0.838,0.762,0.733,3.0
Japan,JPN,2002,0.838,0.762,0.733,3.0
Japan,JPN,2003,0.838,0.762,0.733,3.0
Japan,JPN,2004,0.838,0.763,0.733,3.0
Japan,JPN,2005,0.841,0.766,0.751,3.0
Japan,JPN,2006,0.849,0.773,0.751,3.0
Japan,JPN,2007,0.849,0.773,0.751,3.0
Japan,JPN,2008,0.846,0.772,0.751,3.0
Japan,JPN,2009,0.854,0.779,0.746,3.0
Japan,JPN,2010,0.852,0.778,0.746,3.0
Japan,JPN,2011,0.852,0.778,0.746,3.0
Japan,JPN,2012,0.848,0.774,0.756,3.0
Japan,JPN,2013,0.815,0.741,0.744,3.0
Japan,JPN,2014,0.815,0.739,0.744,3.0
Japan,JPN,2015,0.817,0.74,0.703,3.0
Japan,JPN,2016,0.817,0.74,0.703,3.0
Japan,JPN,2017,0.821,0.744,0.727,3.0
Japan,JPN,2018,0.832,0.755,0.706,3.0
Japan,JPN,2019,0.83,0.753,0.708,3.0
Japan,JPN,2020,0.831,0.742,0.695,3.0
Japan,JPN,2021,0.824,0.736,0.687,3.0
Japan,JPN,2022,0.823,0.738,0.693,3.0
Japan,JPN,2023,0.826,0.745,0.692,3.0
Japan,JPN,2024,0.822,0.737,0.68,3.0
Burma/Myanmar,MMR,1999,0.096,0.017,0.114,0.0
Burma/Myanmar,MMR,2000,0.096,0.018,0.114,0.0
Burma/Myanmar,MMR,2001,0.096,0.018,0.114,0.0
Burma/Myanmar,MMR,2002,0.096,0.018,0.114,0.0
Burma/Myanmar,MMR,2003,0.096,0.018,0.114,0.0
Burma/Myanmar,MMR,2004,0.096,0.018,0.114,0.0
Burma/Myanmar,MMR,2005,0.096,0.018,0.114,0.0
Burma/Myanmar,MMR,2006,0.096,0.018,0.114,0.0
Burma/Myanmar,MMR,2007,0.096,0.017,0.114,0.0
Burma/Myanmar,MMR,2008,0.096,0.018,0.114,0.0
Burma/Myanmar,MMR,2009,0.097,0.018,0.114,0.0
Burma/Myanmar,MMR,2010,0.119,0.033,0.188,0.0
Burma/Myanmar,MMR,2011,0.223,0.107,0.375,1.0
Burma/Myanmar,MMR,2012,0.306,0.134,0.421,1.0
Burma/Myanmar,MMR,2013,0.355,0.157,0.47,1.0
Burma/Myanmar,MMR,2014,0.357,0.163,0.512,1.0
Burma/Myanmar,MMR,2015,0.37,0.181,0.546,1.0
Burma/Myanmar,MMR,2016,0.402,0.226,0.556,1.0
Burma/Myanmar,MMR,2017,0.402,0.229,0.619,1.0
Burma/Myanmar,MMR,2018,0.397,0.232,0.653,1.0
Burma/Myanmar,MMR,2019,0.421,0.246,0.653,1.0
Burma/Myanmar,MMR,2020,0.426,0.252,0.661,1.0
Burma/Myanmar,MMR,2021,0.102,0.02,0.174,0.0
Burma/Myanmar,MMR,2022,0.087,0.016,0.136,0.0
Burma/Myanmar,MMR,2023,0.077,0.015,0.128,0.0
Burma/Myanmar,MMR,2024,0.08,0.015,0.128,0.0
Russia,RUS,1999,0.461,0.284,0.581,1.0
Russia,RUS,2000,0.403,0.223,0.54,1.0
Russia,RUS,2001,0.374,0.201,0.499,1.0
Russia,RUS,2002,0.354,0.175,0.442,1.0
Russia,RUS,2003,0.339,0.165,0.442,1.0
Russia,RUS,2004,0.321,0.153,0.442,1.0
Russia,RUS,2005,0.32,0.149,0.4,1.0
Russia,RUS,2006,0.322,0.15,0.4,1.0
Russia,RUS,2007,0.316,0.146,0.406,1.0
Russia,RUS,2008,0.302,0.139,0.423,1.0
Russia,RUS,2009,0.309,0.141,0.423,1.0
Russia,RUS,2010,0.306,0.135,0.414,1.0
Russia,RUS,2011,0.299,0.134,0.422,1.0
Russia,RUS,2012,0.278,0.122,0.398,1.0
Russia,RUS,2013,0.276,0.116,0.359,1.0
Russia,RUS,2014,0.264,0.109,0.318,1.0
Russia,RUS,2015,0.265,0.109,0.318,1.0
Russia,RUS,2016,0.263,0.106,0.318,1.0
Russia,RUS,2017,0.261,0.107,0.318,1.0
Russia,RUS,2018,0.264,0.107,0.334,1.0
Russia,RUS,2019,0.259,0.105,0.326,1.0
Russia,RUS,2020,0.255,0.097,0.348,1.0
Russia,RUS,2021,0.245,0.094,0.286,1.0
Russia,RUS,2022,0.206,0.07,0.19,1.0
Russia,RUS,2023,0.19,0.065,0.125,1.0
Russia,RUS,2024,0.171,0.057,0.139,1.0
Albania,ALB,1999,0.392,0.326,0.59,1.0
Albania,ALB,2000,0.402,0.342,0.599,1.0
Albania,ALB,2001,0.438,0.366,0.599,1.0
Albania,ALB,2002,0.48,0.395,0.599,1.0
Albania,ALB,2003,0.486,0.398,0.615,1.0
Albania,ALB,2004,0.491,0.406,0.697,1.0
Albania,ALB,2005,0.518,0.425,0.714,2.0
Albania,ALB,2006,0.546,0.444,0.714,2.0
Albania,ALB,2007,0.551,0.446,0.714,2.0
Albania,ALB,2008,0.551,0.447,0.685,2.0
Albania,ALB,2009,0.544,0.446,0.685,2.0
Albania,ALB,2010,0.539,0.44,0.685,2.0
Albania,ALB,2011,0.539,0.441,0.685,2.0
Albania,ALB,2012,0.54,0.444,0.685,2.0
Albania,ALB,2013,0.523,0.433,0.606,2.0
Albania,ALB,2014,0.522,0.436,0.606,2.0
Albania,ALB,2015,0.518,0.435,0.606,2.0
Albania,ALB,2016,0.52,0.436,0.613,2.0
Albania,ALB,2017,0.536,0.437,0.624,2.0
Albania,ALB,2018,0.524,0.432,0.613,2.0
Albania,ALB,2019,0.511,0.426,0.64,2.0
Albania,ALB,2020,0.528,0.442,0.68,2.0
Albania,ALB,2021,0.526,0.438,0.681,2.0
Albania,ALB,2022,0.517,0.428,0.664,2.0
Albania,ALB,2023,0.505,0.394,0.688,2.0
Albania,ALB,2024,0.51,0.398,0.619,2.0
Egypt,EGY,1999,0.215,0.155,0.239,1.0
Egypt,EGY,2000,0.217,0.154,0.232,1.0
Egypt,EGY,2001,0.209,0.151,0.232,1.0
Egypt,EGY,2002,0.209,0.151,0.254,1.0
Egypt,EGY,2003,0.209,0.151,0.254,1.0
Egypt,EGY,2004,0.208,0.151,0.254,1.0
Egypt,EGY,2005,0.21,0.152,0.254,1.0
Egypt,EGY,2006,0.212,0.153,0.254,1.0
Egypt,EGY,2007,0.212,0.152,0.253,1.0
Egypt,EGY,2008,0.212,0.152,0.253,1.0
Egypt,EGY,2009,0.211,0.152,0.232,1.0
Egypt,EGY,2010,0.212,0.152,0.232,1.0
Egypt,EGY,2011,0.204,0.122,0.327,1.0
Egypt,EGY,2012,0.298,0.157,0.318,1.0
Egypt,EGY,2013,0.187,0.097,0.18,0.0
Egypt,EGY,2014,0.137,0.085,0.136,1.0
Egypt,EGY,2015,0.156,0.093,0.112,1.0
Egypt,EGY,2016,0.178,0.122,0.107,1.0
Egypt,EGY,2017,0.178,0.113,0.146,1.0
Egypt,EGY,2018,0.176,0.112,0.155,1.0
Egypt,EGY,2019,0.174,0.116,0.198,1.0
Egypt,EGY,2020,0.176,0.117,0.184,1.0
Egypt,EGY,2021,0.18,0.116,0.191,1.0
Egypt,EGY,2022,0.183,0.123,0.202,1.0
Egypt,EGY,2023,0.187,0.123,0.202,1.0
Egypt,EGY,2024,0.186,0.123,0.212,1.0
Yemen,YEM,1999,0.262,0.131,0.376,1.0
Yemen,YEM,2000,0.263,0.136,0.366,1.0
Yemen,YEM,2001,0.261,0.136,0.366,1.0
Yemen,YEM,2002,0.261,0.137,0.366,1.0
Yemen,YEM,2003,0.275,0.152,0.366,1.0
Yemen,YEM,2004,0.281,0.153,0.366,1.0
Yemen,YEM,2005,0.281,0.153,0.366,1.0
Yemen,YEM,2006,0.283,0.154,0.366,1.0
Yemen,YEM,2007,0.283,0.153,0.366,1.0
Yemen,YEM,2008,0.285,0.153,0.366,1.0
Yemen,YEM,2009,0.285,0.153,0.366,1.0
Yemen,YEM,2010,0.286,0.153,0.303,1.0
Yemen,YEM,2011,0.31,0.141,0.444,1.0
Yemen,YEM,2012,0.357,0.164,0.531,1.0
Yemen,YEM,2013,0.336,0.148,0.491,1.0
Yemen,YEM,2014,0.3,0.117,0.387,1.0
Yemen,YEM,2015,0.184,0.069,0.302,1.0
Yemen,YEM,2016,0.113,0.037,0.237,0.0
Yemen,YEM,2017,0.112,0.036,0.234,0.0
Yemen,YEM,2018,0.113,0.034,0.226,0.0
Yemen,YEM,2019,0.117,0.038,0.236,0.0
Yemen,YEM,2020,0.113,0.033,0.215,0.0
Yemen,YEM,2021,0.116,0.033,0.236,0.0
Yemen,YEM,2022,0.123,0.041,0.233,0.0
Yemen,YEM,2023,0.128,0.045,0.232,0.0
Yemen,YEM,2024,0.126,0.047,0.264,0.0
Colombia,COL,1999,0.538,0.417,0.716,2.0
Colombia,COL,2000,0.55,0.426,0.716,2.0
Colombia,COL,2001,0.542,0.422,0.716,2.0
Colombia,COL,2002,0.534,0.414,0.716,2.0
Colombia,COL,2003,0.535,0.421,0.737,2.0
Colombia,COL,2004,0.537,0.424,0.737,2.0
Colombia,COL,2005,0.542,0.428,0.737,2.0
Colombia,COL,2006,0.571,0.449,0.751,2.0
Colombia,COL,2007,0.583,0.461,0.751,2.0
Colombia,COL,2008,0.585,0.462,0.751,2.0
Colombia,COL,2009,0.587,0.465,0.751,2.0
Colombia,COL,2010,0.624,0.498,0.784,2.0
Colombia,COL,2011,0.66,0.539,0.792,2.0
Colombia,COL,2012,0.661,0.54,0.792,2.0
Colombia,COL,2013,0.669,0.537,0.807,2.0
Colombia,COL,2014,0.677,0.545,0.798,2.0
Colombia,COL,2015,0.681,0.551,0.839,2.0
Colombia,COL,2016,0.682,0.547,0.858,2.0
Colombia,COL,2017,0.68,0.548,0.828,2.0
Colombia,COL,2018,0.666,0.533,0.824,2.0
Colombia,COL,2019,0.651,0.511,0.801,2.0
Colombia,COL,2020,0.643,0.496,0.753,2.0
Colombia,COL,2021,0.654,0.499,0.751,2.0
Colombia,COL,2022,0.696,0.561,0.784,2.0
Colombia,COL,2023,0.711,0.57,0.779,2.0
Colombia,COL,2024,0.698,0.554,0.758,2.0
Poland,POL,1999,0.876,0.798,0.869,3.0
Poland,POL,2000,0.878,0.8,0.869,3.0
Poland,POL,2001,0.882,0.806,0.869,3.0
Poland,POL,2002,0.882,0.813,0.869,3.0
Poland,POL,2003,0.882,0.813,0.869,3.0
Poland,POL,2004,0.882,0.813,0.869,3.0
Poland,POL,2005,0.884,0.815,0.869,3.0
Poland,POL,2006,0.877,0.807,0.856,3.0
Poland,POL,2007,0.874,0.803,0.856,3.0
Poland,POL,2008,0.891,0.825,0.856,3.0
Poland,POL,2009,0.891,0.825,0.861,3.0
Poland,POL,2010,0.892,0.827,0.889,3.0
Poland,POL,2011,0.893,0.827,0.863,3.0
Poland,POL,2012,0.893,0.825,0.838,3.0
Poland,POL,2013,0.89,0.821,0.845,3.0
Poland,POL,2014,0.882,0.812,0.845,3.0
Poland,POL,2015,0.876,0.775,0.753,3.0
Poland,POL,2016,0.731,0.598,0.681,2.0
Poland,POL,2017,0.698,0.542,0.637,2.0
Poland,POL,2018,0.694,0.524,0.634,2.0
Poland,POL,2019,0.682,0.505,0.634,2.0
Poland,POL,2020,0.616,0.45,0.621,2.0
Poland,POL,2021,0.587,0.424,0.571,2.0
Poland,POL,2022,0.578,0.417,0.556,2.0
Poland,POL,2023,0.598,0.457,0.539,2.0
Poland,POL,2024,0.73,0.613,0.729,2.0
Brazil,BRA,1999,0.85,0.713,0.9,2.0
Brazil,BRA,2000,0.854,0.717,0.9,2.0
Brazil,BRA,2001,0.854,0.717,0.9,2.0
Brazil,BRA,2002,0.856,0.721,0.9,2.0
Brazil,BRA,2003,0.855,0.722,0.948,2.0
Brazil,BRA,2004,0.855,0.722,0.948,2.0
Brazil,BRA,2005,0.867,0.772,0.948,2.0
Brazil,BRA,2006,0.868,0.77,0.948,2.0
Brazil,BRA,2007,0.866,0.769,0.948,2.0
Brazil,BRA,2008,0.866,0.769,0.942,2.0
Brazil,BRA,2009,0.866,0.769,0.942,2.0
Brazil,BRA,2010,0.871,0.776,0.942,2.0
Brazil,BRA,2011,0.875,0.781,0.933,2.0
Brazil,BRA,2012,0.871,0.777,0.924,2.0
Brazil,BRA,2013,0.873,0.781,0.917,2.0
Brazil,BRA,2014,0.873,0.783,0.917,2.0
Brazil,BRA,2015,0.861,0.769,0.917,2.0
Brazil,BRA,2016,0.781,0.653,0.789,2.0
Brazil,BRA,2017,0.774,0.641,0.755,2.0
Brazil,BRA,2018,0.749,0.608,0.733,2.0
Brazil,BRA,2019,0.691,0.528,0.719,2.0
Brazil,BRA,2020,0.699,0.534,0.732,2.0
Brazil,BRA,2021,0.69,0.531,0.711,2.0
Brazil,BRA,2022,0.699,0.54,0.75,2.0
Brazil,BRA,2023,0.79,0.695,0.935,2.0
Brazil,BRA,2024,0.799,0.712,0.896,2.0
United States of America,USA,1999,0.868,0.808,0.982,3.0
United States of America,USA,2000,0.867,0.808,0.983,3.0
United States of America,USA,2001,0.828,0.769,0.983,3.0
United States of America,USA,2002,0.829,0.769,0.983,3.0
United States of America,USA,2003,0.86,0.798,0.983,3.0
United States of America,USA,2004,0.862,0.799,0.983,3.0
United States of America,USA,2005,0.856,0.794,0.983,3.0
United States of America,USA,2006,0.862,0.801,0.983,3.0
United States of America,USA,2007,0.897,0.84,0.983,3.0
United States of America,USA,2008,0.9,0.845,0.983,3.0
United States of America,USA,2009,0.9,0.848,0.983,3.0
United States of America,USA,2010,0.9,0.848,0.983,3.0
United States of America,USA,2011,0.896,0.845,0.983,3.0
United States of America,USA,2012,0.896,0.842,0.983,3.0
United States of America,USA,2013,0.905,0.852,0.983,3.0
United States of America,USA,2014,0.901,0.848,0.983,3.0
United States of America,USA,2015,0.9,0.848,0.983,3.0
United States of America,USA,2016,0.885,0.83,0.986,3.0
United States of America,USA,2017,0.834,0.749,0.986,3.0
United States of America,USA,2018,0.824,0.739,0.983,3.0
United States of America,USA,2019,0.818,0.74,0.983,3.0
United States of America,USA,2020,0.815,0.734,0.978,3.0
United States of America,USA,2021,0.821,0.756,0.98,3.0
United States of America,USA,2022,0.833,0.769,0.98,3.0
United States of America,USA,2023,0.857,0.789,0.982,3.0
United States of America,USA,2024,0.843,0.751,0.978,3.0
Portugal,PRT,1999,0.868,0.815,0.825,3.0
Portugal,PRT,2000,0.867,0.813,0.863,3.0
Portugal,PRT,2001,0.871,0.816,0.863,3.0
Portugal,PRT,2002,0.876,0.821,0.863,3.0
Portugal,PRT,2003,0.876,0.821,0.863,3.0
Portugal,PRT,2004,0.876,0.821,0.863,3.0
Portugal,PRT,2005,0.889,0.835,0.904,3.0
Portugal,PRT,2006,0.894,0.839,0.901,3.0
Portugal,PRT,2007,0.894,0.839,0.901,3.0
Portugal,PRT,2008,0.893,0.839,0.901,3.0
Portugal,PRT,2009,0.894,0.838,0.901,3.0
Portugal,PRT,2010,0.894,0.838,0.909,3.0
Portugal,PRT,2011,0.884,0.829,0.909,3.0
Portugal,PRT,2012,0.885,0.83,0.905,3.0
Portugal,PRT,2013,0.886,0.829,0.864,3.0
Portugal,PRT,2014,0.886,0.829,0.885,3.0
Portugal,PRT,2015,0.887,0.829,0.882,3.0
Portugal,PRT,2016,0.888,0.83,0.883,3.0
Portugal,PRT,2017,0.898,0.848,0.877,3.0
Portugal,PRT,2018,0.899,0.849,0.874,3.0
Portugal,PRT,2019,0.886,0.82,0.862,3.0
Portugal,PRT,2020,0.886,0.806,0.821,3.0
Portugal,PRT,2021,0.884,0.81,0.867,3.0
Portugal,PRT,2022,0.847,0.758,0.83,3.0
Portugal,PRT,2023,0.854,0.757,0.802,2.0
Portugal,PRT,2024,0.836,0.754,0.809,2.0
El Salvador,SLV,1999,0.505,0.297,0.683,2.0
El Salvador,SLV,2000,0.522,0.315,0.683,2.0
El Salvador,SLV,2001,0.534,0.326,0.683,2.0
El Salvador,SLV,2002,0.543,0.331,0.683,2.0
El Salvador,SLV,2003,0.537,0.332,0.683,2.0
El Salvador,SLV,2004,0.539,0.336,0.685,2.0
El Salvador,SLV,2005,0.542,0.338,0.685,2.0
El Salvador,SLV,2006,0.557,0.348,0.685,2.0
El Salvador,SLV,2007,0.56,0.351,0.685,2.0
El Salvador,SLV,2008,0.561,0.357,0.685,2.0
El Salvador,SLV,2009,0.594,0.399,0.731,2.0
El Salvador,SLV,2010,0.613,0.422,0.744,2.0
El Salvador,SLV,2011,0.613,0.425,0.75,2.0
El Salvador,SLV,2012,0.615,0.429,0.75,2.0
El Salvador,SLV,2013,0.626,0.437,0.746,2.0
El Salvador,SLV,2014,0.665,0.465,0.712,2.0
El Salvador,SLV,2015,0.658,0.462,0.712,2.0
El Salvador,SLV,2016,0.659,0.461,0.712,2.0
El Salvador,SLV,2017,0.672,0.465,0.724,2.0
El Salvador,SLV,2018,0.631,0.428,0.76,2.0
El Salvador,SLV,2019,0.599,0.393,0.595,2.0
El Salvador,SLV,2020,0.518,0.316,0.524,2.0
El Salvador,SLV,2021,0.403,0.156,0.428,1.0
El Salvador,SLV,2022,0.378,0.118,0.43,1.0
El Salvador,SLV,2023,0.377,0.106,0.449,1.0
El Salvador,SLV,2024,0.335,0.09,0.393,1.0
Bangladesh,BGD,1999,0.512,0.275,0.772,2.0
Bangladesh,BGD,2000,0.512,0.276,0.772,2.0
Bangladesh,BGD,2001,0.505,0.271,0.772,2.0
Bangladesh,BGD,2002,0.47,0.236,0.781,1.0
Bangladesh,BGD,2003,0.474,0.237,0.781,1.0
Bangladesh,BGD,2004,0.474,0.233,0.781,1.0
Bangladesh,BGD,2005,0.474,0.233,0.781,1.0
Bangladesh,BGD,2006,0.423,0.214,0.765,1.0
Bangladesh,BGD,2007,0.205,0.103,0.723,0.0
Bangladesh,BGD,2008,0.21,0.105,0.723,1.0
Bangladesh,BGD,2009,0.418,0.193,0.796,1.0
Bangladesh,BGD,2010,0.425,0.173,0.796,1.0
Bangladesh,BGD,2011,0.416,0.168,0.806,1.0
Bangladesh,BGD,2012,0.409,0.166,0.771,1.0
Bangladesh,BGD,2013,0.376,0.144,0.749,1.0
Bangladesh,BGD,2014,0.278,0.107,0.729,1.0
Bangladesh,BGD,2015,0.275,0.108,0.727,1.0
Bangladesh,BGD,2016,0.269,0.106,0.721,1.0
Bangladesh,BGD,2017,0.265,0.106,0.729,1.0
Bangladesh,BGD,2018,0.252,0.097,0.627,1.0
Bangladesh,BGD,2019,0.251,0.094,0.627,1.0
Bangladesh,BGD,2020,0.255,0.094,0.619,1.0
Bangladesh,BGD,2021,0.255,0.092,0.596,1.0
Bangladesh,BGD,2022,0.261,0.091,0.627,1.0
Bangladesh,BGD,2023,0.253,0.094,0.642,1.0
Bangladesh,BGD,2024,0.225,0.097,0.673,1.0
Bolivia,BOL,1999,0.743,0.523,0.687,2.0
Bolivia,BOL,2000,0.743,0.527,0.744,2.0
Bolivia,BOL,2001,0.737,0.52,0.744,2.0
Bolivia,BOL,2002,0.719,0.51,0.76,2.0
Bolivia,BOL,2003,0.719,0.515,0.786,2.0
Bolivia,BOL,2004,0.753,0.541,0.786,2.0
Bolivia,BOL,2005,0.746,0.534,0.863,2.0
Bolivia,BOL,2006,0.724,0.462,0.941,2.0
Bolivia,BOL,2007,0.719,0.458,0.962,2.0
Bolivia,BOL,2008,0.719,0.453,0.962,2.0
Bolivia,BOL,2009,0.714,0.435,0.962,2.0
Bolivia,BOL,2010,0.68,0.4,0.938,2.0
Bolivia,BOL,2011,0.677,0.398,0.938,2.0
Bolivia,BOL,2012,0.67,0.391,0.922,2.0
Bolivia,BOL,2013,0.658,0.396,0.922,2.0
Bolivia,BOL,2014,0.647,0.391,0.914,2.0
Bolivia,BOL,2015,0.609,0.368,0.887,2.0
Bolivia,BOL,2016,0.62,0.375,0.859,2.0
Bolivia,BOL,2017,0.609,0.36,0.885,2.0
Bolivia,BOL,2018,0.593,0.341,0.905,2.0
Bolivia,BOL,2019,0.456,0.241,0.812,1.0
Bolivia,BOL,2020,0.275,0.209,0.741,1.0
Bolivia,BOL,2021,0.608,0.362,0.845,2.0
Bolivia,BOL,2022,0.587,0.338,0.845,2.0
Bolivia,BOL,2023,0.586,0.344,0.804,2.0
Bolivia,BOL,2024,0.577,0.31,0.792,2.0
Haiti,HTI,1999,0.442,0.282,0.577,1.0
Haiti,HTI,2000,0.437,0.28,0.577,1.0
Haiti,HTI,2001,0.417,0.27,0.577,1.0
Haiti,HTI,2002,0.41,0.265,0.577,1.0
Haiti,HTI,2003,0.408,0.259,0.579,1.0
Haiti,HTI,2004,0.249,0.108,0.524,1.0
Haiti,HTI,2005,0.247,0.097,0.515,0.0
Haiti,HTI,2006,0.386,0.211,0.563,1.0
Haiti,HTI,2007,0.469,0.299,0.586,1.0
Haiti,HTI,2008,0.468,0.301,0.586,1.0
Haiti,HTI,2009,0.459,0.296,0.586,1.0
Haiti,HTI,2010,0.459,0.275,0.563,1.0
Haiti,HTI,2011,0.431,0.262,0.563,1.0
Haiti,HTI,2012,0.438,0.268,0.563,1.0
Haiti,HTI,2013,0.434,0.262,0.563,1.0
Haiti,HTI,2014,0.434,0.262,0.563,1.0
Haiti,HTI,2015,0.425,0.243,0.563,1.0
Haiti,HTI,2016,0.42,0.255,0.603,1.0
Haiti,HTI,2017,0.418,0.251,0.603,1.0
Haiti,HTI,2018,0.429,0.257,0.598,1.0
Haiti,HTI,2019,0.421,0.247,0.536,1.0
Haiti,HTI,2020,0.4,0.237,0.539,1.0
Haiti,HTI,2021,0.33,0.204,0.511,1.0
Haiti,HTI,2022,0.233,0.154,0.482,0.0
Haiti,HTI,2023,0.231,0.084,0.482,0.0
Haiti,HTI,2024,0.237,0.101,0.478,0.0
Honduras,HND,1999,0.556,0.316,0.74,2.0
Honduras,HND,2000,0.556,0.326,0.74,2.0
Honduras,HND,2001,0.555,0.326,0.74,2.0
Honduras,HND,2002,0.555,0.327,0.74,2.0
Honduras,HND,2003,0.565,0.333,0.74,2.0
Honduras,HND,2004,0.565,0.333,0.74,2.0
Honduras,HND,2005,0.559,0.331,0.74,2.0
Honduras,HND,2006,0.521,0.312,0.74,2.0
Honduras,HND,2007,0.522,0.315,0.74,2.0
Honduras,HND,2008,0.519,0.323,0.74,2.0
Honduras,HND,2009,0.441,0.283,0.759,1.0
Honduras,HND,2010,0.408,0.239,0.742,1.0
Honduras,HND,2011,0.419,0.248,0.748,1.0
Honduras,HND,2012,0.418,0.24,0.772,1.0
Honduras,HND,2013,0.413,0.255,0.798,1.0
Honduras,HND,2014,0.433,0.27,0.779,1.0
Honduras,HND,2015,0.426,0.245,0.783,1.0
Honduras,HND,2016,0.425,0.254,0.8,1.0
Honduras,HND,2017,0.414,0.244,0.772,1.0
Honduras,HND,2018,0.361,0.233,0.782,1.0
Honduras,HND,2019,0.368,0.229,0.792,1.0
Honduras,HND,2020,0.372,0.233,0.78,1.0
Honduras,HND,2021,0.394,0.248,0.78,1.0
Honduras,HND,2022,0.544,0.389,0.819,2.0
Honduras,HND,2023,0.539,0.398,0.754,2.0
Honduras,HND,2024,0.538,0.383,0.754,2.0
Mali,MLI,1999,0.519,0.366,0.92,2.0
Mali,MLI,2000,0.519,0.37,0.92,2.0
Mali,MLI,2001,0.519,0.37,0.92,2.0
Mali,MLI,2002,0.601,0.403,0.92,2.0
Mali,MLI,2003,0.624,0.416,0.92,2.0
Mali,MLI,2004,0.624,0.416,0.92,2.0
Mali,MLI,2005,0.624,0.416,0.92,2.0
Mali,MLI,2006,0.625,0.418,0.92,2.0
Mali,MLI,2007,0.618,0.413,0.92,2.0
Mali,MLI,2008,0.608,0.406,0.92,2.0
Mali,MLI,2009,0.61,0.406,0.92,2.0
Mali,MLI,2010,0.608,0.405,0.92,2.0
Mali,MLI,2011,0.611,0.407,0.92,2.0
Mali,MLI,2012,0.355,0.233,0.92,1.0
Mali,MLI,2013,0.328,0.194,0.903,1.0
Mali,MLI,2014,0.54,0.327,0.894,2.0
Mali,MLI,2015,0.543,0.349,0.874,2.0
Mali,MLI,2016,0.543,0.349,0.874,2.0
Mali,MLI,2017,0.54,0.328,0.875,2.0
Mali,MLI,2018,0.518,0.307,0.852,1.0
Mali,MLI,2019,0.516,0.317,0.872,1.0
Mali,MLI,2020,0.421,0.254,0.798,1.0
Mali,MLI,2021,0.243,0.155,0.768,0.0
Mali,MLI,2022,0.231,0.147,0.777,0.0
Mali,MLI,2023,0.229,0.145,0.793,0.0
Mali,MLI,2024,0.192,0.141,0.659,0.0
Pakistan,PAK,1999,0.34,0.167,0.574,0.0
Pakistan,PAK,2000,0.205,0.094,0.598,0.0
Pakistan,PAK,2001,0.203,0.091,0.598,0.0
Pakistan,PAK,2002,0.243,0.132,0.625,1.0
Pakistan,PAK,2003,0.356,0.19,0.653,1.0
Pakistan,PAK,2004,0.356,0.192,0.653,1.0
Pakistan,PAK,2005,0.358,0.189,0.653,1.0
Pakistan,PAK,2006,0.355,0.187,0.653,1.0
Pakistan,PAK,2007,0.351,0.185,0.684,1.0
Pakistan,PAK,2008,0.416,0.223,0.716,1.0
Pakistan,PAK,2009,0.451,0.259,0.734,1.0
Pakistan,PAK,2010,0.466,0.285,0.722,1.0
Pakistan,PAK,2011,0.466,0.283,0.738,1.0
Pakistan,PAK,2012,0.466,0.283,0.751,1.0
Pakistan,PAK,2013,0.47,0.285,0.688,1.0
Pakistan,PAK,2014,0.469,0.283,0.686,1.0
Pakistan,PAK,2015,0.441,0.264,0.619,1.0
Pakistan,PAK,2016,0.429,0.258,0.619,1.0
Pakistan,PAK,2017,0.419,0.257,0.643,1.0
Pakistan,PAK,2018,0.395,0.25,0.699,1.0
Pakistan,PAK,2019,0.368,0.233,0.679,1.0
Pakistan,PAK,2020,0.377,0.253,0.751,1.0
Pakistan,PAK,2021,0.394,0.248,0.733,1.0
Pakistan,PAK,2022,0.379,0.227,0.721,1.0
Pakistan,PAK,2023,0.334,0.205,0.737,1.0
Pakistan,PAK,2024,0.313,0.193,0.654,1.0
Peru,PER,1999,0.349,0.12,0.267,1.0
Peru,PER,2000,0.413,0.185,0.511,1.0
Peru,PER,2001,0.723,0.567,0.769,2.0
Peru,PER,2002,0.792,0.648,0.79,2.0
Peru,PER,2003,0.792,0.651,0.8,2.0
Peru,PER,2004,0.792,0.651,0.8,2.0
Peru,PER,2005,0.792,0.659,0.8,2.0
Peru,PER,2006,0.792,0.652,0.749,2.0
Peru,PER,2007,0.796,0.647,0.747,2.0
Peru,PER,2008,0.801,0.65,0.747,2.0
Peru,PER,2009,0.8,0.649,0.747,2.0
Peru,PER,2010,0.804,0.658,0.746,2.0
Peru,PER,2011,0.812,0.67,0.827,2.0
Peru,PER,2012,0.827,0.698,0.827,2.0
Peru,PER,2013,0.821,0.689,0.748,2.0
Peru,PER,2014,0.822,0.691,0.748,2.0
Peru,PER,2015,0.817,0.688,0.754,2.0
Peru,PER,2016,0.788,0.673,0.771,2.0
Peru,PER,2017,0.789,0.677,0.748,2.0
Peru,PER,2018,0.81,0.698,0.858,2.0
Peru,PER,2019,0.801,0.694,0.795,2.0
Peru,PER,2020,0.818,0.706,0.837,2.0
Peru,PER,2021,0.771,0.66,0.758,2.0
Peru,PER,2022,0.733,0.621,0.677,2.0
Peru,PER,2023,0.7,0.572,0.682,2.0
Peru,PER,2024,0.642,0.501,0.656,2.0
Senegal,SEN,1999,0.642,0.475,0.817,2.0
Senegal,SEN,2000,0.679,0.509,0.851,2.0
Senegal,SEN,2001,0.602,0.441,0.851,2.0
Senegal,SEN,2002,0.685,0.536,0.851,2.0
Senegal,SEN,2003,0.685,0.536,0.851,2.0
Senegal,SEN,2004,0.685,0.536,0.851,2.0
Senegal,SEN,2005,0.685,0.536,0.851,2.0
Senegal,SEN,2006,0.685,0.536,0.851,2.0
Senegal,SEN,2007,0.672,0.523,0.851,2.0
Senegal,SEN,2008,0.674,0.526,0.847,2.0
Senegal,SEN,2009,0.668,0.52,0.847,2.0
Senegal,SEN,2010,0.684,0.532,0.836,2.0
Senegal,SEN,2011,0.684,0.532,0.836,2.0
Senegal,SEN,2012,0.696,0.54,0.874,2.0
Senegal,SEN,2013,0.722,0.585,0.84,2.0
Senegal,SEN,2014,0.726,0.584,0.817,2.0
Senegal,SEN,2015,0.726,0.586,0.817,2.0
Senegal,SEN,2016,0.726,0.578,0.817,2.0
Senegal,SEN,2017,0.701,0.556,0.856,2.0
Senegal,SEN,2018,0.688,0.536,0.853,2.0
Senegal,SEN,2019,0.697,0.543,0.861,2.0
Senegal,SEN,2020,0.728,0.563,0.819,2.0
Senegal,SEN,2021,0.714,0.558,0.819,2.0
Senegal,SEN,2022,0.686,0.536,0.845,2.0
Senegal,SEN,2023,0.625,0.474,0.856,2.0
Senegal,SEN,2024,0.605,0.461,0.874,2.0
South Sudan,SSD,2011,0.194,0.1,0.394,0.0
South Sudan,SSD,2012,0.194,0.1,0.361,0.0
South Sudan,SSD,2013,0.169,0.075,0.354,0.0
South Sudan,SSD,2014,0.164,0.068,0.34,0.0
South Sudan,SSD,2015,0.166,0.066,0.318,0.0
South Sudan,SSD,2016,0.158,0.053,0.316,0.0
South Sudan,SSD,2017,0.157,0.059,0.28,0.0
South Sudan,SSD,2018,0.153,0.053,0.286,0.0
South Sudan,SSD,2019,0.16,0.064,0.271,0.0
South Sudan,SSD,2020,0.169,0.069,0.318,0.0
South Sudan,SSD,2021,0.137,0.058,0.275,0.0
South Sudan,SSD,2022,0.13,0.063,0.208,0.0
South Sudan,SSD,2023,0.167,0.07,0.24,0.0
South Sudan,SSD,2024,0.154,0.071,0.368,0.0
Sudan,SDN,1999,0.149,0.034,0.062,1.0
Sudan,SDN,2000,0.131,0.018,0.131,1.0
Sudan,SDN,2001,0.172,0.037,0.287,1.0
Sudan,SDN,2002,0.173,0.037,0.287,1.0
Sudan,SDN,2003,0.173,0.037,0.287,1.0
Sudan,SDN,2004,0.179,0.04,0.287,1.0
Sudan,SDN,2005,0.198,0.061,0.281,1.0
Sudan,SDN,2006,0.199,0.061,0.281,1.0
Sudan,SDN,2007,0.198,0.063,0.281,1.0
Sudan,SDN,2008,0.201,0.064,0.281,1.0
Sudan,SDN,2009,0.202,0.063,0.281,1.0
Sudan,SDN,2010,0.213,0.066,0.288,1.0
Sudan,SDN,2011,0.212,0.057,0.284,1.0
Sudan,SDN,2012,0.211,0.06,0.282,1.0
Sudan,SDN,2013,0.212,0.063,0.314,1.0
Sudan,SDN,2014,0.212,0.062,0.314,1.0
Sudan,SDN,2015,0.22,0.064,0.314,1.0
Sudan,SDN,2016,0.219,0.064,0.363,1.0
Sudan,SDN,2017,0.226,0.074,0.359,1.0
Sudan,SDN,2018,0.227,0.068,0.353,1.0
Sudan,SDN,2019,0.193,0.066,0.555,1.0
Sudan,SDN,2020,0.167,0.054,0.704,0.0
Sudan,SDN,2021,0.163,0.051,0.603,0.0
Sudan,SDN,2022,0.158,0.048,0.543,0.0
Sudan,SDN,2023,0.139,0.039,0.469,0.0
Sudan,SDN,2024,0.137,0.03,0.416,0.0
Vietnam,VNM,1999,0.153,0.089,0.738,0.0
Vietnam,VNM,2000,0.152,0.092,0.763,0.0
Vietnam,VNM,2001,0.152,0.092,0.763,0.0
Vietnam,VNM,2002,0.148,0.092,0.729,0.0
Vietnam,VNM,2003,0.146,0.092,0.729,0.0
Vietnam,VNM,2004,0.147,0.091,0.729,0.0
Vietnam,VNM,2005,0.147,0.103,0.729,0.0
Vietnam,VNM,2006,0.148,0.104,0.729,0.0
Vietnam,VNM,2007,0.149,0.105,0.728,0.0
Vietnam,VNM,2008,0.149,0.105,0.751,0.0
Vietnam,VNM,2009,0.148,0.105,0.751,0.0
Vietnam,VNM,2010,0.149,0.105,0.766,0.0
Vietnam,VNM,2011,0.149,0.104,0.775,0.0
Vietnam,VNM,2012,0.149,0.105,0.744,0.0
Vietnam,VNM,2013,0.147,0.113,0.726,0.0
Vietnam,VNM,2014,0.147,0.115,0.721,0.0
Vietnam,VNM,2015,0.148,0.115,0.731,0.0
Vietnam,VNM,2016,0.15,0.117,0.737,0.0
Vietnam,VNM,2017,0.15,0.115,0.732,0.0
Vietnam,VNM,2018,0.161,0.113,0.732,1.0
Vietnam,VNM,2019,0.211,0.117,0.726,1.0
Vietnam,VNM,2020,0.211,0.106,0.694,1.0
Vietnam,VNM,2021,0.169,0.109,0.683,0.0
Vietnam,VNM,2022,0.152,0.106,0.619,0.0
Vietnam,VNM,2023,0.148,0.111,0.69,0.0
Vietnam,VNM,2024,0.159,0.109,0.66,0.0
Afghanistan,AFG,1999,0.073,0.022,0.045,0.0
Afghanistan,AFG,2000,0.073,0.022,0.045,0.0
Afghanistan,AFG,2001,0.083,0.028,0.127,0.0
Afghanistan,AFG,2002,0.218,0.085,0.615,0.0
Afghanistan,AFG,2003,0.224,0.085,0.637,0.0
Afghanistan,AFG,2004,0.235,0.089,0.638,1.0
Afghanistan,AFG,2005,0.311,0.111,0.665,1.0
Afghanistan,AFG,2006,0.364,0.192,0.673,1.0
Afghanistan,AFG,2007,0.364,0.193,0.665,1.0
Afghanistan,AFG,2008,0.368,0.196,0.665,1.0
Afghanistan,AFG,2009,0.361,0.196,0.678,1.0
Afghanistan,AFG,2010,0.347,0.192,0.675,1.0
Afghanistan,AFG,2011,0.346,0.192,0.675,1.0
Afghanistan,AFG,2012,0.35,0.194,0.675,1.0
Afghanistan,AFG,2013,0.345,0.194,0.67,1.0
Afghanistan,AFG,2014,0.35,0.199,0.62,1.0
Afghanistan,AFG,2015,0.348,0.201,0.652,1.0
Afghanistan,AFG,2016,0.34,0.188,0.623,1.0
Afghanistan,AFG,2017,0.334,0.183,0.647,1.0
Afghanistan,AFG,2018,0.33,0.176,0.644,1.0
Afghanistan,AFG,2019,0.329,0.162,0.631,1.0
Afghanistan,AFG,2020,0.336,0.167,0.643,1.0
Afghanistan,AFG,2021,0.144,0.041,0.152,1.0
Afghanistan,AFG,2022,0.076,0.011,0.044,0.0
Afghanistan,AFG,2023,0.073,0.015,0.036,0.0
Afghanistan,AFG,2024,0.08,0.014,0.057,0.0
Argentina,ARG,1999,0.828,0.64,0.884,2.0
Argentina,ARG,2000,0.833,0.67,0.884,2.0
Argentina,ARG,2001,0.833,0.674,0.884,2.0
Argentina,ARG,2002,0.826,0.661,0.884,2.0
Argentina,ARG,2003,0.807,0.638,0.884,2.0
Argentina,ARG,2004,0.795,0.632,0.88,2.0
Argentina,ARG,2005,0.793,0.625,0.875,2.0
Argentina,ARG,2006,0.78,0.614,0.875,2.0
Argentina,ARG,2007,0.781,0.61,0.873,2.0
Argentina,ARG,2008,0.766,0.59,0.873,2.0
Argentina,ARG,2009,0.756,0.583,0.885,2.0
Argentina,ARG,2010,0.746,0.578,0.848,2.0
Argentina,ARG,2011,0.749,0.573,0.85,2.0
Argentina,ARG,2012,0.763,0.582,0.85,2.0
Argentina,ARG,2013,0.772,0.588,0.872,2.0
Argentina,ARG,2014,0.777,0.595,0.872,2.0
Argentina,ARG,2015,0.765,0.59,0.872,2.0
Argentina,ARG,2016,0.751,0.612,0.866,2.0
Argentina,ARG,2017,0.751,0.609,0.862,2.0
Argentina,ARG,2018,0.78,0.63,0.848,2.0
Argentina,ARG,2019,0.779,0.618,0.845,2.0
Argentina,ARG,2020,0.797,0.634,0.869,2.0
Argentina,ARG,2021,0.796,0.639,0.869,2.0
Argentina,ARG,2022,0.831,0.654,0.869,2.0
Argentina,ARG,2023,0.838,0.695,0.869,2.0
Argentina,ARG,2024,0.721,0.558,0.781,2.0
Ethiopia,ETH,1999,0.245,0.111,0.402,1.0
Ethiopia,ETH,2000,0.241,0.11,0.402,1.0
Ethiopia,ETH,2001,0.241,0.11,0.402,1.0
Ethiopia,ETH,2002,0.242,0.11,0.402,1.0
Ethiopia,ETH,2003,0.242,0.111,0.402,1.0
Ethiopia,ETH,2004,0.241,0.11,0.402,1.0
Ethiopia,ETH,2005,0.256,0.115,0.402,1.0
Ethiopia,ETH,2006,0.241,0.111,0.287,1.0
Ethiopia,ETH,2007,0.244,0.113,0.294,1.0
Ethiopia,ETH,2008,0.244,0.113,0.294,1.0
Ethiopia,ETH,2009,0.244,0.113,0.291,1.0
Ethiopia,ETH,2010,0.229,0.109,0.288,1.0
Ethiopia,ETH,2011,0.223,0.105,0.335,1.0
Ethiopia,ETH,2012,0.225,0.106,0.335,1.0
Ethiopia,ETH,2013,0.223,0.104,0.364,1.0
Ethiopia,ETH,2014,0.227,0.104,0.364,1.0
Ethiopia,ETH,2015,0.228,0.102,0.364,1.0
Ethiopia,ETH,2016,0.226,0.099,0.319,1.0
Ethiopia,ETH,2017,0.228,0.098,0.33,1.0
Ethiopia,ETH,2018,0.271,0.131,0.328,1.0
Ethiopia,ETH,2019,0.329,0.158,0.63,1.0
Ethiopia,ETH,2020,0.32,0.152,0.66,1.0
Ethiopia,ETH,2021,0.29,0.136,0.743,1.0
Ethiopia,ETH,2022,0.3,0.134,0.771,1.0
Ethiopia,ETH,2023,0.279,0.106,0.722,1.0
Ethiopia,ETH,2024,0.26,0.093,0.619,1.0
India,IND,1999,0.737,0.586,0.814,2.0
India,IND,2000,0.735,0.584,0.814,2.0
India,IND,2001,0.735,0.584,0.814,2.0
India,IND,2002,0.739,0.587,0.814,2.0
India,IND,2003,0.736,0.583,0.861,2.0
India,IND,2004,0.731,0.578,0.813,2.0
India,IND,2005,0.723,0.573,0.834,2.0
India,IND,2006,0.721,0.569,0.834,2.0
India,IND,2007,0.721,0.569,0.839,2.0
India,IND,2008,0.721,0.569,0.839,2.0
India,IND,2009,0.683,0.539,0.839,2.0
India,IND,2010,0.671,0.532,0.839,2.0
India,IND,2011,0.671,0.532,0.83,2.0
India,IND,2012,0.659,0.525,0.844,2.0
India,IND,2013,0.65,0.522,0.828,2.0
India,IND,2014,0.617,0.488,0.696,2.0
India,IND,2015,0.543,0.417,0.633,2.0
India,IND,2016,0.524,0.406,0.627,2.0
India,IND,2017,0.488,0.371,0.617,1.0
India,IND,2018,0.482,0.363,0.625,1.0
India,IND,2019,0.43,0.324,0.622,1.0
India,IND,2020,0.39,0.292,0.636,1.0
India,IND,2021,0.398,0.307,0.627,1.0
India,IND,2022,0.384,0.291,0.689,1.0
India,IND,2023,0.374,0.273,0.605,1.0
India,IND,2024,0.381,0.281,0.647,1.0
Kenya,KEN,1999,0.363,0.225,0.758,1.0
Kenya,KEN,2000,0.374,0.253,0.765,1.0
Kenya,KEN,2001,0.376,0.254,0.765,1.0
Kenya,KEN,2002,0.419,0.291,0.78,1.0
Kenya,KEN,2003,0.51,0.355,0.864,2.0
Kenya,KEN,2004,0.51,0.355,0.864,2.0
Kenya,KEN,2005,0.51,0.358,0.864,2.0
Kenya,KEN,2006,0.51,0.358,0.864,2.0
Kenya,KEN,2007,0.511,0.356,0.864,1.0
Kenya,KEN,2008,0.415,0.305,0.864,1.0
Kenya,KEN,2009,0.416,0.305,0.864,1.0
Kenya,KEN,2010,0.427,0.361,0.89,1.0
Kenya,KEN,2011,0.428,0.362,0.89,1.0
Kenya,KEN,2012,0.425,0.358,0.89,1.0
Kenya,KEN,2013,0.524,0.413,0.872,2.0
Kenya,KEN,2014,0.539,0.426,0.872,2.0
Kenya,KEN,2015,0.539,0.426,0.872,2.0
Kenya,KEN,2016,0.534,0.421,0.875,2.0
Kenya,KEN,2017,0.512,0.408,0.894,1.0
Kenya,KEN,2018,0.496,0.394,0.862,1.0
Kenya,KEN,2019,0.501,0.402,0.839,1.0
Kenya,KEN,2020,0.503,0.404,0.869,1.0
Kenya,KEN,2021,0.507,0.423,0.855,1.0
Kenya,KEN,2022,0.55,0.45,0.889,2.0
Kenya,KEN,2023,0.57,0.463,0.852,2.0
Kenya,KEN,2024,0.557,0.437,0.87,2.0
North Korea,PRK,1999,0.083,0.014,0.022,0.0
North Korea,PRK,2000,0.083,0.014,0.022,0.0
North Korea,PRK,2001,0.083,0.014,0.022,0.0
North Korea,PRK,2002,0.083,0.014,0.022,0.0
North Korea,PRK,2003,0.083,0.014,0.022,0.0
North Korea,PRK,2004,0.085,0.014,0.022,0.0
North Korea,PRK,2005,0.085,0.014,0.022,0.0
North Korea,PRK,2006,0.085,0.014,0.022,0.0
North Korea,PRK,2007,0.085,0.014,0.022,0.0
North Korea,PRK,2008,0.085,0.014,0.022,0.0
North Korea,PRK,2009,0.085,0.014,0.022,0.0
North Korea,PRK,2010,0.086,0.014,0.024,0.0
North Korea,PRK,2011,0.086,0.014,0.024,0.0
North Korea,PRK,2012,0.086,0.014,0.024,0.0
North Korea,PRK,2013,0.086,0.014,0.024,0.0
North Korea,PRK,2014,0.085,0.014,0.024,0.0
North Korea,PRK,2015,0.085,0.014,0.024,0.0
North Korea,PRK,2016,0.085,0.014,0.024,0.0
North Korea,PRK,2017,0.085,0.014,0.024,0.0
North Korea,PRK,2018,0.085,0.014,0.024,0.0
North Korea,PRK,2019,0.083,0.014,0.024,0.0
North Korea,PRK,2020,0.083,0.014,0.024,0.0
North Korea,PRK,2021,0.083,0.014,0.028,0.0
North Korea,PRK,2022,0.083,0.014,0.028,0.0
North Korea,PRK,2023,0.083,0.014,0.028,0.0
North Korea,PRK,2024,0.084,0.014,0.028,0.0
South Korea,KOR,1999,0.811,0.736,0.9,3.0
South Korea,KOR,2000,0.829,0.753,0.907,3.0
South Korea,KOR,2001,0.833,0.757,0.907,3.0
South Korea,KOR,2002,0.833,0.761,0.906,3.0
South Korea,KOR,2003,0.835,0.761,0.906,3.0
South Korea,KOR,2004,0.834,0.761,0.924,3.0
South Korea,KOR,2005,0.834,0.762,0.924,3.0
South Korea,KOR,2006,0.834,0.762,0.924,3.0
South Korea,KOR,2007,0.834,0.759,0.924,3.0
South Korea,KOR,2008,0.759,0.661,0.859,3.0
South Korea,KOR,2009,0.759,0.662,0.859,3.0
South Korea,KOR,2010,0.762,0.665,0.849,3.0
South Korea,KOR,2011,0.762,0.665,0.849,3.0
South Korea,KOR,2012,0.753,0.658,0.849,3.0
South Korea,KOR,2013,0.716,0.609,0.798,3.0
South Korea,KOR,2014,0.705,0.6,0.798,3.0
South Korea,KOR,2015,0.705,0.599,0.78,3.0
South Korea,KOR,2016,0.718,0.62,0.766,3.0
South Korea,KOR,2017,0.852,0.791,0.882,3.0
South Korea,KOR,2018,0.857,0.794,0.881,3.0
South Korea,KOR,2019,0.842,0.777,0.826,3.0
South Korea,KOR,2020,0.85,0.782,0.854,3.0
South Korea,KOR,2021,0.852,0.775,0.854,3.0
South Korea,KOR,2022,0.802,0.718,0.804,3.0
South Korea,KOR,2023,0.722,0.62,0.804,3.0
South Korea,KOR,2024,0.724,0.627,0.804,2.0
Kosovo,XKX,1999,0.219,0.14,0.464,0.0
Kosovo,XKX,2000,0.238,0.153,0.494,0.0
Kosovo,XKX,2001,0.25,0.162,0.494,0.0
Kosovo,XKX,2002,0.493,0.346,0.494,1.0
Kosovo,XKX,2003,0.532,0.377,0.494,2.0
Kosovo,XKX,2004,0.527,0.375,0.494,2.0
Kosovo,XKX,2005,0.512,0.364,0.494,2.0
Kosovo,XKX,2006,0.512,0.364,0.494,2.0
Kosovo,XKX,2007,0.519,0.37,0.494,2.0
Kosovo,XKX,2008,0.512,0.362,0.493,2.0
Kosovo,XKX,2009,0.514,0.374,0.493,2.0
Kosovo,XKX,2010,0.533,0.386,0.519,2.0
Kosovo,XKX,2011,0.504,0.373,0.519,2.0
Kosovo,XKX,2012,0.507,0.376,0.519,2.0
Kosovo,XKX,2013,0.519,0.364,0.514,2.0
Kosovo,XKX,2014,0.593,0.414,0.514,2.0
Kosovo,XKX,2015,0.651,0.45,0.514,2.0
Kosovo,XKX,2016,0.653,0.454,0.607,2.0
Kosovo,XKX,2017,0.574,0.399,0.622,2.0
Kosovo,XKX,2018,0.662,0.47,0.661,2.0
Kosovo,XKX,2019,0.677,0.497,0.681,2.0
Kosovo,XKX,2020,0.67,0.493,0.691,2.0
Kosovo,XKX,2021,0.674,0.494,0.674,2.0
Kosovo,XKX,2022,0.676,0.508,0.627,2.0
Kosovo,XKX,2023,0.676,0.494,0.639,2.0
Kosovo,XKX,2024,0.648,0.471,0.575,2.0
Lebanon,LBN,1999,0.312,0.188,0.497,1.0
Lebanon,LBN,2000,0.323,0.194,0.497,1.0
Lebanon,LBN,2001,0.354,0.207,0.497,1.0
Lebanon,LBN,2002,0.351,0.206,0.497,1.0
Lebanon,LBN,2003,0.351,0.206,0.497,1.0
Lebanon,LBN,2004,0.355,0.207,0.497,1.0
Lebanon,LBN,2005,0.402,0.232,0.708,1.0
Lebanon,LBN,2006,0.441,0.255,0.738,1.0
Lebanon,LBN,2007,0.442,0.258,0.71,1.0
Lebanon,LBN,2008,0.443,0.259,0.722,1.0
Lebanon,LBN,2009,0.467,0.273,0.758,1.0
Lebanon,LBN,2010,0.466,0.271,0.753,1.0
Lebanon,LBN,2011,0.479,0.277,0.753,1.0
Lebanon,LBN,2012,0.477,0.282,0.759,1.0
Lebanon,LBN,2013,0.486,0.301,0.805,1.0
Lebanon,LBN,2014,0.486,0.302,0.8,1.0
Lebanon,LBN,2015,0.48,0.295,0.803,1.0
Lebanon,LBN,2016,0.479,0.296,0.769,1.0
Lebanon,LBN,2017,0.47,0.294,0.777,1.0
Lebanon,LBN,2018,0.44,0.282,0.759,1.0
Lebanon,LBN,2019,0.429,0.276,0.778,1.0
Lebanon,LBN,2020,0.436,0.274,0.791,1.0
Lebanon,LBN,2021,0.433,0.262,0.754,1.0
Lebanon,LBN,2022,0.405,0.25,0.8,1.0
Lebanon,LBN,2023,0.361,0.234,0.829,1.0
Lebanon,LBN,2024,0.347,0.226,0.787,1.0
Nigeria,NGA,1999,0.376,0.243,0.85,1.0
Nigeria,NGA,2000,0.471,0.327,0.85,1.0
Nigeria,NGA,2001,0.471,0.327,0.85,1.0
Nigeria,NGA,2002,0.471,0.327,0.85,1.0
Nigeria,NGA,2003,0.428,0.304,0.85,1.0
Nigeria,NGA,2004,0.412,0.296,0.85,1.0
Nigeria,NGA,2005,0.412,0.296,0.85,1.0
Nigeria,NGA,2006,0.417,0.294,0.85,1.0
Nigeria,NGA,2007,0.408,0.297,0.855,1.0
Nigeria,NGA,2008,0.414,0.303,0.861,1.0
Nigeria,NGA,2009,0.413,0.304,0.854,1.0
Nigeria,NGA,2010,0.43,0.319,0.876,1.0
Nigeria,NGA,2011,0.481,0.348,0.882,1.0
Nigeria,NGA,2012,0.506,0.36,0.867,2.0
Nigeria,NGA,2013,0.52,0.381,0.867,2.0
Nigeria,NGA,2014,0.525,0.389,0.863,2.0
Nigeria,NGA,2015,0.554,0.401,0.863,2.0
Nigeria,NGA,2016,0.555,0.395,0.871,2.0
Nigeria,NGA,2017,0.556,0.393,0.87,2.0
Nigeria,NGA,2018,0.555,0.391,0.87,2.0
Nigeria,NGA,2019,0.52,0.36,0.865,2.0
Nigeria,NGA,2020,0.512,0.349,0.835,2.0
Nigeria,NGA,2021,0.488,0.331,0.831,1.0
Nigeria,NGA,2022,0.49,0.321,0.822,1.0
Nigeria,NGA,2023,0.484,0.316,0.835,1.0
Nigeria,NGA,2024,0.499,0.314,0.839,1.0
Philippines,PHL,1999,0.576,0.437,0.84,2.0
Philippines,PHL,2000,0.585,0.439,0.84,2.0
Philippines,PHL,2001,0.545,0.409,0.84,2.0
Philippines,PHL,2002,0.531,0.394,0.84,2.0
Philippines,PHL,2003,0.529,0.393,0.84,2.0
Philippines,PHL,2004,0.486,0.354,0.84,1.0
Philippines,PHL,2005,0.463,0.348,0.859,1.0
Philippines,PHL,2006,0.463,0.346,0.859,1.0
Philippines,PHL,2007,0.459,0.346,0.859,1.0
Philippines,PHL,2008,0.456,0.347,0.864,1.0
Philippines,PHL,2009,0.46,0.348,0.864,1.0
Philippines,PHL,2010,0.506,0.395,0.874,2.0
Philippines,PHL,2011,0.524,0.413,0.874,2.0
Philippines,PHL,2012,0.524,0.413,0.874,2.0
Philippines,PHL,2013,0.521,0.408,0.874,2.0
Philippines,PHL,2014,0.521,0.408,0.874,2.0
Philippines,PHL,2015,0.522,0.409,0.884,2.0
Philippines,PHL,2016,0.485,0.346,0.823,1.0
Philippines,PHL,2017,0.469,0.321,0.792,1.0
Philippines,PHL,2018,0.45,0.295,0.771,1.0
Philippines,PHL,2019,0.428,0.28,0.819,1.0
Philippines,PHL,2020,0.405,0.27,0.717,1.0
Philippines,PHL,2021,0.411,0.271,0.717,1.0
Philippines,PHL,2022,0.411,0.277,0.717,1.0
Philippines,PHL,2023,0.416,0.288,0.717,1.0
Philippines,PHL,2024,0.411,0.301,0.686,1.0
Tanzania,TZA,1999,0.491,0.403,0.792,1.0
Tanzania,TZA,2000,0.477,0.396,0.792,1.0
Tanzania,TZA,2001,0.44,0.373,0.792,1.0
Tanzania,TZA,2002,0.44,0.373,0.792,1.0
Tanzania,TZA,2003,0.44,0.373,0.792,1.0
Tanzania,TZA,2004,0.44,0.373,0.792,1.0
Tanzania,TZA,2005,0.429,0.372,0.797,1.0
Tanzania,TZA,2006,0.465,0.395,0.797,1.0
Tanzania,TZA,2007,0.462,0.393,0.797,1.0
Tanzania,TZA,2008,0.464,0.396,0.797,1.0
Tanzania,TZA,2009,0.465,0.395,0.797,1.0
Tanzania,TZA,2010,0.467,0.397,0.808,1.0
Tanzania,TZA,2011,0.477,0.404,0.808,1.0
Tanzania,TZA,2012,0.475,0.401,0.808,1.0
Tanzania,TZA,2013,0.47,0.396,0.808,1.0
Tanzania,TZA,2014,0.467,0.394,0.808,1.0
Tanzania,TZA,2015,0.453,0.391,0.783,1.0
Tanzania,TZA,2016,0.409,0.355,0.781,1.0
Tanzania,TZA,2017,0.401,0.351,0.786,1.0
Tanzania,TZA,2018,0.385,0.331,0.78,1.0
Tanzania,TZA,2019,0.383,0.325,0.802,1.0
Tanzania,TZA,2020,0.383,0.33,0.8,1.0
Tanzania,TZA,2021,0.366,0.324,0.832,1.0
Tanzania,TZA,2022,0.397,0.347,0.754,1.0
Tanzania,TZA,2023,0.409,0.355,0.814,1.0
Tanzania,TZA,2024,0.413,0.357,0.871,1.0
Taiwan,TWN,1999,0.649,0.489,0.862,2.0
Taiwan,TWN,2000,0.772,0.674,0.937,3.0
Taiwan,TWN,2001,0.782,0.682,0.935,3.0
Taiwan,TWN,2002,0.787,0.687,0.941,3.0
Taiwan,TWN,2003,0.784,0.684,0.949,3.0
Taiwan,TWN,2004,0.776,0.677,0.943,3.0
Taiwan,TWN,2005,0.771,0.675,0.949,3.0
Taiwan,TWN,2006,0.776,0.679,0.949,3.0
Taiwan,TWN,2007,0.775,0.679,0.949,3.0
Taiwan,TWN,2008,0.793,0.685,0.949,3.0
Taiwan,TWN,2009,0.794,0.667,0.922,3.0
Taiwan,TWN,2010,0.798,0.668,0.922,3.0
Taiwan,TWN,2011,0.798,0.668,0.922,3.0
Taiwan,TWN,2012,0.799,0.676,0.922,3.0
Taiwan,TWN,2013,0.803,0.684,0.887,3.0
Taiwan,TWN,2014,0.806,0.685,0.887,3.0
Taiwan,TWN,2015,0.806,0.686,0.887,3.0
Taiwan,TWN,2016,0.835,0.727,0.935,3.0
Taiwan,TWN,2017,0.845,0.737,0.935,3.0
Taiwan,TWN,2018,0.845,0.739,0.927,3.0
Taiwan,TWN,2019,0.834,0.725,0.93,3.0
Taiwan,TWN,2020,0.82,0.719,0.922,3.0
Taiwan,TWN,2021,0.82,0.711,0.936,3.0
Taiwan,TWN,2022,0.827,0.729,0.936,3.0
Taiwan,TWN,2023,0.823,0.725,0.929,3.0
Taiwan,TWN,2024,0.804,0.707,0.929,3.0
Thailand,THA,1999,0.507,0.385,0.751,2.0
Thailand,THA,2000,0.501,0.391,0.751,2.0
Thailand,THA,2001,0.55,0.412,0.751,2.0
Thailand,THA,2002,0.547,0.408,0.751,2.0
Thailand,THA,2003,0.537,0.391,0.674,2.0
Thailand,THA,2004,0.53,0.382,0.705,2.0
Thailand,THA,2005,0.507,0.359,0.705,2.0
Thailand,THA,2006,0.227,0.166,0.643,1.0
Thailand,THA,2007,0.181,0.18,0.664,0.0
Thailand,THA,2008,0.402,0.336,0.668,1.0
Thailand,THA,2009,0.418,0.337,0.668,1.0
Thailand,THA,2010,0.411,0.33,0.668,1.0
Thailand,THA,2011,0.462,0.373,0.68,1.0
Thailand,THA,2012,0.493,0.4,0.68,1.0
Thailand,THA,2013,0.446,0.352,0.667,1.0
Thailand,THA,2014,0.162,0.116,0.472,0.0
Thailand,THA,2015,0.16,0.105,0.56,0.0
Thailand,THA,2016,0.16,0.105,0.559,0.0
Thailand,THA,2017,0.154,0.102,0.527,0.0
Thailand,THA,2018,0.17,0.11,0.552,0.0
Thailand,THA,2019,0.208,0.184,0.555,0.0
Thailand,THA,2020,0.201,0.187,0.552,0.0
Thailand,THA,2021,0.208,0.187,0.552,0.0
Thailand,THA,2022,0.216,0.195,0.58,0.0
Thailand,THA,2023,0.295,0.246,0.611,1.0
Thailand,THA,2024,0.41,0.306,0.697,1.0
Uganda,UGA,1999,0.305,0.239,0.849,1.0
Uganda,UGA,2000,0.304,0.236,0.849,1.0
Uganda,UGA,2001,0.27,0.222,0.873,1.0
Uganda,UGA,2002,0.262,0.214,0.791,1.0
Uganda,UGA,2003,0.257,0.212,0.791,1.0
Uganda,UGA,2004,0.265,0.216,0.791,1.0
Uganda,UGA,2005,0.294,0.231,0.791,1.0
Uganda,UGA,2006,0.318,0.243,0.791,1.0
Uganda,UGA,2007,0.323,0.246,0.777,1.0
Uganda,UGA,2008,0.32,0.243,0.777,1.0
Uganda,UGA,2009,0.318,0.241,0.798,1.0
Uganda,UGA,2010,0.317,0.238,0.795,1.0
Uganda,UGA,2011,0.317,0.233,0.799,1.0
Uganda,UGA,2012,0.316,0.232,0.783,1.0
Uganda,UGA,2013,0.312,0.23,0.753,1.0
Uganda,UGA,2014,0.305,0.226,0.76,1.0
Uganda,UGA,2015,0.3,0.222,0.787,1.0
Uganda,UGA,2016,0.289,0.205,0.768,1.0
Uganda,UGA,2017,0.291,0.201,0.759,1.0
Uganda,UGA,2018,0.283,0.194,0.799,1.0
Uganda,UGA,2019,0.284,0.193,0.774,1.0
Uganda,UGA,2020,0.285,0.192,0.758,1.0
Uganda,UGA,2021,0.274,0.18,0.676,1.0
Uganda,UGA,2022,0.269,0.185,0.695,1.0
Uganda,UGA,2023,0.259,0.179,0.646,1.0
Uganda,UGA,2024,0.261,0.168,0.733,1.0
Venezuela,VEN,1999,0.665,0.44,0.666,2.0
Venezuela,VEN,2000,0.573,0.31,0.609,2.0
Venezuela,VEN,2001,0.529,0.288,0.609,2.0
Venezuela,VEN,2002,0.495,0.255,0.605,1.0
Venezuela,VEN,2003,0.487,0.243,0.582,1.0
Venezuela,VEN,2004,0.475,0.216,0.582,1.0
Venezuela,VEN,2005,0.474,0.182,0.584,1.0
Venezuela,VEN,2006,0.45,0.168,0.571,1.0
Venezuela,VEN,2007,0.434,0.162,0.599,1.0
Venezuela,VEN,2008,0.432,0.159,0.59,1.0
Venezuela,VEN,2009,0.431,0.16,0.576,1.0
Venezuela,VEN,2010,0.419,0.154,0.623,1.0
Venezuela,VEN,2011,0.415,0.152,0.627,1.0
Venezuela,VEN,2012,0.399,0.145,0.593,1.0
Venezuela,VEN,2013,0.327,0.109,0.506,1.0
Venezuela,VEN,2014,0.312,0.102,0.481,1.0
Venezuela,VEN,2015,0.3,0.103,0.476,1.0
Venezuela,VEN,2016,0.293,0.118,0.486,1.0
Venezuela,VEN,2017,0.233,0.082,0.439,1.0
Venezuela,VEN,2018,0.213,0.061,0.39,1.0
Venezuela,VEN,2019,0.209,0.06,0.436,1.0
Venezuela,VEN,2020,0.206,0.056,0.393,1.0
Venezuela,VEN,2021,0.215,0.056,0.399,1.0
Venezuela,VEN,2022,0.209,0.054,0.345,1.0
Venezuela,VEN,2023,0.206,0.053,0.356,1.0
Venezuela,VEN,2024,0.196,0.046,0.38,1.0
Benin,BEN,1999,0.613,0.497,0.902,2.0
Benin,BEN,2000,0.611,0.501,0.902,2.0
Benin,BEN,2001,0.609,0.499,0.902,2.0
Benin,BEN,2002,0.61,0.502,0.902,2.0
Benin,BEN,2003,0.603,0.494,0.902,2.0
Benin,BEN,2004,0.601,0.492,0.902,2.0
Benin,BEN,2005,0.622,0.508,0.876,2.0
Benin,BEN,2006,0.659,0.535,0.876,2.0
Benin,BEN,2007,0.645,0.524,0.849,2.0
Benin,BEN,2008,0.635,0.515,0.872,2.0
Benin,BEN,2009,0.633,0.513,0.872,2.0
Benin,BEN,2010,0.635,0.516,0.891,2.0
Benin,BEN,2011,0.599,0.486,0.891,2.0
Benin,BEN,2012,0.596,0.483,0.891,2.0
Benin,BEN,2013,0.603,0.482,0.897,2.0
Benin,BEN,2014,0.606,0.485,0.897,2.0
Benin,BEN,2015,0.652,0.523,0.93,2.0
Benin,BEN,2016,0.712,0.579,0.947,2.0
Benin,BEN,2017,0.713,0.593,0.923,2.0
Benin,BEN,2018,0.606,0.472,0.856,2.0
Benin,BEN,2019,0.452,0.335,0.776,1.0
Benin,BEN,2020,0.408,0.284,0.656,1.0
Benin,BEN,2021,0.39,0.271,0.666,1.0
Benin,BEN,2022,0.423,0.285,0.661,1.0
Benin,BEN,2023,0.487,0.313,0.632,1.0
Benin,BEN,2024,0.491,0.323,0.632,1.0
Bhutan,BTN,1999,0.088,0.148,0.384,0.0
Bhutan,BTN,2000,0.091,0.15,0.549,0.0
Bhutan,BTN,2001,0.093,0.152,0.549,0.0
Bhutan,BTN,2002,0.095,0.159,0.549,0.0
Bhutan,BTN,2003,0.096,0.158,0.613,0.0
Bhutan,BTN,2004,0.098,0.158,0.613,0.0
Bhutan,BTN,2005,0.099,0.158,0.613,0.0
Bhutan,BTN,2006,0.107,0.162,0.613,0.0
Bhutan,BTN,2007,0.133,0.169,0.671,0.0
Bhutan,BTN,2008,0.491,0.431,0.738,1.0
Bhutan,BTN,2009,0.587,0.498,0.738,3.0
Bhutan,BTN,2010,0.601,0.507,0.745,3.0
Bhutan,BTN,2011,0.601,0.508,0.745,3.0
Bhutan,BTN,2012,0.597,0.507,0.745,3.0
Bhutan,BTN,2013,0.573,0.482,0.778,2.0
Bhutan,BTN,2014,0.564,0.475,0.778,2.0
Bhutan,BTN,2015,0.568,0.479,0.778,2.0
Bhutan,BTN,2016,0.558,0.471,0.806,2.0
Bhutan,BTN,2017,0.571,0.48,0.774,2.0
Bhutan,BTN,2018,0.579,0.489,0.775,2.0
Bhutan,BTN,2019,0.598,0.517,0.764,2.0
Bhutan,BTN,2020,0.598,0.515,0.789,2.0
Bhutan,BTN,2021,0.574,0.482,0.793,3.0
Bhutan,BTN,2022,0.558,0.466,0.773,3.0
Bhutan,BTN,2023,0.532,0.447,0.773,3.0
Bhutan,BTN,2024,0.565,0.457,0.694,2.0
Burkina Faso,BFA,1999,0.487,0.304,0.687,1.0
Burkina Faso,BFA,2000,0.516,0.324,0.778,2.0
Burkina Faso,BFA,2001,0.519,0.325,0.778,2.0
Burkina Faso,BFA,2002,0.517,0.325,0.778,2.0
Burkina Faso,BFA,2003,0.516,0.324,0.778,2.0
Burkina Faso,BFA,2004,0.516,0.324,0.778,2.0
Burkina Faso,BFA,2005,0.52,0.326,0.778,2.0
Burkina Faso,BFA,2006,0.542,0.34,0.778,2.0
Burkina Faso,BFA,2007,0.534,0.335,0.799,2.0
Burkina Faso,BFA,2008,0.531,0.333,0.799,2.0
Burkina Faso,BFA,2009,0.537,0.334,0.799,2.0
Burkina Faso,BFA,2010,0.559,0.351,0.811,2.0
Burkina Faso,BFA,2011,0.561,0.354,0.825,2.0
Burkina Faso,BFA,2012,0.571,0.358,0.843,2.0
Burkina Faso,BFA,2013,0.598,0.405,0.838,2.0
Burkina Faso,BFA,2014,0.569,0.417,0.838,2.0
Burkina Faso,BFA,2015,0.376,0.306,0.87,1.0
Burkina Faso,BFA,2016,0.683,0.504,0.904,2.0
Burkina Faso,BFA,2017,0.683,0.511,0.908,2.0
Burkina Faso,BFA,2018,0.666,0.485,0.908,2.0
Burkina Faso,BFA,2019,0.657,0.477,0.893,2.0
Burkina Faso,BFA,2020,0.662,0.486,0.9,2.0
Burkina Faso,BFA,2021,0.634,0.456,0.882,2.0
Burkina Faso,BFA,2022,0.275,0.224,0.833,1.0
Burkina Faso,BFA,2023,0.212,0.179,0.734,0.0
Burkina Faso,BFA,2024,0.154,0.126,0.636,0.0
Cambodia,KHM,1999,0.321,0.125,0.477,1.0
Cambodia,KHM,2000,0.318,0.124,0.477,1.0
Cambodia,KHM,2001,0.317,0.126,0.477,1.0
Cambodia,KHM,2002,0.317,0.124,0.477,1.0
Cambodia,KHM,2003,0.321,0.126,0.477,1.0
Cambodia,KHM,2004,0.324,0.126,0.477,1.0
Cambodia,KHM,2005,0.32,0.123,0.477,1.0
Cambodia,KHM,2006,0.32,0.123,0.477,1.0
Cambodia,KHM,2007,0.319,0.123,0.477,1.0
Cambodia,KHM,2008,0.316,0.121,0.477,1.0
Cambodia,KHM,2009,0.308,0.118,0.477,1.0
Cambodia,KHM,2010,0.308,0.118,0.477,1.0
Cambodia,KHM,2011,0.308,0.118,0.477,1.0
Cambodia,KHM,2012,0.305,0.118,0.468,1.0
Cambodia,KHM,2013,0.297,0.114,0.44,1.0
Cambodia,KHM,2014,0.293,0.114,0.44,1.0
Cambodia,KHM,2015,0.291,0.115,0.394,1.0
Cambodia,KHM,2016,0.275,0.103,0.365,1.0
Cambodia,KHM,2017,0.234,0.078,0.396,1.0
Cambodia,KHM,2018,0.211,0.07,0.375,1.0
Cambodia,KHM,2019,0.194,0.066,0.375,1.0
Cambodia,KHM,2020,0.191,0.063,0.43,1.0
Cambodia,KHM,2021,0.19,0.059,0.355,1.0
Cambodia,KHM,2022,0.199,0.059,0.3,1.0
Cambodia,KHM,2023,0.189,0.052,0.3,1.0
Cambodia,KHM,2024,0.184,0.048,0.3,1.0
Indonesia,IDN,1999,0.55,0.417,0.824,2.0
Indonesia,IDN,2000,0.666,0.505,0.831,2.0
Indonesia,IDN,2001,0.666,0.505,0.831,2.0
Indonesia,IDN,2002,0.666,0.512,0.831,2.0
Indonesia,IDN,2003,0.666,0.512,0.831,2.0
Indonesia,IDN,2004,0.689,0.528,0.831,2.0
Indonesia,IDN,2005,0.7,0.534,0.831,2.0
Indonesia,IDN,2006,0.696,0.534,0.831,2.0
Indonesia,IDN,2007,0.697,0.537,0.831,2.0
Indonesia,IDN,2008,0.707,0.545,0.833,2.0
Indonesia,IDN,2009,0.684,0.526,0.836,2.0
Indonesia,IDN,2010,0.686,0.539,0.843,2.0
Indonesia,IDN,2011,0.686,0.538,0.843,2.0
Indonesia,IDN,2012,0.685,0.534,0.843,2.0
Indonesia,IDN,2013,0.668,0.52,0.909,2.0
Indonesia,IDN,2014,0.658,0.512,0.914,2.0
Indonesia,IDN,2015,0.654,0.511,0.902,2.0
Indonesia,IDN,2016,0.639,0.496,0.902,2.0
Indonesia,IDN,2017,0.627,0.484,0.878,2.0
Indonesia,IDN,2018,0.599,0.463,0.888,2.0
Indonesia,IDN,2019,0.596,0.459,0.844,2.0
Indonesia,IDN,2020,0.566,0.411,0.884,2.0
Indonesia,IDN,2021,0.545,0.398,0.847,2.0
Indonesia,IDN,2022,0.561,0.39,0.875,2.0
Indonesia,IDN,2023,0.538,0.348,0.814,2.0
Indonesia,IDN,2024,0.496,0.332,0.779,1.0
Mozambique,MOZ,1999,0.453,0.298,0.626,1.0
Mozambique,MOZ,2000,0.419,0.297,0.647,1.0
Mozambique,MOZ,2001,0.419,0.297,0.666,1.0
Mozambique,MOZ,2002,0.419,0.294,0.666,1.0
Mozambique,MOZ,2003,0.422,0.299,0.666,1.0
Mozambique,MOZ,2004,0.425,0.296,0.667,1.0
Mozambique,MOZ,2005,0.463,0.312,0.667,1.0
Mozambique,MOZ,2006,0.464,0.313,0.667,1.0
Mozambique,MOZ,2007,0.464,0.313,0.667,1.0
Mozambique,MOZ,2008,0.456,0.309,0.667,1.0
Mozambique,MOZ,2009,0.453,0.307,0.667,1.0
Mozambique,MOZ,2010,0.425,0.293,0.687,1.0
Mozambique,MOZ,2011,0.427,0.296,0.687,1.0
Mozambique,MOZ,2012,0.427,0.296,0.687,1.0
Mozambique,MOZ,2013,0.437,0.301,0.672,1.0
Mozambique,MOZ,2014,0.43,0.299,0.682,1.0
Mozambique,MOZ,2015,0.437,0.299,0.682,1.0
Mozambique,MOZ,2016,0.433,0.292,0.723,1.0
Mozambique,MOZ,2017,0.408,0.275,0.709,1.0
Mozambique,MOZ,2018,0.4,0.264,0.703,1.0
Mozambique,MOZ,2019,0.397,0.255,0.719,1.0
Mozambique,MOZ,2020,0.364,0.238,0.696,1.0
Mozambique,MOZ,2021,0.367,0.244,0.713,1.0
Mozambique,MOZ,2022,0.366,0.24,0.679,1.0
Mozambique,MOZ,2023,0.351,0.224,0.705,1.0
Mozambique,MOZ,2024,0.31,0.189,0.672,1.0
Nepal,NPL,1999,0.388,0.307,0.702,1.0
Nepal,NPL,2000,0.36,0.291,0.741,1.0
Nepal,NPL,2001,0.352,0.283,0.765,1.0
Nepal,NPL,2002,0.271,0.221,0.765,0.0
Nepal,NPL,2003,0.224,0.145,0.765,0.0
Nepal,NPL,2004,0.224,0.145,0.765,0.0
Nepal,NPL,2005,0.222,0.149,0.761,0.0
Nepal,NPL,2006,0.23,0.21,0.793,0.0
Nepal,NPL,2007,0.274,0.277,0.834,0.0
Nepal,NPL,2008,0.478,0.413,0.839,1.0
Nepal,NPL,2009,0.56,0.471,0.85,2.0
Nepal,NPL,2010,0.554,0.465,0.838,2.0
Nepal,NPL,2011,0.556,0.472,0.838,2.0
Nepal,NPL,2012,0.39,0.31,0.836,1.0
Nepal,NPL,2013,0.28,0.191,0.84,1.0
Nepal,NPL,2014,0.625,0.501,0.84,2.0
Nepal,NPL,2015,0.643,0.534,0.842,2.0
Nepal,NPL,2016,0.665,0.557,0.858,2.0
Nepal,NPL,2017,0.66,0.553,0.87,2.0
Nepal,NPL,2018,0.633,0.523,0.843,2.0
Nepal,NPL,2019,0.606,0.484,0.815,2.0
Nepal,NPL,2020,0.598,0.477,0.815,2.0
Nepal,NPL,2021,0.609,0.491,0.791,2.0
Nepal,NPL,2022,0.631,0.501,0.872,2.0
Nepal,NPL,2023,0.685,0.528,0.855,2.0
Nepal,NPL,2024,0.669,0.52,0.765,2.0
Nicaragua,NIC,1999,0.597,0.383,0.615,2.0
Nicaragua,NIC,2000,0.586,0.378,0.615,2.0
Nicaragua,NIC,2001,0.588,0.373,0.615,2.0
Nicaragua,NIC,2002,0.601,0.377,0.615,2.0
Nicaragua,NIC,2003,0.591,0.371,0.619,2.0
Nicaragua,NIC,2004,0.591,0.372,0.619,2.0
Nicaragua,NIC,2005,0.591,0.372,0.619,2.0
Nicaragua,NIC,2006,0.563,0.322,0.619,2.0
Nicaragua,NIC,2007,0.457,0.216,0.575,1.0
Nicaragua,NIC,2008,0.445,0.203,0.6,1.0
Nicaragua,NIC,2009,0.441,0.197,0.6,1.0
Nicaragua,NIC,2010,0.436,0.192,0.58,1.0
Nicaragua,NIC,2011,0.425,0.188,0.58,1.0
Nicaragua,NIC,2012,0.371,0.156,0.58,1.0
Nicaragua,NIC,2013,0.319,0.125,0.498,1.0
Nicaragua,NIC,2014,0.319,0.126,0.448,1.0
Nicaragua,NIC,2015,0.318,0.124,0.448,1.0
Nicaragua,NIC,2016,0.305,0.12,0.392,1.0
Nicaragua,NIC,2017,0.281,0.103,0.352,1.0
Nicaragua,NIC,2018,0.221,0.051,0.265,1.0
Nicaragua,NIC,2019,0.215,0.046,0.242,1.0
Nicaragua,NIC,2020,0.215,0.045,0.179,1.0
Nicaragua,NIC,2021,0.195,0.034,0.177,1.0
Nicaragua,NIC,2022,0.158,0.027,0.133,1.0
Nicaragua,NIC,2023,0.158,0.021,0.129,1.0
Nicaragua,NIC,2024,0.151,0.02,0.114,1.0
Niger,NER,1999,0.255,0.173,0.846,1.0
Niger,NER,2000,0.546,0.407,0.806,2.0
Niger,NER,2001,0.543,0.407,0.806,2.0
Niger,NER,2002,0.543,0.407,0.806,2.0
Niger,NER,2003,0.543,0.407,0.806,2.0
Niger,NER,2004,0.547,0.409,0.806,2.0
Niger,NER,2005,0.573,0.425,0.806,2.0
Niger,NER,2006,0.578,0.426,0.806,2.0
Niger,NER,2007,0.578,0.427,0.806,2.0
Niger,NER,2008,0.576,0.421,0.806,2.0
Niger,NER,2009,0.421,0.275,0.806,1.0
Niger,NER,2010,0.265,0.185,0.933,0.0
Niger,NER,2011,0.541,0.39,0.935,2.0
Niger,NER,2012,0.624,0.482,0.922,2.0
Niger,NER,2013,0.629,0.501,0.926,2.0
Niger,NER,2014,0.633,0.502,0.926,2.0
Niger,NER,2015,0.622,0.493,0.926,2.0
Niger,NER,2016,0.573,0.459,0.926,2.0
Niger,NER,2017,0.542,0.426,0.901,2.0
Niger,NER,2018,0.53,0.405,0.812,2.0
Niger,NER,2019,0.528,0.401,0.873,2.0
Niger,NER,2020,0.544,0.401,0.855,2.0
Niger,NER,2021,0.523,0.401,0.836,2.0
Niger,NER,2022,0.504,0.387,0.805,2.0
Niger,NER,2023,0.388,0.285,0.872,1.0
Niger,NER,2024,0.237,0.182,0.805,0.0
Zambia,ZMB,1999,0.478,0.374,0.889,1.0
Zambia,ZMB,2000,0.486,0.38,0.889,1.0
Zambia,ZMB,2001,0.489,0.394,0.889,1.0
Zambia,ZMB,2002,0.484,0.405,0.877,1.0
Zambia,ZMB,2003,0.484,0.405,0.877,1.0
Zambia,ZMB,2004,0.484,0.405,0.877,1.0
Zambia,ZMB,2005,0.498,0.419,0.852,1.0
Zambia,ZMB,2006,0.498,0.418,0.86,1.0
Zambia,ZMB,2007,0.5,0.42,0.86,2.0
Zambia,ZMB,2008,0.51,0.424,0.845,2.0
Zambia,ZMB,2009,0.517,0.426,0.845,2.0
Zambia,ZMB,2010,0.514,0.427,0.845,2.0
Zambia,ZMB,2011,0.503,0.42,0.842,2.0
Zambia,ZMB,2012,0.503,0.421,0.842,2.0
Zambia,ZMB,2013,0.485,0.391,0.768,1.0
Zambia,ZMB,2014,0.478,0.388,0.768,1.0
Zambia,ZMB,2015,0.458,0.371,0.788,1.0
Zambia,ZMB,2016,0.397,0.328,0.719,1.0
Zambia,ZMB,2017,0.36,0.294,0.728,1.0
Zambia,ZMB,2018,0.37,0.294,0.764,1.0
Zambia,ZMB,2019,0.358,0.301,0.759,1.0
Zambia,ZMB,2020,0.353,0.292,0.765,1.0
Zambia,ZMB,2021,0.421,0.339,0.826,1.0
Zambia,ZMB,2022,0.52,0.436,0.905,2.0
Zambia,ZMB,2023,0.525,0.427,0.904,2.0
Zambia,ZMB,2024,0.512,0.39,0.908,2.0
Zimbabwe,ZWE,1999,0.31,0.228,0.65,1.0
Zimbabwe,ZWE,2000,0.284,0.187,0.813,1.0
Zimbabwe,ZWE,2001,0.267,0.164,0.813,1.0
Zimbabwe,ZWE,2002,0.268,0.167,0.813,1.0
Zimbabwe,ZWE,2003,0.269,0.157,0.757,1.0
Zimbabwe,ZWE,2004,0.259,0.154,0.757,1.0
Zimbabwe,ZWE,2005,0.258,0.153,0.757,1.0
Zimbabwe,ZWE,2006,0.255,0.152,0.757,1.0
Zimbabwe,ZWE,2007,0.255,0.152,0.757,1.0
Zimbabwe,ZWE,2008,0.251,0.149,0.757,1.0
Zimbabwe,ZWE,2009,0.254,0.179,0.781,1.0
Zimbabwe,ZWE,2010,0.265,0.2,0.788,1.0
Zimbabwe,ZWE,2011,0.266,0.201,0.788,1.0
Zimbabwe,ZWE,2012,0.266,0.202,0.788,1.0
Zimbabwe,ZWE,2013,0.289,0.209,0.791,1.0
Zimbabwe,ZWE,2014,0.303,0.213,0.79,1.0
Zimbabwe,ZWE,2015,0.302,0.212,0.783,1.0
Zimbabwe,ZWE,2016,0.297,0.203,0.772,1.0
Zimbabwe,ZWE,2017,0.3,0.225,0.77,1.0
Zimbabwe,ZWE,2018,0.313,0.216,0.812,1.0
Zimbabwe,ZWE,2019,0.304,0.202,0.798,1.0
Zimbabwe,ZWE,2020,0.299,0.192,0.794,1.0
Zimbabwe,ZWE,2021,0.297,0.194,0.805,1.0
Zimbabwe,ZWE,2022,0.292,0.186,0.783,1.0
Zimbabwe,ZWE,2023,0.296,0.175,0.746,1.0
Zimbabwe,ZWE,2024,0.272,0.156,0.768,1.0
Guinea,GIN,1999,0.265,0.11,0.621,1.0
Guinea,GIN,2000,0.272,0.11,0.69,1.0
Guinea,GIN,2001,0.277,0.111,0.69,1.0
Guinea,GIN,2002,0.273,0.11,0.69,1.0
Guinea,GIN,2003,0.277,0.117,0.69,1.0
Guinea,GIN,2004,0.274,0.116,0.69,1.0
Guinea,GIN,2005,0.274,0.117,0.69,1.0
Guinea,GIN,2006,0.271,0.118,0.707,1.0
Guinea,GIN,2007,0.271,0.123,0.707,1.0
Guinea,GIN,2008,0.271,0.096,0.703,1.0
Guinea,GIN,2009,0.177,0.056,0.661,0.0
Guinea,GIN,2010,0.236,0.092,0.802,1.0
Guinea,GIN,2011,0.318,0.115,0.802,1.0
Guinea,GIN,2012,0.318,0.115,0.802,1.0
Guinea,GIN,2013,0.322,0.117,0.765,1.0
Guinea,GIN,2014,0.375,0.161,0.765,1.0
Guinea,GIN,2015,0.375,0.161,0.783,1.0
Guinea,GIN,2016,0.377,0.166,0.761,1.0
Guinea,GIN,2017,0.369,0.161,0.761,1.0
Guinea,GIN,2018,0.373,0.158,0.788,1.0
Guinea,GIN,2019,0.36,0.141,0.754,1.0
Guinea,GIN,2020,0.295,0.113,0.695,1.0
Guinea,GIN,2021,0.258,0.098,0.572,1.0
Guinea,GIN,2022,0.172,0.082,0.528,0.0
Guinea,GIN,2023,0.169,0.079,0.406,0.0
Guinea,GIN,2024,0.159,0.075,0.406,0.0
Ivory Coast,CIV,1999,0.389,0.244,0.709,1.0
Ivory Coast,CIV,2000,0.274,0.174,0.799,1.0
Ivory Coast,CIV,2001,0.447,0.286,0.799,1.0
Ivory Coast,CIV,2002,0.446,0.285,0.712,1.0
Ivory Coast,CIV,2003,0.439,0.283,0.712,1.0
Ivory Coast,CIV,2004,0.446,0.285,0.708,1.0
Ivory Coast,CIV,2005,0.434,0.28,0.708,1.0
Ivory Coast,CIV,2006,0.434,0.281,0.708,1.0
Ivory Coast,CIV,2007,0.435,0.283,0.708,1.0
Ivory Coast,CIV,2008,0.436,0.282,0.708,1.0
Ivory Coast,CIV,2009,0.435,0.28,0.708,1.0
Ivory Coast,CIV,2010,0.446,0.284,0.708,1.0
Ivory Coast,CIV,2011,0.427,0.275,0.686,1.0
Ivory Coast,CIV,2012,0.461,0.303,0.687,1.0
Ivory Coast,CIV,2013,0.465,0.295,0.736,1.0
Ivory Coast,CIV,2014,0.463,0.299,0.736,1.0
Ivory Coast,CIV,2015,0.473,0.304,0.736,1.0
Ivory Coast,CIV,2016,0.529,0.335,0.707,2.0
Ivory Coast,CIV,2017,0.539,0.326,0.765,2.0
Ivory Coast,CIV,2018,0.54,0.326,0.765,2.0
Ivory Coast,CIV,2019,0.534,0.314,0.763,2.0
Ivory Coast,CIV,2020,0.499,0.261,0.767,1.0
Ivory Coast,CIV,2021,0.435,0.233,0.777,1.0
Ivory Coast,CIV,2022,0.443,0.236,0.782,1.0
Ivory Coast,CIV,2023,0.445,0.24,0.787,1.0
Ivory Coast,CIV,2024,0.429,0.248,0.774,1.0
Mauritania,MRT,1999,0.302,0.133,0.271,1.0
Mauritania,MRT,2000,0.308,0.138,0.368,1.0
Mauritania,MRT,2001,0.315,0.14,0.368,1.0
Mauritania,MRT,2002,0.318,0.143,0.368,1.0
Mauritania,MRT,2003,0.313,0.14,0.368,1.0
Mauritania,MRT,2004,0.319,0.146,0.368,1.0
Mauritania,MRT,2005,0.29,0.12,0.407,1.0
Mauritania,MRT,2006,0.25,0.122,0.439,0.0
Mauritania,MRT,2007,0.45,0.237,0.439,1.0
Mauritania,MRT,2008,0.4,0.208,0.353,1.0
Mauritania,MRT,2009,0.364,0.192,0.354,1.0
Mauritania,MRT,2010,0.468,0.228,0.354,1.0
Mauritania,MRT,2011,0.468,0.228,0.354,1.0
Mauritania,MRT,2012,0.471,0.23,0.354,1.0
Mauritania,MRT,2013,0.416,0.174,0.408,1.0
Mauritania,MRT,2014,0.422,0.175,0.408,1.0
Mauritania,MRT,2015,0.431,0.178,0.408,1.0
Mauritania,MRT,2016,0.431,0.178,0.408,1.0
Mauritania,MRT,2017,0.389,0.157,0.418,1.0
Mauritania,MRT,2018,0.391,0.172,0.402,1.0
Mauritania,MRT,2019,0.407,0.186,0.52,1.0
Mauritania,MRT,2020,0.389,0.206,0.528,1.0
Mauritania,MRT,2021,0.391,0.195,0.547,1.0
Mauritania,MRT,2022,0.396,0.195,0.573,1.0
Mauritania,MRT,2023,0.368,0.183,0.556,1.0
Mauritania,MRT,2024,0.337,0.136,0.63,1.0
Canada,CAN,1999,0.836,0.756,0.89,3.0
Canada,CAN,2000,0.836,0.756,0.886,3.0
Canada,CAN,2001,0.832,0.752,0.886,3.0
Canada,CAN,2002,0.825,0.746,0.886,3.0
Canada,CAN,2003,0.825,0.746,0.886,3.0
Canada,CAN,2004,0.825,0.751,0.886,3.0
Canada,CAN,2005,0.824,0.751,0.886,3.0
Canada,CAN,2006,0.83,0.757,0.857,3.0
Canada,CAN,2007,0.832,0.759,0.857,3.0
Canada,CAN,2008,0.827,0.753,0.857,3.0
Canada,CAN,2009,0.826,0.753,0.857,3.0
Canada,CAN,2010,0.826,0.755,0.857,3.0
Canada,CAN,2011,0.811,0.74,0.857,3.0
Canada,CAN,2012,0.81,0.738,0.857,3.0
Canada,CAN,2013,0.817,0.742,0.858,3.0
Canada,CAN,2014,0.814,0.742,0.858,3.0
Canada,CAN,2015,0.807,0.735,0.876,3.0
Canada,CAN,2016,0.834,0.762,0.884,3.0
Canada,CAN,2017,0.839,0.769,0.916,3.0
Canada,CAN,2018,0.84,0.763,0.916,3.0
Canada,CAN,2019,0.85,0.763,0.916,3.0
Canada,CAN,2020,0.849,0.745,0.916,2.0
Canada,CAN,2021,0.843,0.749,0.916,3.0
Canada,CAN,2022,0.848,0.745,0.916,2.0
Canada,CAN,2023,0.847,0.742,0.916,2.0
Canada,CAN,2024,0.841,0.744,0.916,2.0
Australia,AUS,1999,0.883,0.842,0.857,3.0
Australia,AUS,2000,0.888,0.847,0.857,3.0
Australia,AUS,2001,0.885,0.844,0.857,3.0
Australia,AUS,2002,0.879,0.838,0.857,3.0
Australia,AUS,2003,0.879,0.838,0.857,3.0
Australia,AUS,2004,0.879,0.838,0.857,3.0
Australia,AUS,2005,0.878,0.838,0.857,3.0
Australia,AUS,2006,0.878,0.838,0.857,3.0
Australia,AUS,2007,0.88,0.839,0.865,3.0
Australia,AUS,2008,0.889,0.849,0.907,3.0
Australia,AUS,2009,0.889,0.849,0.907,3.0
Australia,AUS,2010,0.896,0.856,0.907,3.0
Australia,AUS,2011,0.896,0.857,0.907,3.0
Australia,AUS,2012,0.896,0.858,0.907,3.0
Australia,AUS,2013,0.862,0.821,0.866,3.0
Australia,AUS,2014,0.855,0.815,0.866,3.0
Australia,AUS,2015,0.865,0.825,0.866,3.0
Australia,AUS,2016,0.871,0.833,0.866,3.0
Australia,AUS,2017,0.871,0.828,0.866,3.0
Australia,AUS,2018,0.86,0.817,0.866,3.0
Australia,AUS,2019,0.825,0.779,0.832,3.0
Australia,AUS,2020,0.837,0.79,0.845,3.0
Australia,AUS,2021,0.828,0.779,0.848,3.0
Australia,AUS,2022,0.846,0.794,0.836,3.0
Australia,AUS,2023,0.851,0.802,0.83,3.0
Australia,AUS,2024,0.848,0.796,0.824,3.0
Botswana,BWA,1999,0.703,0.607,0.768,3.0
Botswana,BWA,2000,0.702,0.607,0.768,3.0
Botswana,BWA,2001,0.702,0.607,0.768,3.0
Botswana,BWA,2002,0.702,0.607,0.768,3.0
Botswana,BWA,2003,0.702,0.607,0.768,3.0
Botswana,BWA,2004,0.713,0.615,0.768,3.0
Botswana,BWA,2005,0.717,0.619,0.768,3.0
Botswana,BWA,2006,0.722,0.623,0.768,3.0
Botswana,BWA,2007,0.72,0.623,0.768,3.0
Botswana,BWA,2008,0.715,0.617,0.767,3.0
Botswana,BWA,2009,0.712,0.614,0.773,3.0
Botswana,BWA,2010,0.717,0.622,0.755,3.0
Botswana,BWA,2011,0.719,0.624,0.755,3.0
Botswana,BWA,2012,0.719,0.617,0.755,3.0
Botswana,BWA,2013,0.713,0.609,0.769,3.0
Botswana,BWA,2014,0.711,0.61,0.785,3.0
Botswana,BWA,2015,0.69,0.587,0.807,3.0
Botswana,BWA,2016,0.685,0.582,0.807,3.0
Botswana,BWA,2017,0.675,0.568,0.757,3.0
Botswana,BWA,2018,0.672,0.573,0.874,3.0
Botswana,BWA,2019,0.656,0.56,0.851,3.0
Botswana,BWA,2020,0.589,0.484,0.905,3.0
Botswana,BWA,2021,0.587,0.477,0.905,2.0
Botswana,BWA,2022,0.573,0.459,0.856,2.0
Botswana,BWA,2023,0.564,0.444,0.887,2.0
Botswana,BWA,2024,0.595,0.47,0.876,2.0
Burundi,BDI,1999,0.185,0.148,0.743,0.0
Burundi,BDI,2000,0.187,0.147,0.743,0.0
Burundi,BDI,2001,0.188,0.149,0.743,0.0
Burundi,BDI,2002,0.202,0.149,0.743,0.0
Burundi,BDI,2003,0.209,0.151,0.754,0.0
Burundi,BDI,2004,0.208,0.151,0.754,0.0
Burundi,BDI,2005,0.299,0.148,0.678,1.0
Burundi,BDI,2006,0.418,0.186,0.675,1.0
Burundi,BDI,2007,0.413,0.183,0.721,1.0
Burundi,BDI,2008,0.405,0.178,0.721,1.0
Burundi,BDI,2009,0.397,0.175,0.687,1.0
Burundi,BDI,2010,0.323,0.144,0.661,1.0
Burundi,BDI,2011,0.287,0.133,0.661,1.0
Burundi,BDI,2012,0.287,0.134,0.661,1.0
Burundi,BDI,2013,0.278,0.109,0.675,1.0
Burundi,BDI,2014,0.27,0.101,0.641,1.0
Burundi,BDI,2015,0.196,0.063,0.538,1.0
Burundi,BDI,2016,0.166,0.046,0.441,1.0
Burundi,BDI,2017,0.157,0.045,0.43,1.0
Burundi,BDI,2018,0.157,0.044,0.43,1.0
Burundi,BDI,2019,0.159,0.055,0.43,1.0
Burundi,BDI,2020,0.168,0.049,0.362,1.0
Burundi,BDI,2021,0.181,0.067,0.278,1.0
Burundi,BDI,2022,0.189,0.077,0.214,1.0
Burundi,BDI,2023,0.186,0.056,0.204,1.0
Burundi,BDI,2024,0.178,0.062,0.204,1.0
Cape Verde,CPV,1999,0.778,0.692,0.722,2.0
Cape Verde,CPV,2000,0.772,0.685,0.722,2.0
Cape Verde,CPV,2001,0.762,0.677,0.722,2.0
Cape Verde,CPV,2002,0.767,0.682,0.722,2.0
Cape Verde,CPV,2003,0.767,0.682,0.722,2.0
Cape Verde,CPV,2004,0.767,0.682,0.722,2.0
Cape Verde,CPV,2005,0.767,0.682,0.722,2.0
Cape Verde,CPV,2006,0.778,0.693,0.722,2.0
Cape Verde,CPV,2007,0.781,0.696,0.722,2.0
Cape Verde,CPV,2008,0.782,0.697,0.722,2.0
Cape Verde,CPV,2009,0.782,0.697,0.722,2.0
Cape Verde,CPV,2010,0.779,0.695,0.734,2.0
Cape Verde,CPV,2011,0.788,0.702,0.72,2.0
Cape Verde,CPV,2012,0.788,0.702,0.72,2.0
Cape Verde,CPV,2013,0.794,0.708,0.72,2.0
Cape Verde,CPV,2014,0.794,0.707,0.72,2.0
Cape Verde,CPV,2015,0.795,0.707,0.72,2.0
Cape Verde,CPV,2016,0.8,0.713,0.699,2.0
Cape Verde,CPV,2017,0.797,0.707,0.679,2.0
Cape Verde,CPV,2018,0.783,0.701,0.679,2.0
Cape Verde,CPV,2019,0.79,0.707,0.675,2.0
Cape Verde,CPV,2020,0.793,0.701,0.675,2.0
Cape Verde,CPV,2021,0.775,0.676,0.675,2.0
Cape Verde,CPV,2022,0.754,0.651,0.653,2.0
Cape Verde,CPV,2023,0.75,0.646,0.653,2.0
Cape Verde,CPV,2024,0.752,0.642,0.653,2.0
Central African Republic,CAF,1999,0.346,0.217,0.521,1.0
Central African Republic,CAF,2000,0.341,0.217,0.521,1.0
Central African Republic,CAF,2001,0.341,0.217,0.521,1.0
Central African Republic,CAF,2002,0.341,0.217,0.521,1.0
Central African Republic,CAF,2003,0.245,0.118,0.578,1.0
Central African Republic,CAF,2004,0.221,0.091,0.52,0.0
Central African Republic,CAF,2005,0.294,0.174,0.63,1.0
Central African Republic,CAF,2006,0.342,0.191,0.63,1.0
Central African Republic,CAF,2007,0.342,0.191,0.63,1.0
Central African Republic,CAF,2008,0.342,0.191,0.678,1.0
Central African Republic,CAF,2009,0.342,0.191,0.62,1.0
Central African Republic,CAF,2010,0.343,0.193,0.62,1.0
Central African Republic,CAF,2011,0.319,0.183,0.62,1.0
Central African Republic,CAF,2012,0.317,0.182,0.62,1.0
Central African Republic,CAF,2013,0.272,0.15,0.567,1.0
Central African Republic,CAF,2014,0.282,0.17,0.573,1.0
Central African Republic,CAF,2015,0.284,0.179,0.602,1.0
Central African Republic,CAF,2016,0.4,0.231,0.642,1.0
Central African Republic,CAF,2017,0.396,0.231,0.57,1.0
Central African Republic,CAF,2018,0.406,0.249,0.539,1.0
Central African Republic,CAF,2019,0.379,0.214,0.554,1.0
Central African Republic,CAF,2020,0.374,0.201,0.554,1.0
Central African Republic,CAF,2021,0.343,0.176,0.641,1.0
Central African Republic,CAF,2022,0.326,0.169,0.588,1.0
Central African Republic,CAF,2023,0.301,0.102,0.539,1.0
Central African Republic,CAF,2024,0.299,0.097,0.359,1.0
Chile,CHL,1999,0.85,0.785,0.75,3.0
Chile,CHL,2000,0.876,0.81,0.785,3.0
Chile,CHL,2001,0.876,0.811,0.785,3.0
Chile,CHL,2002,0.88,0.817,0.772,3.0
Chile,CHL,2003,0.88,0.817,0.772,3.0
Chile,CHL,2004,0.88,0.817,0.772,3.0
Chile,CHL,2005,0.877,0.821,0.755,3.0
Chile,CHL,2006,0.894,0.839,0.783,3.0
Chile,CHL,2007,0.894,0.842,0.783,3.0
Chile,CHL,2008,0.894,0.841,0.783,3.0
Chile,CHL,2009,0.887,0.836,0.783,3.0
Chile,CHL,2010,0.888,0.837,0.724,3.0
Chile,CHL,2011,0.889,0.839,0.724,3.0
Chile,CHL,2012,0.893,0.844,0.724,3.0
Chile,CHL,2013,0.894,0.846,0.724,3.0
Chile,CHL,2014,0.893,0.85,0.784,3.0
Chile,CHL,2015,0.886,0.839,0.793,3.0
Chile,CHL,2016,0.886,0.839,0.792,3.0
Chile,CHL,2017,0.889,0.842,0.79,3.0
Chile,CHL,2018,0.87,0.803,0.788,3.0
Chile,CHL,2019,0.829,0.761,0.856,2.0
Chile,CHL,2020,0.837,0.766,0.886,2.0
Chile,CHL,2021,0.841,0.777,0.853,3.0
Chile,CHL,2022,0.833,0.776,0.88,3.0
Chile,CHL,2023,0.836,0.779,0.88,3.0
Chile,CHL,2024,0.845,0.786,0.848,3.0
Costa Rica,CRI,1999,0.893,0.841,0.946,3.0
Costa Rica,CRI,2000,0.892,0.84,0.946,3.0
Costa Rica,CRI,2001,0.892,0.841,0.954,3.0
Costa Rica,CRI,2002,0.895,0.843,0.954,3.0
Costa Rica,CRI,2003,0.895,0.843,0.947,3.0
Costa Rica,CRI,2004,0.894,0.843,0.947,3.0
Costa Rica,CRI,2005,0.894,0.839,0.947,3.0
Costa Rica,CRI,2006,0.905,0.851,0.947,3.0
Costa Rica,CRI,2007,0.908,0.854,0.947,3.0
Costa Rica,CRI,2008,0.908,0.854,0.947,3.0
Costa Rica,CRI,2009,0.908,0.855,0.947,3.0
Costa Rica,CRI,2010,0.91,0.857,0.947,3.0
Costa Rica,CRI,2011,0.91,0.856,0.947,3.0
Costa Rica,CRI,2012,0.91,0.857,0.947,3.0
Costa Rica,CRI,2013,0.907,0.853,0.945,3.0
Costa Rica,CRI,2014,0.906,0.854,0.945,3.0
Costa Rica,CRI,2015,0.906,0.854,0.922,3.0
Costa Rica,CRI,2016,0.902,0.852,0.922,3.0
Costa Rica,CRI,2017,0.898,0.85,0.918,3.0
Costa Rica,CRI,2018,0.89,0.834,0.922,3.0
Costa Rica,CRI,2019,0.893,0.842,0.917,3.0
Costa Rica,CRI,2020,0.895,0.844,0.917,3.0
Costa Rica,CRI,2021,0.894,0.843,0.916,3.0
Costa Rica,CRI,2022,0.866,0.813,0.928,3.0
Costa Rica,CRI,2023,0.862,0.809,0.887,3.0
Costa Rica,CRI,2024,0.862,0.809,0.883,3.0
Timor-Leste,TLS,1999,0.11,0.089,0.101,0.0
Timor-Leste,TLS,2000,0.222,0.183,0.575,0.0
Timor-Leste,TLS,2001,0.289,0.23,0.575,1.0
Timor-Leste,TLS,2002,0.561,0.417,0.628,2.0
Timor-Leste,TLS,2003,0.573,0.411,0.671,2.0
Timor-Leste,TLS,2004,0.573,0.411,0.671,2.0
Timor-Leste,TLS,2005,0.572,0.408,0.671,2.0
Timor-Leste,TLS,2006,0.569,0.405,0.671,2.0
Timor-Leste,TLS,2007,0.609,0.454,0.671,2.0
Timor-Leste,TLS,2008,0.618,0.46,0.68,2.0
Timor-Leste,TLS,2009,0.617,0.462,0.68,2.0
Timor-Leste,TLS,2010,0.632,0.478,0.68,2.0
Timor-Leste,TLS,2011,0.632,0.478,0.657,2.0
Timor-Leste,TLS,2012,0.65,0.495,0.657,2.0
Timor-Leste,TLS,2013,0.661,0.501,0.657,2.0
Timor-Leste,TLS,2014,0.639,0.471,0.657,2.0
Timor-Leste,TLS,2015,0.644,0.466,0.654,2.0
Timor-Leste,TLS,2016,0.628,0.46,0.668,2.0
Timor-Leste,TLS,2017,0.671,0.489,0.66,2.0
Timor-Leste,TLS,2018,0.689,0.502,0.675,2.0
Timor-Leste,TLS,2019,0.703,0.517,0.676,2.0
Timor-Leste,TLS,2020,0.679,0.492,0.667,2.0
Timor-Leste,TLS,2021,0.693,0.501,0.637,2.0
Timor-Leste,TLS,2022,0.709,0.516,0.754,2.0
Timor-Leste,TLS,2023,0.714,0.526,0.754,2.0
Timor-Leste,TLS,2024,0.734,0.545,0.754,2.0
Ecuador,ECU,1999,0.693,0.454,0.753,2.0
Ecuador,ECU,2000,0.689,0.445,0.753,2.0
Ecuador,ECU,2001,0.689,0.445,0.753,2.0
Ecuador,ECU,2002,0.689,0.446,0.753,2.0
Ecuador,ECU,2003,0.698,0.454,0.753,2.0
Ecuador,ECU,2004,0.698,0.452,0.753,2.0
Ecuador,ECU,2005,0.698,0.454,0.753,2.0
Ecuador,ECU,2006,0.693,0.451,0.817,2.0
Ecuador,ECU,2007,0.671,0.407,0.806,2.0
Ecuador,ECU,2008,0.634,0.343,0.804,2.0
Ecuador,ECU,2009,0.613,0.329,0.71,2.0
Ecuador,ECU,2010,0.588,0.309,0.625,2.0
Ecuador,ECU,2011,0.581,0.304,0.606,2.0
Ecuador,ECU,2012,0.586,0.306,0.606,2.0
Ecuador,ECU,2013,0.538,0.265,0.548,2.0
Ecuador,ECU,2014,0.534,0.262,0.548,2.0
Ecuador,ECU,2015,0.533,0.263,0.548,2.0
Ecuador,ECU,2016,0.54,0.264,0.548,2.0
Ecuador,ECU,2017,0.552,0.338,0.574,2.0
Ecuador,ECU,2018,0.641,0.458,0.646,2.0
Ecuador,ECU,2019,0.617,0.446,0.62,2.0
Ecuador,ECU,2020,0.626,0.481,0.684,2.0
Ecuador,ECU,2021,0.625,0.454,0.655,2.0
Ecuador,ECU,2022,0.661,0.504,0.708,2.0
Ecuador,ECU,2023,0.641,0.463,0.763,2.0
Ecuador,ECU,2024,0.641,0.443,0.735,2.0
France,FRA,1999,0.873,0.798,0.915,3.0
France,FRA,2000,0.873,0.798,0.915,3.0
France,FRA,2001,0.873,0.798,0.915,3.0
France,FRA,2002,0.874,0.801,0.915,3.0
France,FRA,2003,0.874,0.802,0.915,3.0
France,FRA,2004,0.874,0.802,0.915,3.0
France,FRA,2005,0.874,0.802,0.915,3.0
France,FRA,2006,0.874,0.802,0.915,3.0
France,FRA,2007,0.877,0.807,0.915,3.0
France,FRA,2008,0.885,0.816,0.9,3.0
France,FRA,2009,0.885,0.816,0.9,3.0
France,FRA,2010,0.885,0.816,0.917,3.0
France,FRA,2011,0.887,0.818,0.917,3.0
France,FRA,2012,0.89,0.82,0.917,3.0
France,FRA,2013,0.89,0.822,0.917,3.0
France,FRA,2014,0.889,0.821,0.917,3.0
France,FRA,2015,0.883,0.812,0.901,3.0
France,FRA,2016,0.883,0.812,0.901,3.0
France,FRA,2017,0.886,0.817,0.897,3.0
France,FRA,2018,0.874,0.802,0.865,3.0
France,FRA,2019,0.866,0.793,0.888,3.0
France,FRA,2020,0.866,0.789,0.896,3.0
France,FRA,2021,0.868,0.789,0.905,3.0
France,FRA,2022,0.875,0.807,0.851,3.0
France,FRA,2023,0.871,0.807,0.869,3.0
France,FRA,2024,0.864,0.8,0.899,3.0
Germany,DEU,1999,0.899,0.86,0.98,3.0
Germany,DEU,2000,0.899,0.86,0.98,3.0
Germany,DEU,2001,0.899,0.86,0.98,3.0
Germany,DEU,2002,0.898,0.859,0.98,3.0
Germany,DEU,2003,0.896,0.857,0.98,3.0
Germany,DEU,2004,0.896,0.857,0.98,3.0
Germany,DEU,2005,0.896,0.859,0.98,3.0
Germany,DEU,2006,0.902,0.864,0.98,3.0
Germany,DEU,2007,0.902,0.864,0.98,3.0
Germany,DEU,2008,0.902,0.864,0.98,3.0
Germany,DEU,2009,0.9,0.862,0.98,3.0
Germany,DEU,2010,0.898,0.862,0.98,3.0
Germany,DEU,2011,0.9,0.864,0.98,3.0
Germany,DEU,2012,0.899,0.863,0.98,3.0
Germany,DEU,2013,0.892,0.853,0.98,3.0
Germany,DEU,2014,0.885,0.845,0.98,3.0
Germany,DEU,2015,0.883,0.845,0.98,3.0
Germany,DEU,2016,0.888,0.848,0.98,3.0
Germany,DEU,2017,0.889,0.842,0.98,3.0
Germany,DEU,2018,0.881,0.834,0.98,3.0
Germany,DEU,2019,0.878,0.831,0.98,3.0
Germany,DEU,2020,0.87,0.821,0.98,3.0
Germany,DEU,2021,0.863,0.814,0.98,3.0
Germany,DEU,2022,0.855,0.806,0.98,3.0
Germany,DEU,2023,0.855,0.812,0.98,3.0
Germany,DEU,2024,0.825,0.778,0.979,3.0
Guatemala,GTM,1999,0.491,0.291,0.666,1.0
Guatemala,GTM,2000,0.542,0.362,0.657,2.0
Guatemala,GTM,2001,0.542,0.362,0.657,2.0
Guatemala,GTM,2002,0.542,0.362,0.657,2.0
Guatemala,GTM,2003,0.543,0.363,0.657,2.0
Guatemala,GTM,2004,0.552,0.372,0.657,2.0
Guatemala,GTM,2005,0.552,0.373,0.657,2.0
Guatemala,GTM,2006,0.552,0.374,0.657,2.0
Guatemala,GTM,2007,0.563,0.386,0.657,2.0
Guatemala,GTM,2008,0.582,0.395,0.657,2.0
Guatemala,GTM,2009,0.58,0.396,0.657,2.0
Guatemala,GTM,2010,0.583,0.397,0.657,2.0
Guatemala,GTM,2011,0.581,0.393,0.657,2.0
Guatemala,GTM,2012,0.576,0.391,0.657,2.0
Guatemala,GTM,2013,0.574,0.41,0.641,2.0
Guatemala,GTM,2014,0.572,0.412,0.641,2.0
Guatemala,GTM,2015,0.587,0.425,0.67,2.0
Guatemala,GTM,2016,0.626,0.451,0.67,2.0
Guatemala,GTM,2017,0.621,0.444,0.626,2.0
Guatemala,GTM,2018,0.602,0.415,0.492,2.0
Guatemala,GTM,2019,0.597,0.415,0.448,2.0
Guatemala,GTM,2020,0.589,0.402,0.513,2.0
Guatemala,GTM,2021,0.555,0.359,0.511,2.0
Guatemala,GTM,2022,0.509,0.314,0.382,2.0
Guatemala,GTM,2023,0.506,0.338,0.412,2.0
Guatemala,GTM,2024,0.609,0.492,0.674,2.0
Iran,IRN,1999,0.234,0.16,0.304,1.0
Iran,IRN,2000,0.233,0.162,0.232,1.0
Iran,IRN,2001,0.234,0.154,0.232,1.0
Iran,IRN,2002,0.232,0.153,0.232,1.0
Iran,IRN,2003,0.232,0.153,0.211,1.0
Iran,IRN,2004,0.207,0.143,0.213,1.0
Iran,IRN,2005,0.177,0.128,0.198,1.0
Iran,IRN,2006,0.173,0.126,0.144,1.0
Iran,IRN,2007,0.173,0.127,0.144,1.0
Iran,IRN,2008,0.167,0.125,0.144,1.0
Iran,IRN,2009,0.158,0.122,0.187,1.0
Iran,IRN,2010,0.144,0.117,0.138,1.0
Iran,IRN,2011,0.145,0.118,0.138,1.0
Iran,IRN,2012,0.158,0.121,0.161,1.0
Iran,IRN,2013,0.174,0.129,0.156,1.0
Iran,IRN,2014,0.183,0.131,0.163,1.0
Iran,IRN,2015,0.186,0.136,0.193,1.0
Iran,IRN,2016,0.186,0.137,0.177,1.0
Iran,IRN,2017,0.185,0.134,0.192,1.0
Iran,IRN,2018,0.182,0.131,0.17,1.0
Iran,IRN,2019,0.181,0.126,0.146,1.0
Iran,IRN,2020,0.165,0.119,0.143,1.0
Iran,IRN,2021,0.158,0.091,0.138,0.0
Iran,IRN,2022,0.148,0.078,0.123,0.0
Iran,IRN,2023,0.153,0.077,0.12,0.0
Iran,IRN,2024,0.166,0.088,0.143,1.0
Iraq,IRQ,1999,0.146,0.07,0.042,1.0
Iraq,IRQ,2000,0.145,0.069,0.042,0.0
Iraq,IRQ,2001,0.147,0.069,0.042,0.0
Iraq,IRQ,2002,0.147,0.095,0.07,0.0
Iraq,IRQ,2003,0.184,0.118,0.291,0.0
Iraq,IRQ,2004,0.21,0.107,0.585,0.0
Iraq,IRQ,2005,0.237,0.107,0.585,1.0
Iraq,IRQ,2006,0.397,0.233,0.577,1.0
Iraq,IRQ,2007,0.426,0.261,0.577,1.0
Iraq,IRQ,2008,0.426,0.261,0.604,1.0
Iraq,IRQ,2009,0.425,0.257,0.599,1.0
Iraq,IRQ,2010,0.414,0.251,0.657,1.0
Iraq,IRQ,2011,0.413,0.251,0.657,1.0
Iraq,IRQ,2012,0.41,0.25,0.677,1.0
Iraq,IRQ,2013,0.414,0.238,0.7,1.0
Iraq,IRQ,2014,0.403,0.237,0.668,1.0
Iraq,IRQ,2015,0.396,0.236,0.661,1.0
Iraq,IRQ,2016,0.39,0.238,0.689,1.0
Iraq,IRQ,2017,0.375,0.233,0.677,1.0
Iraq,IRQ,2018,0.398,0.238,0.734,1.0
Iraq,IRQ,2019,0.393,0.226,0.757,1.0
Iraq,IRQ,2020,0.376,0.212,0.689,1.0
Iraq,IRQ,2021,0.374,0.218,0.699,1.0
Iraq,IRQ,2022,0.385,0.204,0.676,1.0
Iraq,IRQ,2023,0.371,0.208,0.743,1.0
Iraq,IRQ,2024,0.361,0.21,0.697,1.0
Ireland,IRL,1999,0.88,0.804,0.944,3.0
Ireland,IRL,2000,0.885,0.809,0.944,3.0
Ireland,IRL,2001,0.885,0.809,0.944,3.0
Ireland,IRL,2002,0.883,0.807,0.944,3.0
Ireland,IRL,2003,0.882,0.806,0.944,3.0
Ireland,IRL,2004,0.882,0.806,0.944,3.0
Ireland,IRL,2005,0.882,0.806,0.944,3.0
Ireland,IRL,2006,0.882,0.806,0.944,3.0
Ireland,IRL,2007,0.891,0.815,0.944,3.0
Ireland,IRL,2008,0.896,0.82,0.944,3.0
Ireland,IRL,2009,0.896,0.82,0.939,3.0
Ireland,IRL,2010,0.896,0.82,0.939,3.0
Ireland,IRL,2011,0.896,0.821,0.939,3.0
Ireland,IRL,2012,0.897,0.822,0.939,3.0
Ireland,IRL,2013,0.895,0.823,0.95,3.0
Ireland,IRL,2014,0.895,0.824,0.95,3.0
Ireland,IRL,2015,0.895,0.825,0.951,3.0
Ireland,IRL,2016,0.886,0.815,0.951,3.0
Ireland,IRL,2017,0.887,0.821,0.951,3.0
Ireland,IRL,2018,0.89,0.821,0.941,3.0
Ireland,IRL,2019,0.887,0.822,0.91,3.0
Ireland,IRL,2020,0.891,0.824,0.956,3.0
Ireland,IRL,2021,0.898,0.833,0.954,3.0
Ireland,IRL,2022,0.892,0.827,0.954,3.0
Ireland,IRL,2023,0.894,0.829,0.954,3.0
Ireland,IRL,2024,0.895,0.83,0.954,3.0
Italy,ITA,1999,0.843,0.758,0.942,3.0
Italy,ITA,2000,0.84,0.756,0.942,3.0
Italy,ITA,2001,0.833,0.746,0.917,3.0
Italy,ITA,2002,0.837,0.751,0.917,3.0
Italy,ITA,2003,0.837,0.753,0.917,3.0
Italy,ITA,2004,0.837,0.753,0.917,3.0
Italy,ITA,2005,0.846,0.761,0.917,3.0
Italy,ITA,2006,0.852,0.775,0.928,3.0
Italy,ITA,2007,0.861,0.782,0.928,3.0
Italy,ITA,2008,0.855,0.768,0.931,3.0
Italy,ITA,2009,0.857,0.775,0.929,3.0
Italy,ITA,2010,0.856,0.775,0.928,3.0
Italy,ITA,2011,0.862,0.786,0.925,3.0
Italy,ITA,2012,0.869,0.793,0.924,3.0
Italy,ITA,2013,0.864,0.786,0.916,3.0
Italy,ITA,2014,0.865,0.786,0.911,3.0
Italy,ITA,2015,0.865,0.786,0.911,3.0
Italy,ITA,2016,0.869,0.791,0.911,3.0
Italy,ITA,2017,0.87,0.797,0.912,3.0
Italy,ITA,2018,0.864,0.787,0.855,3.0
Italy,ITA,2019,0.854,0.777,0.893,3.0
Italy,ITA,2020,0.857,0.774,0.902,3.0
Italy,ITA,2021,0.857,0.774,0.901,3.0
Italy,ITA,2022,0.842,0.763,0.891,3.0
Italy,ITA,2023,0.806,0.727,0.891,3.0
Italy,ITA,2024,0.784,0.687,0.882,3.0
Jordan,JOR,1999,0.222,0.196,0.43,0.0
Jordan,JOR,2000,0.186,0.132,0.43,0.0
Jordan,JOR,2001,0.185,0.131,0.43,0.0
Jordan,JOR,2002,0.185,0.131,0.43,0.0
Jordan,JOR,2003,0.208,0.152,0.43,0.0
Jordan,JOR,2004,0.228,0.202,0.43,0.0
Jordan,JOR,2005,0.228,0.203,0.43,0.0
Jordan,JOR,2006,0.229,0.204,0.501,0.0
Jordan,JOR,2007,0.229,0.204,0.501,0.0
Jordan,JOR,2008,0.232,0.205,0.501,0.0
Jordan,JOR,2009,0.233,0.205,0.501,0.0
Jordan,JOR,2010,0.239,0.21,0.501,0.0
Jordan,JOR,2011,0.247,0.215,0.519,0.0
Jordan,JOR,2012,0.246,0.217,0.606,0.0
Jordan,JOR,2013,0.255,0.22,0.599,0.0
Jordan,JOR,2014,0.255,0.221,0.61,0.0
Jordan,JOR,2015,0.255,0.221,0.646,0.0
Jordan,JOR,2016,0.239,0.195,0.646,0.0
Jordan,JOR,2017,0.263,0.23,0.646,0.0
Jordan,JOR,2018,0.261,0.242,0.617,0.0
Jordan,JOR,2019,0.26,0.24,0.617,0.0
Jordan,JOR,2020,0.258,0.24,0.637,0.0
Jordan,JOR,2021,0.257,0.249,0.637,0.0
Jordan,JOR,2022,0.256,0.244,0.619,0.0
Jordan,JOR,2023,0.252,0.25,0.626,0.0
Jordan,JOR,2024,0.274,0.27,0.646,0.0
Latvia,LVA,1999,0.816,0.701,0.742,2.0
Latvia,LVA,2000,0.816,0.702,0.742,2.0
Latvia,LVA,2001,0.816,0.702,0.742,2.0
Latvia,LVA,2002,0.815,0.705,0.742,2.0
Latvia,LVA,2003,0.822,0.714,0.742,2.0
Latvia,LVA,2004,0.822,0.715,0.795,2.0
Latvia,LVA,2005,0.822,0.71,0.762,2.0
Latvia,LVA,2006,0.814,0.703,0.755,2.0
Latvia,LVA,2007,0.793,0.685,0.755,2.0
Latvia,LVA,2008,0.792,0.686,0.785,2.0
Latvia,LVA,2009,0.793,0.694,0.808,3.0
Latvia,LVA,2010,0.798,0.704,0.798,3.0
Latvia,LVA,2011,0.816,0.723,0.805,3.0
Latvia,LVA,2012,0.82,0.728,0.805,3.0
Latvia,LVA,2013,0.83,0.743,0.824,2.0
Latvia,LVA,2014,0.832,0.748,0.832,3.0
Latvia,LVA,2015,0.838,0.754,0.832,3.0
Latvia,LVA,2016,0.84,0.748,0.801,2.0
Latvia,LVA,2017,0.833,0.744,0.81,3.0
Latvia,LVA,2018,0.832,0.745,0.81,3.0
Latvia,LVA,2019,0.826,0.741,0.804,3.0
Latvia,LVA,2020,0.822,0.737,0.871,3.0
Latvia,LVA,2021,0.831,0.74,0.866,3.0
Latvia,LVA,2022,0.829,0.74,0.88,3.0
Latvia,LVA,2023,0.846,0.762,0.904,3.0
Latvia,LVA,2024,0.834,0.759,0.882,3.0
Lesotho,LSO,1999,0.315,0.26,0.705,0.0
Lesotho,LSO,2000,0.315,0.259,0.705,0.0
Lesotho,LSO,2001,0.315,0.259,0.705,0.0
Lesotho,LSO,2002,0.496,0.377,0.705,1.0
Lesotho,LSO,2003,0.614,0.45,0.705,2.0
Lesotho,LSO,2004,0.614,0.449,0.705,2.0
Lesotho,LSO,2005,0.614,0.452,0.705,2.0
Lesotho,LSO,2006,0.614,0.451,0.705,2.0
Lesotho,LSO,2007,0.568,0.419,0.705,2.0
Lesotho,LSO,2008,0.561,0.415,0.705,2.0
Lesotho,LSO,2009,0.559,0.413,0.692,2.0
Lesotho,LSO,2010,0.566,0.425,0.69,2.0
Lesotho,LSO,2011,0.574,0.43,0.69,2.0
Lesotho,LSO,2012,0.582,0.453,0.69,2.0
Lesotho,LSO,2013,0.619,0.477,0.757,2.0
Lesotho,LSO,2014,0.621,0.48,0.757,2.0
Lesotho,LSO,2015,0.597,0.445,0.757,2.0
Lesotho,LSO,2016,0.576,0.424,0.757,2.0
Lesotho,LSO,2017,0.501,0.372,0.792,2.0
Lesotho,LSO,2018,0.601,0.441,0.805,2.0
Lesotho,LSO,2019,0.621,0.488,0.775,2.0
Lesotho,LSO,2020,0.627,0.505,0.785,2.0
Lesotho,LSO,2021,0.616,0.498,0.806,2.0
Lesotho,LSO,2022,0.648,0.509,0.806,2.0
Lesotho,LSO,2023,0.667,0.521,0.773,2.0
Lesotho,LSO,2024,0.652,0.507,0.742,2.0
Liberia,LBR,1999,0.346,0.159,0.587,1.0
Liberia,LBR,2000,0.346,0.161,0.587,1.0
Liberia,LBR,2001,0.343,0.16,0.587,1.0
Liberia,LBR,2002,0.343,0.158,0.587,1.0
Liberia,LBR,2003,0.303,0.149,0.587,1.0
Liberia,LBR,2004,0.239,0.244,0.826,0.0
Liberia,LBR,2005,0.276,0.267,0.886,1.0
Liberia,LBR,2006,0.643,0.498,0.922,2.0
Liberia,LBR,2007,0.655,0.506,0.922,2.0
Liberia,LBR,2008,0.655,0.506,0.922,2.0
Liberia,LBR,2009,0.657,0.507,0.922,2.0
Liberia,LBR,2010,0.649,0.489,0.922,2.0
Liberia,LBR,2011,0.646,0.487,0.922,2.0
Liberia,LBR,2012,0.64,0.482,0.922,2.0
Liberia,LBR,2013,0.618,0.456,0.928,2.0
Liberia,LBR,2014,0.611,0.45,0.928,2.0
Liberia,LBR,2015,0.611,0.451,0.928,2.0
Liberia,LBR,2016,0.615,0.452,0.928,2.0
Liberia,LBR,2017,0.62,0.459,0.919,2.0
Liberia,LBR,2018,0.621,0.425,0.924,2.0
Liberia,LBR,2019,0.623,0.412,0.899,2.0
Liberia,LBR,2020,0.633,0.419,0.899,2.0
Liberia,LBR,2021,0.616,0.408,0.899,2.0
Liberia,LBR,2022,0.618,0.409,0.899,2.0
Liberia,LBR,2023,0.624,0.421,0.899,2.0
Liberia,LBR,2024,0.61,0.398,0.899,2.0
Malawi,MWI,1999,0.512,0.401,0.761,2.0
Malawi,MWI,2000,0.478,0.379,0.731,1.0
Malawi,MWI,2001,0.478,0.386,0.731,1.0
Malawi,MWI,2002,0.478,0.387,0.731,1.0
Malawi,MWI,2003,0.478,0.387,0.731,1.0
Malawi,MWI,2004,0.459,0.377,0.745,1.0
Malawi,MWI,2005,0.443,0.367,0.782,1.0
Malawi,MWI,2006,0.439,0.364,0.8,1.0
Malawi,MWI,2007,0.442,0.365,0.79,1.0
Malawi,MWI,2008,0.443,0.367,0.803,1.0
Malawi,MWI,2009,0.5,0.4,0.797,1.0
Malawi,MWI,2010,0.514,0.406,0.8,2.0
Malawi,MWI,2011,0.521,0.41,0.777,2.0
Malawi,MWI,2012,0.536,0.424,0.796,2.0
Malawi,MWI,2013,0.56,0.439,0.804,2.0
Malawi,MWI,2014,0.547,0.437,0.795,2.0
Malawi,MWI,2015,0.54,0.444,0.799,2.0
Malawi,MWI,2016,0.538,0.442,0.78,2.0
Malawi,MWI,2017,0.546,0.457,0.818,2.0
Malawi,MWI,2018,0.528,0.442,0.808,2.0
Malawi,MWI,2019,0.48,0.413,0.836,1.0
Malawi,MWI,2020,0.534,0.462,0.885,2.0
Malawi,MWI,2021,0.603,0.522,0.883,2.0
Malawi,MWI,2022,0.611,0.512,0.86,2.0
Malawi,MWI,2023,0.571,0.479,0.854,2.0
Malawi,MWI,2024,0.563,0.472,0.89,2.0
Maldives,MDV,1999,0.158,0.057,0.506,0.0
Maldives,MDV,2000,0.161,0.057,0.506,0.0
Maldives,MDV,2001,0.162,0.058,0.506,0.0
Maldives,MDV,2002,0.163,0.055,0.506,0.0
Maldives,MDV,2003,0.171,0.057,0.608,0.0
Maldives,MDV,2004,0.175,0.061,0.608,0.0
Maldives,MDV,2005,0.283,0.117,0.596,0.0
Maldives,MDV,2006,0.303,0.126,0.619,0.0
Maldives,MDV,2007,0.308,0.128,0.619,0.0
Maldives,MDV,2008,0.459,0.246,0.748,1.0
Maldives,MDV,2009,0.609,0.404,0.715,2.0
Maldives,MDV,2010,0.599,0.395,0.734,2.0
Maldives,MDV,2011,0.6,0.392,0.721,2.0
Maldives,MDV,2012,0.543,0.333,0.692,2.0
Maldives,MDV,2013,0.453,0.238,0.563,1.0
Maldives,MDV,2014,0.407,0.209,0.536,1.0
Maldives,MDV,2015,0.38,0.187,0.442,1.0
Maldives,MDV,2016,0.365,0.182,0.403,1.0
Maldives,MDV,2017,0.353,0.178,0.434,1.0
Maldives,MDV,2018,0.391,0.196,0.441,1.0
Maldives,MDV,2019,0.57,0.41,0.573,2.0
Maldives,MDV,2020,0.581,0.429,0.567,2.0
Maldives,MDV,2021,0.582,0.424,0.593,2.0
Maldives,MDV,2022,0.586,0.436,0.631,2.0
Maldives,MDV,2023,0.596,0.453,0.631,2.0
Maldives,MDV,2024,0.577,0.435,0.644,2.0
Mongolia,MNG,1999,0.707,0.603,0.7,2.0
Mongolia,MNG,2000,0.674,0.552,0.716,2.0
Mongolia,MNG,2001,0.663,0.541,0.716,2.0
Mongolia,MNG,2002,0.671,0.551,0.716,2.0
Mongolia,MNG,2003,0.672,0.556,0.716,2.0
Mongolia,MNG,2004,0.67,0.555,0.715,2.0
Mongolia,MNG,2005,0.673,0.557,0.715,2.0
Mongolia,MNG,2006,0.685,0.566,0.715,2.0
Mongolia,MNG,2007,0.685,0.566,0.715,2.0
Mongolia,MNG,2008,0.653,0.539,0.746,2.0
Mongolia,MNG,2009,0.662,0.546,0.746,2.0
Mongolia,MNG,2010,0.679,0.565,0.761,2.0
Mongolia,MNG,2011,0.676,0.563,0.761,2.0
Mongolia,MNG,2012,0.683,0.566,0.741,2.0
Mongolia,MNG,2013,0.684,0.557,0.771,2.0
Mongolia,MNG,2014,0.686,0.556,0.771,2.0
Mongolia,MNG,2015,0.681,0.556,0.786,2.0
Mongolia,MNG,2016,0.671,0.548,0.786,2.0
Mongolia,MNG,2017,0.661,0.544,0.732,2.0
Mongolia,MNG,2018,0.653,0.536,0.713,2.0
Mongolia,MNG,2019,0.653,0.54,0.686,2.0
Mongolia,MNG,2020,0.629,0.523,0.668,2.0
Mongolia,MNG,2021,0.609,0.495,0.645,2.0
Mongolia,MNG,2022,0.573,0.462,0.575,2.0
Mongolia,MNG,2023,0.534,0.412,0.562,2.0
Mongolia,MNG,2024,0.498,0.385,0.556,1.0
Morocco,MAR,1999,0.213,0.198,0.463,0.0
Morocco,MAR,2000,0.237,0.213,0.573,0.0
Morocco,MAR,2001,0.239,0.22,0.604,0.0
Morocco,MAR,2002,0.243,0.221,0.604,0.0
Morocco,MAR,2003,0.253,0.221,0.604,0.0
Morocco,MAR,2004,0.253,0.221,0.604,0.0
Morocco,MAR,2005,0.258,0.227,0.693,0.0
Morocco,MAR,2006,0.255,0.226,0.693,0.0
Morocco,MAR,2007,0.258,0.227,0.667,0.0
Morocco,MAR,2008,0.252,0.224,0.727,0.0
Morocco,MAR,2009,0.254,0.223,0.732,0.0
Morocco,MAR,2010,0.256,0.231,0.732,0.0
Morocco,MAR,2011,0.262,0.234,0.768,0.0
Morocco,MAR,2012,0.265,0.235,0.789,0.0
Morocco,MAR,2013,0.269,0.23,0.743,0.0
Morocco,MAR,2014,0.27,0.23,0.756,0.0
Morocco,MAR,2015,0.264,0.23,0.747,0.0
Morocco,MAR,2016,0.266,0.231,0.747,0.0
Morocco,MAR,2017,0.259,0.241,0.658,0.0
Morocco,MAR,2018,0.262,0.243,0.676,0.0
Morocco,MAR,2019,0.257,0.244,0.676,0.0
Morocco,MAR,2020,0.257,0.238,0.676,0.0
Morocco,MAR,2021,0.261,0.24,0.651,0.0
Morocco,MAR,2022,0.262,0.252,0.651,0.0
Morocco,MAR,2023,0.262,0.252,0.651,0.0
Morocco,MAR,2024,0.261,0.252,0.651,0.0
Netherlands,NLD,1999,0.866,0.817,0.889,3.0
Netherlands,NLD,2000,0.856,0.808,0.889,3.0
Netherlands,NLD,2001,0.856,0.808,0.889,3.0
Netherlands,NLD,2002,0.851,0.803,0.853,3.0
Netherlands,NLD,2003,0.86,0.813,0.853,3.0
Netherlands,NLD,2004,0.86,0.813,0.853,3.0
Netherlands,NLD,2005,0.86,0.813,0.853,3.0
Netherlands,NLD,2006,0.865,0.817,0.853,3.0
Netherlands,NLD,2007,0.872,0.823,0.896,3.0
Netherlands,NLD,2008,0.872,0.823,0.896,3.0
Netherlands,NLD,2009,0.872,0.823,0.896,3.0
Netherlands,NLD,2010,0.874,0.828,0.854,3.0
Netherlands,NLD,2011,0.874,0.827,0.854,3.0
Netherlands,NLD,2012,0.872,0.825,0.891,3.0
Netherlands,NLD,2013,0.878,0.83,0.88,3.0
Netherlands,NLD,2014,0.879,0.831,0.88,3.0
Netherlands,NLD,2015,0.879,0.831,0.88,3.0
Netherlands,NLD,2016,0.879,0.831,0.88,3.0
Netherlands,NLD,2017,0.878,0.833,0.88,3.0
Netherlands,NLD,2018,0.876,0.83,0.862,3.0
Netherlands,NLD,2019,0.866,0.819,0.889,3.0
Netherlands,NLD,2020,0.864,0.813,0.889,3.0
Netherlands,NLD,2021,0.864,0.812,0.889,3.0
Netherlands,NLD,2022,0.852,0.798,0.889,3.0
Netherlands,NLD,2023,0.847,0.791,0.913,3.0
Netherlands,NLD,2024,0.823,0.766,0.869,3.0
Panama,PAN,1999,0.698,0.524,0.667,2.0
Panama,PAN,2000,0.73,0.549,0.667,2.0
Panama,PAN,2001,0.738,0.558,0.667,2.0
Panama,PAN,2002,0.738,0.558,0.667,2.0
Panama,PAN,2003,0.738,0.558,0.667,2.0
Panama,PAN,2004,0.737,0.561,0.667,2.0
Panama,PAN,2005,0.736,0.547,0.667,2.0
Panama,PAN,2006,0.736,0.547,0.667,2.0
Panama,PAN,2007,0.736,0.547,0.667,2.0
Panama,PAN,2008,0.736,0.547,0.667,2.0
Panama,PAN,2009,0.739,0.549,0.643,2.0
Panama,PAN,2010,0.746,0.554,0.643,2.0
Panama,PAN,2011,0.746,0.554,0.643,2.0
Panama,PAN,2012,0.746,0.554,0.643,2.0
Panama,PAN,2013,0.748,0.547,0.646,2.0
Panama,PAN,2014,0.744,0.544,0.646,2.0
Panama,PAN,2015,0.755,0.553,0.646,2.0
Panama,PAN,2016,0.753,0.55,0.646,2.0
Panama,PAN,2017,0.736,0.553,0.669,2.0
Panama,PAN,2018,0.732,0.539,0.593,2.0
Panama,PAN,2019,0.731,0.535,0.557,2.0
Panama,PAN,2020,0.721,0.533,0.59,2.0
Panama,PAN,2021,0.735,0.544,0.557,2.0
Panama,PAN,2022,0.725,0.559,0.589,2.0
Panama,PAN,2023,0.722,0.557,0.611,2.0
Panama,PAN,2024,0.728,0.578,0.611,2.0
Papua New Guinea,PNG,1999,0.538,0.415,0.635,2.0
Papua New Guinea,PNG,2000,0.538,0.415,0.635,2.0
Papua New Guinea,PNG,2001,0.538,0.415,0.635,2.0
Papua New Guinea,PNG,2002,0.54,0.415,0.635,2.0
Papua New Guinea,PNG,2003,0.541,0.416,0.635,2.0
Papua New Guinea,PNG,2004,0.537,0.413,0.635,2.0
Papua New Guinea,PNG,2005,0.537,0.413,0.635,2.0
Papua New Guinea,PNG,2006,0.544,0.417,0.635,2.0
Papua New Guinea,PNG,2007,0.511,0.396,0.635,2.0
Papua New Guinea,PNG,2008,0.478,0.376,0.635,1.0
Papua New Guinea,PNG,2009,0.478,0.376,0.635,1.0
Papua New Guinea,PNG,2010,0.475,0.37,0.635,1.0
Papua New Guinea,PNG,2011,0.472,0.366,0.635,1.0
Papua New Guinea,PNG,2012,0.46,0.354,0.626,1.0
Papua New Guinea,PNG,2013,0.448,0.348,0.626,1.0
Papua New Guinea,PNG,2014,0.447,0.346,0.626,1.0
Papua New Guinea,PNG,2015,0.444,0.345,0.604,1.0
Papua New Guinea,PNG,2016,0.445,0.346,0.604,1.0
Papua New Guinea,PNG,2017,0.447,0.344,0.604,1.0
Papua New Guinea,PNG,2018,0.457,0.351,0.604,1.0
Papua New Guinea,PNG,2019,0.462,0.352,0.604,1.0
Papua New Guinea,PNG,2020,0.455,0.359,0.604,1.0
Papua New Guinea,PNG,2021,0.455,0.355,0.604,1.0
Papua New Guinea,PNG,2022,0.467,0.369,0.604,1.0
Papua New Guinea,PNG,2023,0.466,0.372,0.604,1.0
Papua New Guinea,PNG,2024,0.462,0.38,0.604,1.0
Qatar,QAT,1999,0.017,0.088,0.153,0.0
Qatar,QAT,2000,0.019,0.091,0.162,0.0
Qatar,QAT,2001,0.019,0.09,0.162,0.0
Qatar,QAT,2002,0.019,0.09,0.162,0.0
Qatar,QAT,2003,0.041,0.095,0.162,0.0
Qatar,QAT,2004,0.041,0.096,0.162,0.0
Qatar,QAT,2005,0.041,0.097,0.162,0.0
Qatar,QAT,2006,0.041,0.096,0.162,0.0
Qatar,QAT,2007,0.041,0.097,0.162,0.0
Qatar,QAT,2008,0.041,0.097,0.162,0.0
Qatar,QAT,2009,0.041,0.097,0.162,0.0
Qatar,QAT,2010,0.041,0.095,0.197,0.0
Qatar,QAT,2011,0.041,0.096,0.174,0.0
Qatar,QAT,2012,0.042,0.096,0.174,0.0
Qatar,QAT,2013,0.042,0.089,0.143,0.0
Qatar,QAT,2014,0.042,0.088,0.151,0.0
Qatar,QAT,2015,0.041,0.089,0.151,0.0
Qatar,QAT,2016,0.04,0.089,0.157,0.0
Qatar,QAT,2017,0.041,0.085,0.137,0.0
Qatar,QAT,2018,0.042,0.088,0.136,0.0
Qatar,QAT,2019,0.04,0.082,0.183,0.0
Qatar,QAT,2020,0.038,0.083,0.135,0.0
Qatar,QAT,2021,0.089,0.081,0.134,0.0
Qatar,QAT,2022,0.086,0.081,0.117,0.0
Qatar,QAT,2023,0.087,0.083,0.108,0.0
Qatar,QAT,2024,0.087,0.095,0.181,0.0
Sierra Leone,SLE,1999,0.23,0.081,0.686,0.0
Sierra Leone,SLE,2000,0.232,0.088,0.686,0.0
Sierra Leone,SLE,2001,0.232,0.088,0.686,0.0
Sierra Leone,SLE,2002,0.43,0.261,0.907,1.0
Sierra Leone,SLE,2003,0.56,0.362,0.907,2.0
Sierra Leone,SLE,2004,0.557,0.36,0.912,2.0
Sierra Leone,SLE,2005,0.557,0.353,0.912,2.0
Sierra Leone,SLE,2006,0.557,0.35,0.912,2.0
Sierra Leone,SLE,2007,0.539,0.346,0.912,2.0
Sierra Leone,SLE,2008,0.517,0.325,0.917,2.0
Sierra Leone,SLE,2009,0.514,0.324,0.917,2.0
Sierra Leone,SLE,2010,0.514,0.328,0.917,2.0
Sierra Leone,SLE,2011,0.514,0.328,0.917,2.0
Sierra Leone,SLE,2012,0.508,0.324,0.917,2.0
Sierra Leone,SLE,2013,0.514,0.318,0.901,2.0
Sierra Leone,SLE,2014,0.514,0.318,0.901,2.0
Sierra Leone,SLE,2015,0.514,0.318,0.901,2.0
Sierra Leone,SLE,2016,0.514,0.314,0.901,2.0
Sierra Leone,SLE,2017,0.52,0.346,0.918,2.0
Sierra Leone,SLE,2018,0.548,0.38,0.94,2.0
Sierra Leone,SLE,2019,0.554,0.392,0.94,2.0
Sierra Leone,SLE,2020,0.561,0.426,0.94,2.0
Sierra Leone,SLE,2021,0.562,0.436,0.94,2.0
Sierra Leone,SLE,2022,0.57,0.439,0.918,2.0
Sierra Leone,SLE,2023,0.512,0.391,0.912,1.0
Sierra Leone,SLE,2024,0.471,0.363,0.902,1.0
Spain,ESP,1999,0.894,0.82,0.854,3.0
Spain,ESP,2000,0.893,0.817,0.854,3.0
Spain,ESP,2001,0.893,0.817,0.854,3.0
Spain,ESP,2002,0.893,0.817,0.854,3.0
Spain,ESP,2003,0.875,0.796,0.854,3.0
Spain,ESP,2004,0.875,0.808,0.854,3.0
Spain,ESP,2005,0.879,0.811,0.854,3.0
Spain,ESP,2006,0.879,0.812,0.854,3.0
Spain,ESP,2007,0.876,0.808,0.854,3.0
Spain,ESP,2008,0.886,0.819,0.854,3.0
Spain,ESP,2009,0.888,0.821,0.862,3.0
Spain,ESP,2010,0.892,0.825,0.863,3.0
Spain,ESP,2011,0.893,0.821,0.863,3.0
Spain,ESP,2012,0.889,0.799,0.847,3.0
Spain,ESP,2013,0.875,0.778,0.844,3.0
Spain,ESP,2014,0.871,0.774,0.869,3.0
Spain,ESP,2015,0.856,0.759,0.863,3.0
Spain,ESP,2016,0.847,0.766,0.869,3.0
Spain,ESP,2017,0.835,0.757,0.855,3.0
Spain,ESP,2018,0.851,0.776,0.861,3.0
Spain,ESP,2019,0.871,0.804,0.882,3.0
Spain,ESP,2020,0.874,0.786,0.903,3.0
Spain,ESP,2021,0.85,0.775,0.896,3.0
Spain,ESP,2022,0.867,0.782,0.894,3.0
Spain,ESP,2023,0.846,0.759,0.893,3.0
Spain,ESP,2024,0.826,0.743,0.883,3.0
Syria,SYR,1999,0.144,0.038,0.068,1.0
Syria,SYR,2000,0.15,0.051,0.092,1.0
Syria,SYR,2001,0.152,0.051,0.092,1.0
Syria,SYR,2002,0.15,0.051,0.064,1.0
Syria,SYR,2003,0.15,0.05,0.091,1.0
Syria,SYR,2004,0.149,0.049,0.05,1.0
Syria,SYR,2005,0.148,0.05,0.05,1.0
Syria,SYR,2006,0.148,0.05,0.05,1.0
Syria,SYR,2007,0.145,0.05,0.05,1.0
Syria,SYR,2008,0.144,0.05,0.064,1.0
Syria,SYR,2009,0.144,0.05,0.064,1.0
Syria,SYR,2010,0.144,0.049,0.064,1.0
Syria,SYR,2011,0.144,0.038,0.098,1.0
Syria,SYR,2012,0.144,0.031,0.07,1.0
Syria,SYR,2013,0.136,0.024,0.07,0.0
Syria,SYR,2014,0.137,0.024,0.066,0.0
Syria,SYR,2015,0.136,0.025,0.061,0.0
Syria,SYR,2016,0.136,0.025,0.061,0.0
Syria,SYR,2017,0.137,0.025,0.06,0.0
Syria,SYR,2018,0.135,0.025,0.088,0.0
Syria,SYR,2019,0.136,0.026,0.102,0.0
Syria,SYR,2020,0.138,0.031,0.103,0.0
Syria,SYR,2021,0.136,0.033,0.109,0.0
Syria,SYR,2022,0.137,0.031,0.101,0.0
Syria,SYR,2023,0.145,0.044,0.097,0.0
Syria,SYR,2024,0.143,0.054,0.147,0.0
Tunisia,TUN,1999,0.188,0.091,0.337,1.0
Tunisia,TUN,2000,0.189,0.092,0.337,1.0
Tunisia,TUN,2001,0.189,0.092,0.337,1.0
Tunisia,TUN,2002,0.19,0.091,0.337,1.0
Tunisia,TUN,2003,0.19,0.091,0.337,1.0
Tunisia,TUN,2004,0.189,0.091,0.337,1.0
Tunisia,TUN,2005,0.191,0.092,0.337,1.0
Tunisia,TUN,2006,0.191,0.095,0.337,1.0
Tunisia,TUN,2007,0.191,0.095,0.337,1.0
Tunisia,TUN,2008,0.191,0.095,0.337,1.0
Tunisia,TUN,2009,0.191,0.095,0.337,1.0
Tunisia,TUN,2010,0.193,0.103,0.361,1.0
Tunisia,TUN,2011,0.328,0.247,0.813,1.0
Tunisia,TUN,2012,0.765,0.642,0.92,2.0
Tunisia,TUN,2013,0.761,0.635,0.933,2.0
Tunisia,TUN,2014,0.745,0.632,0.9,2.0
Tunisia,TUN,2015,0.727,0.629,0.88,2.0
Tunisia,TUN,2016,0.731,0.626,0.883,2.0
Tunisia,TUN,2017,0.725,0.632,0.882,2.0
Tunisia,TUN,2018,0.728,0.633,0.882,2.0
Tunisia,TUN,2019,0.725,0.632,0.882,2.0
Tunisia,TUN,2020,0.712,0.623,0.879,2.0
Tunisia,TUN,2021,0.535,0.464,0.786,2.0
Tunisia,TUN,2022,0.283,0.196,0.619,1.0
Tunisia,TUN,2023,0.432,0.283,0.525,1.0
Tunisia,TUN,2024,0.422,0.271,0.478,1.0
Türkiye,TUR,1999,0.57,0.413,0.478,2.0
Türkiye,TUR,2000,0.586,0.425,0.497,2.0
Türkiye,TUR,2001,0.591,0.431,0.548,2.0
Türkiye,TUR,2002,0.636,0.487,0.63,2.0
Türkiye,TUR,2003,0.651,0.498,0.636,2.0
Türkiye,TUR,2004,0.657,0.502,0.636,2.0
Türkiye,TUR,2005,0.643,0.484,0.636,2.0
Türkiye,TUR,2006,0.643,0.483,0.636,2.0
Türkiye,TUR,2007,0.616,0.461,0.649,2.0
Türkiye,TUR,2008,0.554,0.411,0.628,2.0
Türkiye,TUR,2009,0.545,0.403,0.649,2.0
Türkiye,TUR,2010,0.525,0.36,0.615,2.0
Türkiye,TUR,2011,0.522,0.354,0.615,2.0
Türkiye,TUR,2012,0.508,0.346,0.615,2.0
Türkiye,TUR,2013,0.469,0.289,0.531,1.0
Türkiye,TUR,2014,0.426,0.252,0.531,1.0
Türkiye,TUR,2015,0.388,0.23,0.526,1.0
Türkiye,TUR,2016,0.308,0.143,0.357,1.0
Türkiye,TUR,2017,0.29,0.101,0.325,1.0
Türkiye,TUR,2018,0.295,0.104,0.325,1.0
Türkiye,TUR,2019,0.289,0.107,0.398,1.0
Türkiye,TUR,2020,0.292,0.115,0.398,1.0
Türkiye,TUR,2021,0.287,0.113,0.389,1.0
Türkiye,TUR,2022,0.285,0.11,0.357,1.0
Türkiye,TUR,2023,0.285,0.108,0.364,1.0
Türkiye,TUR,2024,0.289,0.109,0.364,1.0
Ukraine,UKR,1999,0.422,0.245,0.442,1.0
Ukraine,UKR,2000,0.389,0.229,0.467,1.0
Ukraine,UKR,2001,0.384,0.233,0.467,1.0
Ukraine,UKR,2002,0.394,0.245,0.467,1.0
Ukraine,UKR,2003,0.392,0.262,0.467,1.0
Ukraine,UKR,2004,0.383,0.271,0.467,1.0
Ukraine,UKR,2005,0.448,0.285,0.639,1.0
Ukraine,UKR,2006,0.574,0.376,0.6,2.0
Ukraine,UKR,2007,0.607,0.4,0.6,2.0
Ukraine,UKR,2008,0.608,0.394,0.614,2.0
Ukraine,UKR,2009,0.604,0.394,0.614,2.0
Ukraine,UKR,2010,0.484,0.264,0.505,1.0
Ukraine,UKR,2011,0.483,0.264,0.481,1.0
Ukraine,UKR,2012,0.479,0.26,0.481,1.0
Ukraine,UKR,2013,0.459,0.251,0.555,1.0
Ukraine,UKR,2014,0.417,0.215,0.789,1.0
Ukraine,UKR,2015,0.42,0.228,0.866,1.0
Ukraine,UKR,2016,0.433,0.24,0.784,1.0
Ukraine,UKR,2017,0.43,0.24,0.718,1.0
Ukraine,UKR,2018,0.43,0.244,0.698,1.0
Ukraine,UKR,2019,0.528,0.318,0.718,2.0
Ukraine,UKR,2020,0.552,0.325,0.786,2.0
Ukraine,UKR,2021,0.537,0.323,0.738,2.0
Ukraine,UKR,2022,0.392,0.235,0.746,1.0
Ukraine,UKR,2023,0.39,0.239,0.753,1.0
Ukraine,UKR,2024,0.387,0.23,0.762,1.0
United Kingdom,GBR,1999,0.835,0.77,0.956,3.0
United Kingdom,GBR,2000,0.848,0.785,0.956,3.0
United Kingdom,GBR,2001,0.856,0.792,0.956,3.0
United Kingdom,GBR,2002,0.857,0.793,0.956,3.0
United Kingdom,GBR,2003,0.857,0.793,0.956,3.0
United Kingdom,GBR,2004,0.857,0.793,0.956,3.0
United Kingdom,GBR,2005,0.863,0.8,0.956,3.0
United Kingdom,GBR,2006,0.87,0.807,0.949,3.0
United Kingdom,GBR,2007,0.87,0.807,0.949,3.0
United Kingdom,GBR,2008,0.87,0.807,0.949,3.0
United Kingdom,GBR,2009,0.87,0.807,0.949,3.0
United Kingdom,GBR,2010,0.866,0.802,0.949,3.0
United Kingdom,GBR,2011,0.865,0.801,0.949,3.0
United Kingdom,GBR,2012,0.868,0.804,0.952,3.0
United Kingdom,GBR,2013,0.864,0.796,0.955,3.0
United Kingdom,GBR,2014,0.861,0.794,0.955,3.0
United Kingdom,GBR,2015,0.855,0.788,0.955,3.0
United Kingdom,GBR,2016,0.854,0.787,0.955,3.0
United Kingdom,GBR,2017,0.865,0.801,0.955,3.0
United Kingdom,GBR,2018,0.875,0.811,0.952,3.0
United Kingdom,GBR,2019,0.854,0.787,0.941,3.0
United Kingdom,GBR,2020,0.871,0.8,0.95,3.0
United Kingdom,GBR,2021,0.857,0.781,0.939,3.0
United Kingdom,GBR,2022,0.844,0.768,0.946,3.0
United Kingdom,GBR,2023,0.852,0.771,0.912,3.0
United Kingdom,GBR,2024,0.832,0.75,0.889,2.0
Uruguay,URY,1999,0.875,0.802,0.89,3.0
Uruguay,URY,2000,0.873,0.797,0.89,3.0
Uruguay,URY,2001,0.873,0.802,0.89,3.0
Uruguay,URY,2002,0.873,0.802,0.89,3.0
Uruguay,URY,2003,0.873,0.79,0.89,3.0
Uruguay,URY,2004,0.874,0.808,0.89,3.0
Uruguay,URY,2005,0.89,0.819,0.89,3.0
Uruguay,URY,2006,0.892,0.823,0.89,3.0
Uruguay,URY,2007,0.892,0.823,0.89,3.0
Uruguay,URY,2008,0.892,0.822,0.89,3.0
Uruguay,URY,2009,0.894,0.825,0.89,3.0
Uruguay,URY,2010,0.912,0.847,0.899,3.0
Uruguay,URY,2011,0.912,0.847,0.899,3.0
Uruguay,URY,2012,0.912,0.847,0.899,3.0
Uruguay,URY,2013,0.91,0.843,0.899,3.0
Uruguay,URY,2014,0.909,0.843,0.899,3.0
Uruguay,URY,2015,0.897,0.832,0.875,3.0
Uruguay,URY,2016,0.897,0.832,0.875,3.0
Uruguay,URY,2017,0.89,0.828,0.875,3.0
Uruguay,URY,2018,0.896,0.836,0.876,3.0
Uruguay,URY,2019,0.896,0.836,0.876,3.0
Uruguay,URY,2020,0.867,0.808,0.867,3.0
Uruguay,URY,2021,0.852,0.789,0.825,3.0
Uruguay,URY,2022,0.818,0.747,0.852,3.0
Uruguay,URY,2023,0.833,0.756,0.845,3.0
Uruguay,URY,2024,0.846,0.768,0.845,3.0
Algeria,DZA,1999,0.328,0.161,0.273,1.0
Algeria,DZA,2000,0.326,0.161,0.327,1.0
Algeria,DZA,2001,0.326,0.161,0.327,1.0
Algeria,DZA,2002,0.326,0.161,0.327,1.0
Algeria,DZA,2003,0.331,0.163,0.327,1.0
Algeria,DZA,2004,0.333,0.163,0.327,1.0
Algeria,DZA,2005,0.335,0.168,0.327,1.0
Algeria,DZA,2006,0.335,0.168,0.312,1.0
Algeria,DZA,2007,0.334,0.166,0.312,1.0
Algeria,DZA,2008,0.329,0.165,0.312,1.0
Algeria,DZA,2009,0.327,0.164,0.312,1.0
Algeria,DZA,2010,0.322,0.164,0.312,1.0
Algeria,DZA,2011,0.322,0.165,0.312,1.0
Algeria,DZA,2012,0.324,0.167,0.332,1.0
Algeria,DZA,2013,0.327,0.171,0.366,1.0
Algeria,DZA,2014,0.324,0.173,0.354,1.0
Algeria,DZA,2015,0.331,0.175,0.354,1.0
Algeria,DZA,2016,0.308,0.165,0.345,1.0
Algeria,DZA,2017,0.309,0.16,0.31,1.0
Algeria,DZA,2018,0.305,0.161,0.399,1.0
Algeria,DZA,2019,0.293,0.153,0.348,1.0
Algeria,DZA,2020,0.279,0.152,0.347,1.0
Algeria,DZA,2021,0.282,0.139,0.319,1.0
Algeria,DZA,2022,0.269,0.126,0.307,1.0
Algeria,DZA,2023,0.265,0.123,0.307,1.0
Algeria,DZA,2024,0.26,0.123,0.302,1.0
Angola,AGO,1999,0.155,0.076,0.463,0.0
Angola,AGO,2000,0.155,0.077,0.463,0.0
Angola,AGO,2001,0.155,0.079,0.463,0.0
Angola,AGO,2002,0.159,0.079,0.333,0.0
Angola,AGO,2003,0.166,0.083,0.324,0.0
Angola,AGO,2004,0.165,0.085,0.324,0.0
Angola,AGO,2005,0.168,0.086,0.324,0.0
Angola,AGO,2006,0.168,0.086,0.324,0.0
Angola,AGO,2007,0.168,0.088,0.326,0.0
Angola,AGO,2008,0.181,0.092,0.326,0.0
Angola,AGO,2009,0.209,0.1,0.333,0.0
Angola,AGO,2010,0.211,0.098,0.333,1.0
Angola,AGO,2011,0.295,0.121,0.333,1.0
Angola,AGO,2012,0.294,0.121,0.349,1.0
Angola,AGO,2013,0.29,0.122,0.21,1.0
Angola,AGO,2014,0.29,0.122,0.21,1.0
Angola,AGO,2015,0.29,0.122,0.21,1.0
Angola,AGO,2016,0.29,0.123,0.228,1.0
Angola,AGO,2017,0.307,0.139,0.245,1.0
Angola,AGO,2018,0.35,0.161,0.346,1.0
Angola,AGO,2019,0.347,0.162,0.346,1.0
Angola,AGO,2020,0.336,0.16,0.367,1.0
Angola,AGO,2021,0.325,0.151,0.289,1.0
Angola,AGO,2022,0.326,0.153,0.447,1.0
Angola,AGO,2023,0.329,0.154,0.447,1.0
Angola,AGO,2024,0.342,0.161,0.417,1.0
Armenia,ARM,1999,0.413,0.211,0.468,1.0
Armenia,ARM,2000,0.416,0.21,0.468,1.0
Armenia,ARM,2001,0.415,0.211,0.468,1.0
Armenia,ARM,2002,0.405,0.205,0.468,1.0
Armenia,ARM,2003,0.349,0.186,0.481,1.0
Armenia,ARM,2004,0.34,0.181,0.481,1.0
Armenia,ARM,2005,0.338,0.185,0.481,1.0
Armenia,ARM,2006,0.338,0.185,0.481,1.0
Armenia,ARM,2007,0.347,0.188,0.483,1.0
Armenia,ARM,2008,0.317,0.172,0.483,1.0
Armenia,ARM,2009,0.318,0.18,0.509,1.0
Armenia,ARM,2010,0.331,0.188,0.559,1.0
Armenia,ARM,2011,0.333,0.189,0.571,1.0
Armenia,ARM,2012,0.353,0.201,0.571,1.0
Armenia,ARM,2013,0.349,0.206,0.521,1.0
Armenia,ARM,2014,0.342,0.201,0.521,1.0
Armenia,ARM,2015,0.346,0.203,0.521,1.0
Armenia,ARM,2016,0.348,0.204,0.625,1.0
Armenia,ARM,2017,0.381,0.219,0.661,1.0
Armenia,ARM,2018,0.524,0.404,0.752,2.0
Armenia,ARM,2019,0.796,0.62,0.882,2.0
Armenia,ARM,2020,0.781,0.576,0.8,2.0
Armenia,ARM,2021,0.724,0.532,0.705,2.0
Armenia,ARM,2022,0.654,0.448,0.705,2.0
Armenia,ARM,2023,0.631,0.421,0.742,2.0
Armenia,ARM,2024,0.625,0.412,0.7,2.0
Azerbaijan,AZE,1999,0.239,0.079,0.249,1.0
Azerbaijan,AZE,2000,0.245,0.081,0.249,1.0
Azerbaijan,AZE,2001,0.242,0.08,0.249,1.0
Azerbaijan,AZE,2002,0.241,0.079,0.249,1.0
Azerbaijan,AZE,2003,0.238,0.076,0.249,1.0
Azerbaijan,AZE,2004,0.221,0.075,0.249,1.0
Azerbaijan,AZE,2005,0.221,0.074,0.249,1.0
Azerbaijan,AZE,2006,0.219,0.072,0.249,1.0
Azerbaijan,AZE,2007,0.216,0.071,0.249,1.0
Azerbaijan,AZE,2008,0.212,0.07,0.249,1.0
Azerbaijan,AZE,2009,0.212,0.07,0.228,1.0
Azerbaijan,AZE,2010,0.213,0.069,0.198,1.0
Azerbaijan,AZE,2011,0.209,0.068,0.198,1.0
Azerbaijan,AZE,2012,0.206,0.067,0.19,1.0
Azerbaijan,AZE,2013,0.202,0.067,0.2,1.0
Azerbaijan,AZE,2014,0.195,0.064,0.084,1.0
Azerbaijan,AZE,2015,0.193,0.063,0.084,1.0
Azerbaijan,AZE,2016,0.199,0.062,0.147,1.0
Azerbaijan,AZE,2017,0.202,0.067,0.17,1.0
Azerbaijan,AZE,2018,0.192,0.058,0.151,1.0
Azerbaijan,AZE,2019,0.195,0.063,0.183,1.0
Azerbaijan,AZE,2020,0.194,0.064,0.16,1.0
Azerbaijan,AZE,2021,0.193,0.066,0.161,1.0
Azerbaijan,AZE,2022,0.185,0.062,0.151,1.0
Azerbaijan,AZE,2023,0.185,0.062,0.127,1.0
Azerbaijan,AZE,2024,0.174,0.053,0.09,1.0
Belarus,BLR,1999,0.332,0.114,0.317,1.0
Belarus,BLR,2000,0.296,0.107,0.29,1.0
Belarus,BLR,2001,0.247,0.102,0.292,1.0
Belarus,BLR,2002,0.243,0.1,0.292,1.0
Belarus,BLR,2003,0.241,0.098,0.292,1.0
Belarus,BLR,2004,0.24,0.097,0.292,1.0
Belarus,BLR,2005,0.233,0.095,0.292,1.0
Belarus,BLR,2006,0.225,0.094,0.292,1.0
Belarus,BLR,2007,0.222,0.095,0.292,1.0
Belarus,BLR,2008,0.224,0.096,0.292,1.0
Belarus,BLR,2009,0.227,0.097,0.292,1.0
Belarus,BLR,2010,0.226,0.095,0.275,1.0
Belarus,BLR,2011,0.216,0.093,0.275,1.0
Belarus,BLR,2012,0.221,0.094,0.275,1.0
Belarus,BLR,2013,0.242,0.099,0.265,1.0
Belarus,BLR,2014,0.243,0.099,0.265,1.0
Belarus,BLR,2015,0.247,0.1,0.32,1.0
Belarus,BLR,2016,0.256,0.107,0.394,1.0
Belarus,BLR,2017,0.254,0.107,0.423,1.0
Belarus,BLR,2018,0.252,0.109,0.423,1.0
Belarus,BLR,2019,0.259,0.11,0.417,1.0
Belarus,BLR,2020,0.208,0.045,0.419,1.0
Belarus,BLR,2021,0.172,0.035,0.228,1.0
Belarus,BLR,2022,0.171,0.036,0.174,1.0
Belarus,BLR,2023,0.157,0.035,0.152,1.0
Belarus,BLR,2024,0.16,0.036,0.122,0.0
Cameroon,CMR,1999,0.292,0.147,0.513,1.0
Cameroon,CMR,2000,0.304,0.157,0.542,1.0
Cameroon,CMR,2001,0.304,0.156,0.542,1.0
Cameroon,CMR,2002,0.306,0.156,0.542,1.0
Cameroon,CMR,2003,0.309,0.157,0.542,1.0
Cameroon,CMR,2004,0.312,0.158,0.542,1.0
Cameroon,CMR,2005,0.315,0.155,0.542,1.0
Cameroon,CMR,2006,0.315,0.155,0.542,1.0
Cameroon,CMR,2007,0.314,0.153,0.542,1.0
Cameroon,CMR,2008,0.311,0.153,0.542,1.0
Cameroon,CMR,2009,0.311,0.154,0.568,1.0
Cameroon,CMR,2010,0.314,0.154,0.569,1.0
Cameroon,CMR,2011,0.317,0.155,0.607,1.0
Cameroon,CMR,2012,0.321,0.159,0.6,1.0
Cameroon,CMR,2013,0.319,0.15,0.613,1.0
Cameroon,CMR,2014,0.326,0.152,0.613,1.0
Cameroon,CMR,2015,0.324,0.152,0.613,1.0
Cameroon,CMR,2016,0.307,0.139,0.601,1.0
Cameroon,CMR,2017,0.298,0.131,0.576,1.0
Cameroon,CMR,2018,0.293,0.12,0.597,1.0
Cameroon,CMR,2019,0.28,0.116,0.592,1.0
Cameroon,CMR,2020,0.285,0.123,0.589,1.0
Cameroon,CMR,2021,0.282,0.121,0.604,1.0
Cameroon,CMR,2022,0.291,0.138,0.631,1.0
Cameroon,CMR,2023,0.279,0.122,0.578,1.0
Cameroon,CMR,2024,0.277,0.126,0.569,1.0
Chad,TCD,1999,0.279,0.097,0.451,1.0
Chad,TCD,2000,0.279,0.097,0.461,1.0
Chad,TCD,2001,0.276,0.096,0.461,1.0
Chad,TCD,2002,0.273,0.095,0.461,1.0
Chad,TCD,2003,0.273,0.095,0.461,1.0
Chad,TCD,2004,0.278,0.096,0.461,1.0
Chad,TCD,2005,0.274,0.096,0.461,1.0
Chad,TCD,2006,0.277,0.095,0.461,1.0
Chad,TCD,2007,0.274,0.094,0.461,1.0
Chad,TCD,2008,0.277,0.094,0.461,1.0
Chad,TCD,2009,0.278,0.097,0.461,1.0
Chad,TCD,2010,0.279,0.099,0.461,1.0
Chad,TCD,2011,0.281,0.099,0.461,1.0
Chad,TCD,2012,0.28,0.099,0.461,1.0
Chad,TCD,2013,0.277,0.093,0.464,1.0
Chad,TCD,2014,0.274,0.091,0.464,1.0
Chad,TCD,2015,0.279,0.091,0.464,1.0
Chad,TCD,2016,0.28,0.092,0.464,1.0
Chad,TCD,2017,0.265,0.084,0.551,1.0
Chad,TCD,2018,0.267,0.079,0.551,1.0
Chad,TCD,2019,0.27,0.088,0.551,1.0
Chad,TCD,2020,0.268,0.088,0.551,1.0
Chad,TCD,2021,0.177,0.054,0.551,1.0
Chad,TCD,2022,0.145,0.041,0.403,0.0
Chad,TCD,2023,0.148,0.051,0.403,0.0
Chad,TCD,2024,0.202,0.054,0.403,1.0
China,CHN,1999,0.102,0.07,0.314,0.0
China,CHN,2000,0.1,0.07,0.344,0.0
China,CHN,2001,0.102,0.071,0.344,0.0
China,CHN,2002,0.102,0.073,0.372,0.0
China,CHN,2003,0.103,0.074,0.482,0.0
China,CHN,2004,0.102,0.073,0.482,0.0
China,CHN,2005,0.094,0.057,0.449,0.0
China,CHN,2006,0.094,0.057,0.449,0.0
China,CHN,2007,0.095,0.057,0.449,0.0
China,CHN,2008,0.095,0.057,0.455,0.0
China,CHN,2009,0.094,0.057,0.455,0.0
China,CHN,2010,0.094,0.057,0.435,0.0
China,CHN,2011,0.094,0.056,0.435,0.0
China,CHN,2012,0.094,0.056,0.435,0.0
China,CHN,2013,0.086,0.053,0.389,0.0
China,CHN,2014,0.084,0.052,0.389,0.0
China,CHN,2015,0.082,0.052,0.354,0.0
China,CHN,2016,0.08,0.052,0.342,0.0
China,CHN,2017,0.078,0.052,0.346,0.0
China,CHN,2018,0.076,0.048,0.323,0.0
China,CHN,2019,0.075,0.047,0.32,0.0
China,CHN,2020,0.075,0.042,0.325,0.0
China,CHN,2021,0.077,0.044,0.307,0.0
China,CHN,2022,0.075,0.042,0.304,0.0
China,CHN,2023,0.074,0.037,0.257,0.0
China,CHN,2024,0.073,0.037,0.235,0.0
Democratic Republic of the Congo,COD,1999,0.149,0.043,0.561,0.0
Democratic Republic of the Congo,COD,2000,0.15,0.053,0.561,0.0
Democratic Republic of the Congo,COD,2001,0.156,0.055,0.561,0.0
Democratic Republic of the Congo,COD,2002,0.163,0.056,0.561,0.0
Democratic Republic of the Congo,COD,2003,0.18,0.085,0.561,0.0
Democratic Republic of the Congo,COD,2004,0.187,0.096,0.561,0.0
Democratic Republic of the Congo,COD,2005,0.197,0.098,0.561,0.0
Democratic Republic of the Congo,COD,2006,0.251,0.116,0.576,1.0
Democratic Republic of the Congo,COD,2007,0.355,0.149,0.571,1.0
Democratic Republic of the Congo,COD,2008,0.357,0.149,0.571,1.0
Democratic Republic of the Congo,COD,2009,0.36,0.153,0.6,1.0
Democratic Republic of the Congo,COD,2010,0.352,0.152,0.633,1.0
Democratic Republic of the Congo,COD,2011,0.347,0.15,0.633,1.0
Democratic Republic of the Congo,COD,2012,0.321,0.141,0.633,1.0
Democratic Republic of the Congo,COD,2013,0.319,0.124,0.601,1.0
Democratic Republic of the Congo,COD,2014,0.318,0.126,0.601,1.0
Democratic Republic of the Congo,COD,2015,0.316,0.122,0.601,1.0
Democratic Republic of the Congo,COD,2016,0.305,0.119,0.655,1.0
Democratic Republic of the Congo,COD,2017,0.304,0.11,0.653,1.0
Democratic Republic of the Congo,COD,2018,0.306,0.117,0.653,1.0
Democratic Republic of the Congo,COD,2019,0.344,0.141,0.671,1.0
Democratic Republic of the Congo,COD,2020,0.347,0.152,0.614,1.0
Democratic Republic of the Congo,COD,2021,0.342,0.14,0.509,1.0
Democratic Republic of the Congo,COD,2022,0.336,0.15,0.469,1.0
Democratic Republic of the Congo,COD,2023,0.333,0.123,0.472,1.0
Democratic Republic of the Congo,COD,2024,0.308,0.123,0.503,1.0
Republic of the Congo,COG,1999,0.165,0.075,0.439,0.0
Republic of the Congo,COG,2000,0.163,0.075,0.439,0.0
Republic of the Congo,COG,2001,0.16,0.075,0.439,0.0
Republic of the Congo,COG,2002,0.208,0.085,0.458,1.0
Republic of the Congo,COG,2003,0.257,0.097,0.437,1.0
Republic of the Congo,COG,2004,0.257,0.097,0.437,1.0
Republic of the Congo,COG,2005,0.257,0.097,0.437,1.0
Republic of the Congo,COG,2006,0.257,0.097,0.437,1.0
Republic of the Congo,COG,2007,0.254,0.096,0.437,1.0
Republic of the Congo,COG,2008,0.252,0.095,0.437,1.0
Republic of the Congo,COG,2009,0.255,0.095,0.437,1.0
Republic of the Congo,COG,2010,0.255,0.095,0.437,1.0
Republic of the Congo,COG,2011,0.255,0.095,0.437,1.0
Republic of the Congo,COG,2012,0.254,0.095,0.442,1.0
Republic of the Congo,COG,2013,0.249,0.101,0.468,1.0
Republic of the Congo,COG,2014,0.249,0.101,0.468,1.0
Republic of the Congo,COG,2015,0.249,0.102,0.468,1.0
Republic of the Congo,COG,2016,0.247,0.101,0.468,1.0
Republic of the Congo,COG,2017,0.252,0.103,0.468,1.0
Republic of the Congo,COG,2018,0.258,0.109,0.507,1.0
Republic of the Congo,COG,2019,0.25,0.1,0.496,1.0
Republic of the Congo,COG,2020,0.257,0.118,0.606,1.0
Republic of the Congo,COG,2021,0.254,0.116,0.606,1.0
Republic of the Congo,COG,2022,0.243,0.114,0.601,1.0
Republic of the Congo,COG,2023,0.253,0.121,0.61,1.0
Republic of the Congo,COG,2024,0.255,0.119,0.602,1.0
Djibouti,DJI,1999,0.246,0.114,0.391,1.0
Djibouti,DJI,2000,0.251,0.116,0.438,1.0
Djibouti,DJI,2001,0.253,0.117,0.438,1.0
Djibouti,DJI,2002,0.268,0.122,0.459,1.0
Djibouti,DJI,2003,0.262,0.12,0.459,1.0
Djibouti,DJI,2004,0.264,0.121,0.459,1.0
Djibouti,DJI,2005,0.25,0.116,0.459,1.0
Djibouti,DJI,2006,0.247,0.115,0.459,1.0
Djibouti,DJI,2007,0.247,0.115,0.459,1.0
Djibouti,DJI,2008,0.242,0.114,0.459,1.0
Djibouti,DJI,2009,0.244,0.114,0.459,1.0
Djibouti,DJI,2010,0.242,0.113,0.459,1.0
Djibouti,DJI,2011,0.246,0.114,0.459,1.0
Djibouti,DJI,2012,0.247,0.115,0.459,1.0
Djibouti,DJI,2013,0.244,0.114,0.463,1.0
Djibouti,DJI,2014,0.245,0.114,0.463,1.0
Djibouti,DJI,2015,0.245,0.114,0.463,1.0
Djibouti,DJI,2016,0.243,0.114,0.463,1.0
Djibouti,DJI,2017,0.243,0.11,0.463,1.0
Djibouti,DJI,2018,0.25,0.113,0.454,1.0
Djibouti,DJI,2019,0.251,0.119,0.454,1.0
Djibouti,DJI,2020,0.25,0.119,0.454,1.0
Djibouti,DJI,2021,0.251,0.12,0.454,1.0
Djibouti,DJI,2022,0.25,0.119,0.454,1.0
Djibouti,DJI,2023,0.25,0.118,0.454,1.0
Djibouti,DJI,2024,0.25,0.118,0.44,1.0
Dominican Republic,DOM,1999,0.647,0.378,0.818,2.0
Dominican Republic,DOM,2000,0.665,0.391,0.818,2.0
Dominican Republic,DOM,2001,0.673,0.391,0.818,2.0
Dominican Republic,DOM,2002,0.672,0.388,0.818,2.0
Dominican Republic,DOM,2003,0.671,0.385,0.818,2.0
Dominican Republic,DOM,2004,0.659,0.379,0.818,2.0
Dominican Republic,DOM,2005,0.651,0.383,0.818,2.0
Dominican Republic,DOM,2006,0.644,0.378,0.818,2.0
Dominican Republic,DOM,2007,0.636,0.376,0.818,2.0
Dominican Republic,DOM,2008,0.638,0.376,0.818,2.0
Dominican Republic,DOM,2009,0.639,0.377,0.818,2.0
Dominican Republic,DOM,2010,0.625,0.371,0.818,2.0
Dominican Republic,DOM,2011,0.623,0.364,0.818,2.0
Dominican Republic,DOM,2012,0.612,0.366,0.818,2.0
Dominican Republic,DOM,2013,0.6,0.354,0.823,2.0
Dominican Republic,DOM,2014,0.6,0.352,0.823,2.0
Dominican Republic,DOM,2015,0.59,0.344,0.759,2.0
Dominican Republic,DOM,2016,0.571,0.333,0.764,2.0
Dominican Republic,DOM,2017,0.559,0.328,0.764,2.0
Dominican Republic,DOM,2018,0.573,0.339,0.766,2.0
Dominican Republic,DOM,2019,0.569,0.34,0.864,2.0
Dominican Republic,DOM,2020,0.656,0.449,0.913,2.0
Dominican Republic,DOM,2021,0.694,0.484,0.943,2.0
Dominican Republic,DOM,2022,0.692,0.478,0.932,2.0
Dominican Republic,DOM,2023,0.692,0.471,0.87,2.0
Dominican Republic,DOM,2024,0.71,0.495,0.87,2.0
Eritrea,ERI,1999,0.122,0.031,0.085,0.0
Eritrea,ERI,2000,0.12,0.027,0.042,0.0
Eritrea,ERI,2001,0.103,0.016,0.042,0.0
Eritrea,ERI,2002,0.084,0.011,0.042,0.0
Eritrea,ERI,2003,0.067,0.006,0.042,0.0
Eritrea,ERI,2004,0.067,0.006,0.042,0.0
Eritrea,ERI,2005,0.067,0.006,0.042,0.0
Eritrea,ERI,2006,0.067,0.006,0.042,0.0
Eritrea,ERI,2007,0.067,0.006,0.042,0.0
Eritrea,ERI,2008,0.067,0.006,0.042,0.0
Eritrea,ERI,2009,0.068,0.005,0.042,0.0
Eritrea,ERI,2010,0.068,0.005,0.042,0.0
Eritrea,ERI,2011,0.068,0.005,0.042,0.0
Eritrea,ERI,2012,0.067,0.005,0.042,0.0
Eritrea,ERI,2013,0.07,0.006,0.044,0.0
Eritrea,ERI,2014,0.07,0.007,0.044,0.0
Eritrea,ERI,2015,0.069,0.006,0.044,0.0
Eritrea,ERI,2016,0.069,0.006,0.044,0.0
Eritrea,ERI,2017,0.069,0.007,0.044,0.0
Eritrea,ERI,2018,0.068,0.007,0.045,0.0
Eritrea,ERI,2019,0.07,0.009,0.045,0.0
Eritrea,ERI,2020,0.069,0.01,0.056,0.0
Eritrea,ERI,2021,0.071,0.01,0.053,0.0
Eritrea,ERI,2022,0.071,0.012,0.055,0.0
Eritrea,ERI,2023,0.068,0.01,0.062,0.0
Eritrea,ERI,2024,0.069,0.009,0.033,0.0
Gabon,GAB,1999,0.338,0.203,0.658,1.0
Gabon,GAB,2000,0.337,0.199,0.658,1.0
Gabon,GAB,2001,0.342,0.2,0.694,1.0
Gabon,GAB,2002,0.344,0.202,0.694,1.0
Gabon,GAB,2003,0.344,0.202,0.694,1.0
Gabon,GAB,2004,0.344,0.202,0.694,1.0
Gabon,GAB,2005,0.346,0.203,0.694,1.0
Gabon,GAB,2006,0.353,0.204,0.694,1.0
Gabon,GAB,2007,0.351,0.204,0.757,1.0
Gabon,GAB,2008,0.351,0.204,0.757,1.0
Gabon,GAB,2009,0.35,0.204,0.757,1.0
Gabon,GAB,2010,0.37,0.206,0.818,1.0
Gabon,GAB,2011,0.37,0.206,0.818,1.0
Gabon,GAB,2012,0.359,0.21,0.81,1.0
Gabon,GAB,2013,0.375,0.223,0.815,1.0
Gabon,GAB,2014,0.375,0.223,0.815,1.0
Gabon,GAB,2015,0.375,0.223,0.815,1.0
Gabon,GAB,2016,0.378,0.224,0.865,1.0
Gabon,GAB,2017,0.398,0.233,0.843,1.0
Gabon,GAB,2018,0.386,0.212,0.81,1.0
Gabon,GAB,2019,0.377,0.201,0.8,1.0
Gabon,GAB,2020,0.368,0.196,0.8,1.0
Gabon,GAB,2021,0.368,0.199,0.759,1.0
Gabon,GAB,2022,0.362,0.199,0.711,1.0
Gabon,GAB,2023,0.325,0.185,0.678,1.0
Gabon,GAB,2024,0.227,0.151,0.714,0.0
The Gambia,GMB,1999,0.258,0.127,0.226,1.0
The Gambia,GMB,2000,0.255,0.123,0.226,1.0
The Gambia,GMB,2001,0.258,0.123,0.226,1.0
The Gambia,GMB,2002,0.256,0.121,0.226,1.0
The Gambia,GMB,2003,0.257,0.119,0.226,1.0
The Gambia,GMB,2004,0.257,0.116,0.226,1.0
The Gambia,GMB,2005,0.257,0.116,0.226,1.0
The Gambia,GMB,2006,0.251,0.114,0.219,1.0
The Gambia,GMB,2007,0.243,0.112,0.219,1.0
The Gambia,GMB,2008,0.243,0.111,0.233,1.0
The Gambia,GMB,2009,0.243,0.111,0.233,1.0
The Gambia,GMB,2010,0.244,0.112,0.233,1.0
The Gambia,GMB,2011,0.244,0.112,0.233,1.0
The Gambia,GMB,2012,0.243,0.113,0.233,1.0
The Gambia,GMB,2013,0.241,0.105,0.22,1.0
The Gambia,GMB,2014,0.244,0.105,0.223,1.0
The Gambia,GMB,2015,0.244,0.106,0.223,1.0
The Gambia,GMB,2016,0.25,0.11,0.254,1.0
The Gambia,GMB,2017,0.498,0.393,0.725,1.0
The Gambia,GMB,2018,0.538,0.422,0.83,2.0
The Gambia,GMB,2019,0.524,0.421,0.816,2.0
The Gambia,GMB,2020,0.496,0.403,0.785,1.0
The Gambia,GMB,2021,0.507,0.417,0.815,2.0
The Gambia,GMB,2022,0.621,0.5,0.798,2.0
The Gambia,GMB,2023,0.635,0.516,0.822,2.0
The Gambia,GMB,2024,0.63,0.51,0.8,2.0
Georgia,GEO,1999,0.378,0.214,0.386,1.0
Georgia,GEO,2000,0.374,0.205,0.432,1.0
Georgia,GEO,2001,0.382,0.209,0.432,1.0
Georgia,GEO,2002,0.379,0.208,0.407,1.0
Georgia,GEO,2003,0.384,0.22,0.407,1.0
Georgia,GEO,2004,0.548,0.357,0.726,2.0
Georgia,GEO,2005,0.547,0.373,0.67,2.0
Georgia,GEO,2006,0.548,0.378,0.689,2.0
Georgia,GEO,2007,0.539,0.369,0.676,2.0
Georgia,GEO,2008,0.495,0.339,0.674,1.0
Georgia,GEO,2009,0.491,0.34,0.697,1.0
Georgia,GEO,2010,0.496,0.34,0.696,1.0
Georgia,GEO,2011,0.5,0.344,0.703,1.0
Georgia,GEO,2012,0.519,0.361,0.725,2.0
Georgia,GEO,2013,0.623,0.456,0.745,2.0
Georgia,GEO,2014,0.675,0.5,0.74,2.0
Georgia,GEO,2015,0.668,0.504,0.778,2.0
Georgia,GEO,2016,0.685,0.518,0.791,2.0
Georgia,GEO,2017,0.669,0.498,0.818,2.0
Georgia,GEO,2018,0.663,0.514,0.826,2.0
Georgia,GEO,2019,0.627,0.48,0.813,2.0
Georgia,GEO,2020,0.616,0.47,0.793,2.0
Georgia,GEO,2021,0.604,0.454,0.769,2.0
Georgia,GEO,2022,0.607,0.464,0.763,2.0
Georgia,GEO,2023,0.591,0.456,0.757,2.0
Georgia,GEO,2024,0.48,0.327,0.627,1.0
Guinea-Bissau,GNB,1999,0.364,0.201,0.627,1.0
Guinea-Bissau,GNB,2000,0.424,0.228,0.647,1.0
Guinea-Bissau,GNB,2001,0.428,0.232,0.647,1.0
Guinea-Bissau,GNB,2002,0.434,0.239,0.645,1.0
Guinea-Bissau,GNB,2003,0.376,0.202,0.645,1.0
Guinea-Bissau,GNB,2004,0.377,0.218,0.714,1.0
Guinea-Bissau,GNB,2005,0.451,0.263,0.714,1.0
Guinea-Bissau,GNB,2006,0.446,0.26,0.714,1.0
Guinea-Bissau,GNB,2007,0.446,0.259,0.714,1.0
Guinea-Bissau,GNB,2008,0.402,0.228,0.714,1.0
Guinea-Bissau,GNB,2009,0.452,0.261,0.763,1.0
Guinea-Bissau,GNB,2010,0.448,0.262,0.763,1.0
Guinea-Bissau,GNB,2011,0.449,0.26,0.763,1.0
Guinea-Bissau,GNB,2012,0.328,0.171,0.763,1.0
Guinea-Bissau,GNB,2013,0.288,0.195,0.75,0.0
Guinea-Bissau,GNB,2014,0.439,0.27,0.75,1.0
Guinea-Bissau,GNB,2015,0.501,0.29,0.75,2.0
Guinea-Bissau,GNB,2016,0.5,0.289,0.75,2.0
Guinea-Bissau,GNB,2017,0.49,0.286,0.75,1.0
Guinea-Bissau,GNB,2018,0.51,0.307,0.828,2.0
Guinea-Bissau,GNB,2019,0.529,0.327,0.807,2.0
Guinea-Bissau,GNB,2020,0.533,0.328,0.807,2.0
Guinea-Bissau,GNB,2021,0.535,0.321,0.807,2.0
Guinea-Bissau,GNB,2022,0.377,0.147,0.794,1.0
Guinea-Bissau,GNB,2023,0.428,0.231,0.794,1.0
Guinea-Bissau,GNB,2024,0.279,0.14,0.78,1.0
Jamaica,JAM,1999,0.67,0.522,0.708,2.0
Jamaica,JAM,2000,0.675,0.549,0.708,2.0
Jamaica,JAM,2001,0.675,0.549,0.708,2.0
Jamaica,JAM,2002,0.695,0.566,0.708,2.0
Jamaica,JAM,2003,0.743,0.617,0.708,2.0
Jamaica,JAM,2004,0.743,0.617,0.708,2.0
Jamaica,JAM,2005,0.751,0.629,0.789,2.0
Jamaica,JAM,2006,0.756,0.633,0.789,2.0
Jamaica,JAM,2007,0.762,0.644,0.789,2.0
Jamaica,JAM,2008,0.774,0.654,0.789,2.0
Jamaica,JAM,2009,0.774,0.654,0.789,2.0
Jamaica,JAM,2010,0.774,0.656,0.789,2.0
Jamaica,JAM,2011,0.767,0.651,0.815,2.0
Jamaica,JAM,2012,0.784,0.667,0.815,2.0
Jamaica,JAM,2013,0.798,0.679,0.851,2.0
Jamaica,JAM,2014,0.798,0.679,0.872,2.0
Jamaica,JAM,2015,0.798,0.679,0.872,2.0
Jamaica,JAM,2016,0.804,0.685,0.872,2.0
Jamaica,JAM,2017,0.811,0.696,0.894,2.0
Jamaica,JAM,2018,0.807,0.688,0.894,2.0
Jamaica,JAM,2019,0.81,0.703,0.867,3.0
Jamaica,JAM,2020,0.808,0.702,0.852,2.0
Jamaica,JAM,2021,0.801,0.691,0.802,2.0
Jamaica,JAM,2022,0.798,0.692,0.857,2.0
Jamaica,JAM,2023,0.798,0.677,0.788,2.0
Jamaica,JAM,2024,0.798,0.676,0.844,2.0
Kazakhstan,KAZ,1999,0.268,0.128,0.44,1.0
Kazakhstan,KAZ,2000,0.27,0.129,0.387,1.0
Kazakhstan,KAZ,2001,0.255,0.125,0.387,1.0
Kazakhstan,KAZ,2002,0.252,0.125,0.387,1.0
Kazakhstan,KAZ,2003,0.247,0.121,0.387,1.0
Kazakhstan,KAZ,2004,0.246,0.122,0.387,1.0
Kazakhstan,KAZ,2005,0.239,0.12,0.387,1.0
Kazakhstan,KAZ,2006,0.242,0.121,0.387,1.0
Kazakhstan,KAZ,2007,0.24,0.122,0.378,1.0
Kazakhstan,KAZ,2008,0.241,0.122,0.378,1.0
Kazakhstan,KAZ,2009,0.242,0.122,0.378,1.0
Kazakhstan,KAZ,2010,0.236,0.12,0.373,1.0
Kazakhstan,KAZ,2011,0.233,0.119,0.373,1.0
Kazakhstan,KAZ,2012,0.232,0.113,0.373,1.0
Kazakhstan,KAZ,2013,0.229,0.109,0.373,1.0
Kazakhstan,KAZ,2014,0.23,0.11,0.373,1.0
Kazakhstan,KAZ,2015,0.234,0.11,0.373,1.0
Kazakhstan,KAZ,2016,0.242,0.114,0.405,1.0
Kazakhstan,KAZ,2017,0.235,0.112,0.352,1.0
Kazakhstan,KAZ,2018,0.232,0.108,0.38,1.0
Kazakhstan,KAZ,2019,0.236,0.113,0.38,1.0
Kazakhstan,KAZ,2020,0.241,0.117,0.434,1.0
Kazakhstan,KAZ,2021,0.253,0.121,0.444,1.0
Kazakhstan,KAZ,2022,0.265,0.134,0.444,1.0
Kazakhstan,KAZ,2023,0.269,0.139,0.469,1.0
Kazakhstan,KAZ,2024,0.267,0.133,0.469,1.0
Kyrgyzstan,KGZ,1999,0.286,0.177,0.361,1.0
Kyrgyzstan,KGZ,2000,0.287,0.174,0.442,1.0
Kyrgyzstan,KGZ,2001,0.285,0.171,0.44,1.0
Kyrgyzstan,KGZ,2002,0.282,0.17,0.44,1.0
Kyrgyzstan,KGZ,2003,0.282,0.168,0.44,1.0
Kyrgyzstan,KGZ,2004,0.282,0.168,0.44,1.0
Kyrgyzstan,KGZ,2005,0.319,0.19,0.44,1.0
Kyrgyzstan,KGZ,2006,0.331,0.198,0.428,1.0
Kyrgyzstan,KGZ,2007,0.317,0.181,0.405,1.0
Kyrgyzstan,KGZ,2008,0.306,0.169,0.398,1.0
Kyrgyzstan,KGZ,2009,0.294,0.165,0.394,1.0
Kyrgyzstan,KGZ,2010,0.381,0.26,0.596,1.0
Kyrgyzstan,KGZ,2011,0.473,0.333,0.664,1.0
Kyrgyzstan,KGZ,2012,0.467,0.328,0.679,1.0
Kyrgyzstan,KGZ,2013,0.447,0.316,0.645,1.0
Kyrgyzstan,KGZ,2014,0.446,0.314,0.645,1.0
Kyrgyzstan,KGZ,2015,0.455,0.317,0.625,1.0
Kyrgyzstan,KGZ,2016,0.447,0.303,0.62,1.0
Kyrgyzstan,KGZ,2017,0.449,0.303,0.607,1.0
Kyrgyzstan,KGZ,2018,0.467,0.327,0.562,1.0
Kyrgyzstan,KGZ,2019,0.441,0.309,0.515,1.0
Kyrgyzstan,KGZ,2020,0.385,0.255,0.511,1.0
Kyrgyzstan,KGZ,2021,0.41,0.256,0.477,1.0
Kyrgyzstan,KGZ,2022,0.38,0.237,0.467,1.0
Kyrgyzstan,KGZ,2023,0.348,0.197,0.401,1.0
Kyrgyzstan,KGZ,2024,0.321,0.185,0.42,1.0
Laos,LAO,1999,0.087,0.088,0.084,0.0
Laos,LAO,2000,0.087,0.088,0.084,0.0
Laos,LAO,2001,0.087,0.088,0.084,0.0
Laos,LAO,2002,0.09,0.089,0.084,0.0
Laos,LAO,2003,0.09,0.089,0.084,0.0
Laos,LAO,2004,0.09,0.089,0.095,0.0
Laos,LAO,2005,0.09,0.089,0.095,0.0
Laos,LAO,2006,0.09,0.088,0.095,0.0
Laos,LAO,2007,0.089,0.088,0.095,0.0
Laos,LAO,2008,0.09,0.088,0.095,0.0
Laos,LAO,2009,0.09,0.088,0.104,0.0
Laos,LAO,2010,0.092,0.089,0.183,0.0
Laos,LAO,2011,0.09,0.089,0.183,0.0
Laos,LAO,2012,0.09,0.089,0.183,0.0
Laos,LAO,2013,0.091,0.09,0.154,0.0
Laos,LAO,2014,0.091,0.09,0.154,0.0
Laos,LAO,2015,0.09,0.089,0.154,0.0
Laos,LAO,2016,0.093,0.088,0.154,0.0
Laos,LAO,2017,0.124,0.093,0.165,0.0
Laos,LAO,2018,0.125,0.09,0.215,0.0
Laos,LAO,2019,0.127,0.109,0.216,0.0
Laos,LAO,2020,0.126,0.094,0.235,0.0
Laos,LAO,2021,0.135,0.104,0.288,0.0
Laos,LAO,2022,0.134,0.113,0.231,0.0
Laos,LAO,2023,0.132,0.106,0.231,0.0
Laos,LAO,2024,0.135,0.117,0.228,0.0
Libya,LBY,1999,0.072,0.048,0.049,0.0
Libya,LBY,2000,0.072,0.048,0.049,0.0
Libya,LBY,2001,0.072,0.048,0.049,0.0
Libya,LBY,2002,0.072,0.048,0.049,0.0
Libya,LBY,2003,0.072,0.045,0.049,0.0
Libya,LBY,2004,0.072,0.045,0.049,0.0
Libya,LBY,2005,0.072,0.045,0.049,0.0
Libya,LBY,2006,0.072,0.045,0.049,0.0
Libya,LBY,2007,0.072,0.045,0.049,0.0
Libya,LBY,2008,0.072,0.045,0.049,0.0
Libya,LBY,2009,0.071,0.044,0.037,0.0
Libya,LBY,2010,0.071,0.045,0.036,0.0
Libya,LBY,2011,0.175,0.061,0.461,0.0
Libya,LBY,2012,0.329,0.21,0.704,1.0
Libya,LBY,2013,0.54,0.3,0.731,2.0
Libya,LBY,2014,0.28,0.175,0.576,0.0
Libya,LBY,2015,0.285,0.172,0.591,0.0
Libya,LBY,2016,0.285,0.17,0.593,0.0
Libya,LBY,2017,0.273,0.167,0.534,0.0
Libya,LBY,2018,0.268,0.153,0.515,0.0
Libya,LBY,2019,0.263,0.148,0.515,0.0
Libya,LBY,2020,0.266,0.145,0.515,0.0
Libya,LBY,2021,0.216,0.129,0.618,0.0
Libya,LBY,2022,0.206,0.108,0.624,0.0
Libya,LBY,2023,0.196,0.105,0.63,0.0
Libya,LBY,2024,0.195,0.109,0.631,0.0
Madagascar,MDG,1999,0.503,0.272,0.782,2.0
Madagascar,MDG,2000,0.5,0.272,0.782,1.0
Madagascar,MDG,2001,0.494,0.27,0.782,1.0
Madagascar,MDG,2002,0.432,0.245,0.782,1.0
Madagascar,MDG,2003,0.495,0.267,0.782,1.0
Madagascar,MDG,2004,0.495,0.269,0.782,1.0
Madagascar,MDG,2005,0.495,0.269,0.782,1.0
Madagascar,MDG,2006,0.487,0.267,0.782,1.0
Madagascar,MDG,2007,0.495,0.274,0.782,1.0
Madagascar,MDG,2008,0.504,0.277,0.782,2.0
Madagascar,MDG,2009,0.272,0.101,0.645,1.0
Madagascar,MDG,2010,0.221,0.079,0.652,0.0
Madagascar,MDG,2011,0.221,0.101,0.652,0.0
Madagascar,MDG,2012,0.222,0.1,0.652,0.0
Madagascar,MDG,2013,0.246,0.125,0.656,1.0
Madagascar,MDG,2014,0.463,0.232,0.756,1.0
Madagascar,MDG,2015,0.476,0.258,0.791,1.0
Madagascar,MDG,2016,0.48,0.258,0.791,1.0
Madagascar,MDG,2017,0.478,0.26,0.807,1.0
Madagascar,MDG,2018,0.481,0.268,0.79,1.0
Madagascar,MDG,2019,0.478,0.248,0.727,1.0
Madagascar,MDG,2020,0.486,0.246,0.706,1.0
Madagascar,MDG,2021,0.479,0.237,0.724,1.0
Madagascar,MDG,2022,0.477,0.237,0.724,1.0
Madagascar,MDG,2023,0.461,0.225,0.686,1.0
Madagascar,MDG,2024,0.403,0.201,0.686,1.0
Moldova,MDA,1999,0.587,0.452,0.58,2.0
Moldova,MDA,2000,0.579,0.438,0.58,2.0
Moldova,MDA,2001,0.512,0.35,0.441,2.0
Moldova,MDA,2002,0.506,0.381,0.433,2.0
Moldova,MDA,2003,0.506,0.381,0.433,2.0
Moldova,MDA,2004,0.506,0.381,0.433,2.0
Moldova,MDA,2005,0.446,0.345,0.433,1.0
Moldova,MDA,2006,0.435,0.343,0.433,1.0
Moldova,MDA,2007,0.438,0.346,0.453,1.0
Moldova,MDA,2008,0.435,0.345,0.453,1.0
Moldova,MDA,2009,0.457,0.358,0.522,1.0
Moldova,MDA,2010,0.603,0.508,0.776,2.0
Moldova,MDA,2011,0.672,0.562,0.767,2.0
Moldova,MDA,2012,0.665,0.558,0.771,2.0
Moldova,MDA,2013,0.638,0.53,0.773,2.0
Moldova,MDA,2014,0.623,0.516,0.773,2.0
Moldova,MDA,2015,0.57,0.476,0.734,2.0
Moldova,MDA,2016,0.529,0.433,0.772,2.0
Moldova,MDA,2017,0.503,0.394,0.707,2.0
Moldova,MDA,2018,0.506,0.39,0.714,2.0
Moldova,MDA,2019,0.588,0.445,0.717,2.0
Moldova,MDA,2020,0.651,0.518,0.796,2.0
Moldova,MDA,2021,0.752,0.618,0.835,2.0
Moldova,MDA,2022,0.76,0.643,0.835,2.0
Moldova,MDA,2023,0.712,0.602,0.857,2.0
Moldova,MDA,2024,0.622,0.503,0.773,2.0
Namibia,NAM,1999,0.669,0.55,0.69,2.0
Namibia,NAM,2000,0.654,0.54,0.715,2.0
Namibia,NAM,2001,0.651,0.537,0.715,2.0
Namibia,NAM,2002,0.651,0.534,0.715,2.0
Namibia,NAM,2003,0.651,0.537,0.715,2.0
Namibia,NAM,2004,0.654,0.537,0.715,2.0
Namibia,NAM,2005,0.664,0.55,0.715,2.0
Namibia,NAM,2006,0.668,0.551,0.715,2.0
Namibia,NAM,2007,0.659,0.544,0.715,2.0
Namibia,NAM,2008,0.662,0.548,0.715,2.0
Namibia,NAM,2009,0.655,0.541,0.715,2.0
Namibia,NAM,2010,0.637,0.528,0.723,2.0
Namibia,NAM,2011,0.644,0.533,0.723,2.0
Namibia,NAM,2012,0.644,0.533,0.723,2.0
Namibia,NAM,2013,0.65,0.536,0.723,2.0
Namibia,NAM,2014,0.656,0.542,0.723,2.0
Namibia,NAM,2015,0.707,0.579,0.723,2.0
Namibia,NAM,2016,0.711,0.584,0.687,2.0
Namibia,NAM,2017,0.709,0.577,0.712,2.0
Namibia,NAM,2018,0.682,0.562,0.726,2.0
Namibia,NAM,2019,0.647,0.512,0.684,2.0
Namibia,NAM,2020,0.632,0.516,0.703,2.0
Namibia,NAM,2021,0.622,0.506,0.713,2.0
Namibia,NAM,2022,0.626,0.503,0.713,2.0
Namibia,NAM,2023,0.622,0.503,0.713,2.0
Namibia,NAM,2024,0.624,0.516,0.698,2.0
Palestine/West Bank,PSE,1999,0.461,0.279,0.619,1.0
Palestine/West Bank,PSE,2000,0.471,0.274,0.619,1.0
Palestine/West Bank,PSE,2001,0.474,0.276,0.619,1.0
Palestine/West Bank,PSE,2002,0.471,0.276,0.619,1.0
Palestine/West Bank,PSE,2003,0.502,0.294,0.619,2.0
Palestine/West Bank,PSE,2004,0.511,0.306,0.703,2.0
Palestine/West Bank,PSE,2005,0.533,0.326,0.712,2.0
Palestine/West Bank,PSE,2006,0.501,0.313,0.696,2.0
Palestine/West Bank,PSE,2007,0.323,0.181,0.642,1.0
Palestine/West Bank,PSE,2008,0.234,0.138,0.656,1.0
Palestine/West Bank,PSE,2009,0.242,0.142,0.69,1.0
Palestine/West Bank,PSE,2010,0.244,0.142,0.723,1.0
Palestine/West Bank,PSE,2011,0.241,0.142,0.723,1.0
Palestine/West Bank,PSE,2012,0.243,0.142,0.698,1.0
Palestine/West Bank,PSE,2013,0.246,0.163,0.645,1.0
Palestine/West Bank,PSE,2014,0.249,0.165,0.645,1.0
Palestine/West Bank,PSE,2015,0.244,0.162,0.624,1.0
Palestine/West Bank,PSE,2016,0.243,0.162,0.624,1.0
Palestine/West Bank,PSE,2017,0.252,0.171,0.614,1.0
Palestine/West Bank,PSE,2018,0.265,0.176,0.65,1.0
Palestine/West Bank,PSE,2019,0.272,0.19,0.708,1.0
Palestine/West Bank,PSE,2020,0.242,0.148,0.539,1.0
Palestine/West Bank,PSE,2021,0.235,0.128,0.487,1.0
Palestine/West Bank,PSE,2022,0.229,0.122,0.487,1.0
Palestine/West Bank,PSE,2023,0.229,0.124,0.391,1.0
Palestine/West Bank,PSE,2024,0.212,0.118,0.536,1.0
Rwanda,RWA,1999,0.107,0.125,0.491,0.0
Rwanda,RWA,2000,0.114,0.104,0.527,0.0
Rwanda,RWA,2001,0.114,0.104,0.527,0.0
Rwanda,RWA,2002,0.115,0.104,0.527,0.0
Rwanda,RWA,2003,0.143,0.111,0.531,1.0
Rwanda,RWA,2004,0.198,0.123,0.658,1.0
Rwanda,RWA,2005,0.196,0.124,0.658,1.0
Rwanda,RWA,2006,0.197,0.124,0.672,1.0
Rwanda,RWA,2007,0.197,0.123,0.638,1.0
Rwanda,RWA,2008,0.203,0.125,0.638,1.0
Rwanda,RWA,2009,0.22,0.13,0.638,1.0
Rwanda,RWA,2010,0.217,0.133,0.704,1.0
Rwanda,RWA,2011,0.216,0.133,0.738,1.0
Rwanda,RWA,2012,0.22,0.136,0.738,1.0
Rwanda,RWA,2013,0.221,0.136,0.7,1.0
Rwanda,RWA,2014,0.226,0.139,0.7,1.0
Rwanda,RWA,2015,0.226,0.138,0.7,1.0
Rwanda,RWA,2016,0.226,0.128,0.676,1.0
Rwanda,RWA,2017,0.222,0.116,0.701,1.0
Rwanda,RWA,2018,0.226,0.118,0.701,1.0
Rwanda,RWA,2019,0.227,0.12,0.592,1.0
Rwanda,RWA,2020,0.227,0.12,0.53,1.0
Rwanda,RWA,2021,0.226,0.11,0.479,1.0
Rwanda,RWA,2022,0.219,0.11,0.465,1.0
Rwanda,RWA,2023,0.212,0.099,0.405,1.0
Rwanda,RWA,2024,0.201,0.091,0.405,1.0
Somalia,SOM,1999,0.158,0.027,0.439,0.0
Somalia,SOM,2000,0.167,0.028,0.52,0.0
Somalia,SOM,2001,0.166,0.028,0.52,0.0
Somalia,SOM,2002,0.166,0.028,0.52,0.0
Somalia,SOM,2003,0.166,0.028,0.52,0.0
Somalia,SOM,2004,0.166,0.058,0.52,0.0
Somalia,SOM,2005,0.171,0.092,0.52,0.0
Somalia,SOM,2006,0.172,0.093,0.52,0.0
Somalia,SOM,2007,0.172,0.095,0.52,0.0
Somalia,SOM,2008,0.172,0.094,0.52,0.0
Somalia,SOM,2009,0.172,0.094,0.52,0.0
Somalia,SOM,2010,0.186,0.102,0.586,0.0
Somalia,SOM,2011,0.19,0.104,0.584,0.0
Somalia,SOM,2012,0.167,0.107,0.593,0.0
Somalia,SOM,2013,0.162,0.118,0.596,0.0
Somalia,SOM,2014,0.162,0.118,0.596,0.0
Somalia,SOM,2015,0.162,0.123,0.596,0.0
Somalia,SOM,2016,0.16,0.11,0.618,0.0
Somalia,SOM,2017,0.167,0.123,0.622,0.0
Somalia,SOM,2018,0.154,0.106,0.579,0.0
Somalia,SOM,2019,0.148,0.104,0.575,0.0
Somalia,SOM,2020,0.154,0.105,0.635,0.0
Somalia,SOM,2021,0.161,0.111,0.638,0.0
Somalia,SOM,2022,0.158,0.114,0.64,0.0
Somalia,SOM,2023,0.167,0.131,0.604,0.0
Somalia,SOM,2024,0.165,0.127,0.644,0.0
Sri Lanka,LKA,1999,0.529,0.336,0.704,2.0
Sri Lanka,LKA,2000,0.494,0.318,0.704,1.0
Sri Lanka,LKA,2001,0.496,0.319,0.783,1.0
Sri Lanka,LKA,2002,0.529,0.34,0.783,2.0
Sri Lanka,LKA,2003,0.529,0.34,0.783,2.0
Sri Lanka,LKA,2004,0.513,0.329,0.783,2.0
Sri Lanka,LKA,2005,0.435,0.278,0.438,1.0
Sri Lanka,LKA,2006,0.373,0.243,0.438,1.0
Sri Lanka,LKA,2007,0.373,0.24,0.408,1.0
Sri Lanka,LKA,2008,0.368,0.236,0.408,1.0
Sri Lanka,LKA,2009,0.366,0.233,0.408,1.0
Sri Lanka,LKA,2010,0.386,0.244,0.493,1.0
Sri Lanka,LKA,2011,0.384,0.243,0.493,1.0
Sri Lanka,LKA,2012,0.39,0.246,0.493,1.0
Sri Lanka,LKA,2013,0.418,0.268,0.579,1.0
Sri Lanka,LKA,2014,0.417,0.267,0.571,1.0
Sri Lanka,LKA,2015,0.55,0.397,0.818,2.0
Sri Lanka,LKA,2016,0.595,0.45,0.834,2.0
Sri Lanka,LKA,2017,0.591,0.448,0.83,2.0
Sri Lanka,LKA,2018,0.612,0.481,0.775,2.0
Sri Lanka,LKA,2019,0.564,0.439,0.648,2.0
Sri Lanka,LKA,2020,0.579,0.379,0.554,2.0
Sri Lanka,LKA,2021,0.572,0.393,0.597,2.0
Sri Lanka,LKA,2022,0.602,0.44,0.591,2.0
Sri Lanka,LKA,2023,0.585,0.426,0.66,2.0
Sri Lanka,LKA,2024,0.677,0.497,0.758,2.0
Eswatini,SWZ,1999,0.123,0.096,0.5,0.0
Eswatini,SWZ,2000,0.124,0.097,0.5,0.0
Eswatini,SWZ,2001,0.125,0.097,0.5,0.0
Eswatini,SWZ,2002,0.125,0.097,0.5,0.0
Eswatini,SWZ,2003,0.125,0.097,0.5,0.0
Eswatini,SWZ,2004,0.123,0.096,0.5,0.0
Eswatini,SWZ,2005,0.128,0.096,0.415,0.0
Eswatini,SWZ,2006,0.129,0.096,0.458,0.0
Eswatini,SWZ,2007,0.129,0.095,0.458,0.0
Eswatini,SWZ,2008,0.127,0.097,0.458,0.0
Eswatini,SWZ,2009,0.124,0.097,0.458,0.0
Eswatini,SWZ,2010,0.125,0.094,0.46,0.0
Eswatini,SWZ,2011,0.125,0.093,0.443,0.0
Eswatini,SWZ,2012,0.125,0.093,0.443,0.0
Eswatini,SWZ,2013,0.13,0.097,0.441,0.0
Eswatini,SWZ,2014,0.131,0.097,0.441,0.0
Eswatini,SWZ,2015,0.131,0.097,0.441,0.0
Eswatini,SWZ,2016,0.131,0.097,0.441,0.0
Eswatini,SWZ,2017,0.132,0.099,0.438,0.0
Eswatini,SWZ,2018,0.132,0.115,0.402,0.0
Eswatini,SWZ,2019,0.133,0.114,0.445,0.0
Eswatini,SWZ,2020,0.132,0.115,0.424,0.0
Eswatini,SWZ,2021,0.12,0.095,0.387,0.0
Eswatini,SWZ,2022,0.117,0.097,0.386,0.0
Eswatini,SWZ,2023,0.121,0.099,0.397,0.0
Eswatini,SWZ,2024,0.129,0.101,0.383,0.0
Tajikistan,TJK,1999,0.209,0.071,0.349,1.0
Tajikistan,TJK,2000,0.239,0.083,0.345,1.0
Tajikistan,TJK,2001,0.244,0.084,0.345,1.0
Tajikistan,TJK,2002,0.241,0.08,0.345,1.0
Tajikistan,TJK,2003,0.245,0.082,0.345,1.0
Tajikistan,TJK,2004,0.243,0.08,0.345,1.0
Tajikistan,TJK,2005,0.228,0.07,0.312,1.0
Tajikistan,TJK,2006,0.226,0.069,0.31,1.0
Tajikistan,TJK,2007,0.227,0.068,0.314,1.0
Tajikistan,TJK,2008,0.229,0.068,0.314,1.0
Tajikistan,TJK,2009,0.23,0.069,0.335,1.0
Tajikistan,TJK,2010,0.225,0.063,0.293,1.0
Tajikistan,TJK,2011,0.225,0.064,0.291,1.0
Tajikistan,TJK,2012,0.222,0.062,0.278,1.0
Tajikistan,TJK,2013,0.206,0.053,0.192,1.0
Tajikistan,TJK,2014,0.201,0.052,0.192,1.0
Tajikistan,TJK,2015,0.184,0.042,0.192,1.0
Tajikistan,TJK,2016,0.174,0.039,0.153,1.0
Tajikistan,TJK,2017,0.168,0.04,0.196,1.0
Tajikistan,TJK,2018,0.164,0.044,0.157,1.0
Tajikistan,TJK,2019,0.164,0.041,0.176,1.0
Tajikistan,TJK,2020,0.17,0.041,0.188,1.0
Tajikistan,TJK,2021,0.171,0.039,0.178,1.0
Tajikistan,TJK,2022,0.164,0.036,0.209,1.0
Tajikistan,TJK,2023,0.164,0.036,0.209,1.0
Tajikistan,TJK,2024,0.168,0.041,0.22,1.0
Togo,TGO,1999,0.297,0.154,0.451,1.0
Togo,TGO,2000,0.301,0.167,0.451,1.0
Togo,TGO,2001,0.301,0.167,0.513,1.0
Togo,TGO,2002,0.302,0.166,0.513,1.0
Togo,TGO,2003,0.304,0.166,0.513,1.0
Togo,TGO,2004,0.303,0.166,0.49,1.0
Togo,TGO,2005,0.325,0.149,0.713,1.0
Togo,TGO,2006,0.338,0.18,0.761,1.0
Togo,TGO,2007,0.355,0.194,0.772,1.0
Togo,TGO,2008,0.433,0.227,0.795,1.0
Togo,TGO,2009,0.434,0.229,0.795,1.0
Togo,TGO,2010,0.414,0.235,0.781,1.0
Togo,TGO,2011,0.416,0.238,0.781,1.0
Togo,TGO,2012,0.412,0.235,0.79,1.0
Togo,TGO,2013,0.432,0.238,0.792,1.0
Togo,TGO,2014,0.465,0.251,0.792,1.0
Togo,TGO,2015,0.471,0.258,0.792,1.0
Togo,TGO,2016,0.472,0.26,0.792,1.0
Togo,TGO,2017,0.442,0.239,0.7,1.0
Togo,TGO,2018,0.428,0.212,0.609,1.0
Togo,TGO,2019,0.395,0.193,0.596,1.0
Togo,TGO,2020,0.424,0.233,0.668,1.0
Togo,TGO,2021,0.396,0.214,0.668,1.0
Togo,TGO,2022,0.399,0.216,0.668,1.0
Togo,TGO,2023,0.389,0.194,0.501,1.0
Togo,TGO,2024,0.35,0.167,0.429,1.0
Trinidad and Tobago,TTO,1999,0.776,0.646,0.83,2.0
Trinidad and Tobago,TTO,2000,0.782,0.66,0.892,2.0
Trinidad and Tobago,TTO,2001,0.754,0.633,0.892,2.0
Trinidad and Tobago,TTO,2002,0.766,0.643,0.892,2.0
Trinidad and Tobago,TTO,2003,0.776,0.662,0.892,2.0
Trinidad and Tobago,TTO,2004,0.776,0.662,0.892,2.0
Trinidad and Tobago,TTO,2005,0.775,0.662,0.892,3.0
Trinidad and Tobago,TTO,2006,0.779,0.665,0.892,3.0
Trinidad and Tobago,TTO,2007,0.781,0.666,0.892,3.0
Trinidad and Tobago,TTO,2008,0.801,0.684,0.892,3.0
Trinidad and Tobago,TTO,2009,0.801,0.684,0.892,3.0
Trinidad and Tobago,TTO,2010,0.802,0.686,0.895,3.0
Trinidad and Tobago,TTO,2011,0.803,0.687,0.895,3.0
Trinidad and Tobago,TTO,2012,0.803,0.687,0.895,3.0
Trinidad and Tobago,TTO,2013,0.777,0.665,0.901,3.0
Trinidad and Tobago,TTO,2014,0.777,0.662,0.901,3.0
Trinidad and Tobago,TTO,2015,0.791,0.676,0.901,3.0
Trinidad and Tobago,TTO,2016,0.79,0.676,0.901,3.0
Trinidad and Tobago,TTO,2017,0.791,0.676,0.901,3.0
Trinidad and Tobago,TTO,2018,0.784,0.67,0.901,3.0
Trinidad and Tobago,TTO,2019,0.787,0.676,0.886,3.0
Trinidad and Tobago,TTO,2020,0.788,0.672,0.867,3.0
Trinidad and Tobago,TTO,2021,0.791,0.672,0.887,2.0
Trinidad and Tobago,TTO,2022,0.778,0.661,0.907,3.0
Trinidad and Tobago,TTO,2023,0.778,0.661,0.907,3.0
Trinidad and Tobago,TTO,2024,0.773,0.653,0.907,3.0
Turkmenistan,TKM,1999,0.143,0.024,0.092,0.0
Turkmenistan,TKM,2000,0.07,0.015,0.092,0.0
Turkmenistan,TKM,2001,0.07,0.014,0.092,0.0
Turkmenistan,TKM,2002,0.07,0.014,0.092,0.0
Turkmenistan,TKM,2003,0.069,0.014,0.092,0.0
Turkmenistan,TKM,2004,0.07,0.014,0.092,0.0
Turkmenistan,TKM,2005,0.079,0.015,0.092,0.0
Turkmenistan,TKM,2006,0.078,0.015,0.092,0.0
Turkmenistan,TKM,2007,0.133,0.023,0.092,0.0
Turkmenistan,TKM,2008,0.141,0.025,0.092,0.0
Turkmenistan,TKM,2009,0.143,0.023,0.092,0.0
Turkmenistan,TKM,2010,0.144,0.023,0.092,0.0
Turkmenistan,TKM,2011,0.144,0.023,0.092,0.0
Turkmenistan,TKM,2012,0.145,0.023,0.092,0.0
Turkmenistan,TKM,2013,0.144,0.024,0.036,0.0
Turkmenistan,TKM,2014,0.143,0.024,0.036,0.0
Turkmenistan,TKM,2015,0.143,0.024,0.036,0.0
Turkmenistan,TKM,2016,0.143,0.025,0.036,0.0
Turkmenistan,TKM,2017,0.147,0.027,0.056,0.0
Turkmenistan,TKM,2018,0.149,0.028,0.056,1.0
Turkmenistan,TKM,2019,0.149,0.035,0.059,1.0
Turkmenistan,TKM,2020,0.15,0.033,0.059,1.0
Turkmenistan,TKM,2021,0.15,0.033,0.059,1.0
Turkmenistan,TKM,2022,0.148,0.032,0.059,0.0
Turkmenistan,TKM,2023,0.148,0.034,0.058,0.0
Turkmenistan,TKM,2024,0.149,0.034,0.065,0.0
Palestine/Gaza,PSG,2007,0.131,0.089,0.608,0.0
Palestine/Gaza,PSG,2008,0.133,0.089,0.635,0.0
Palestine/Gaza,PSG,2009,0.135,0.09,0.635,0.0
Palestine/Gaza,PSG,2010,0.141,0.097,0.635,0.0
Palestine/Gaza,PSG,2011,0.14,0.095,0.655,0.0
Palestine/Gaza,PSG,2012,0.143,0.095,0.701,0.0
Palestine/Gaza,PSG,2013,0.129,0.068,0.613,0.0
Palestine/Gaza,PSG,2014,0.13,0.066,0.613,0.0
Palestine/Gaza,PSG,2015,0.119,0.063,0.514,0.0
Palestine/Gaza,PSG,2016,0.119,0.063,0.514,0.0
Palestine/Gaza,PSG,2017,0.121,0.059,0.556,0.0
Palestine/Gaza,PSG,2018,0.118,0.039,0.343,0.0
Palestine/Gaza,PSG,2019,0.117,0.069,0.343,0.0
Palestine/Gaza,PSG,2020,0.129,0.048,0.471,0.0
Palestine/Gaza,PSG,2021,0.128,0.053,0.576,0.0
Palestine/Gaza,PSG,2022,0.124,0.055,0.658,0.0
Palestine/Gaza,PSG,2023,0.122,0.073,0.519,0.0
Palestine/Gaza,PSG,2024,0.095,0.055,0.414,0.0
Somaliland,SML,1999,0.17,0.138,0.602,0.0
Somaliland,SML,2000,0.17,0.139,0.602,0.0
Somaliland,SML,2001,0.179,0.141,0.635,0.0
Somaliland,SML,2002,0.198,0.15,0.664,0.0
Somaliland,SML,2003,0.356,0.218,0.664,1.0
Somaliland,SML,2004,0.378,0.227,0.658,1.0
Somaliland,SML,2005,0.384,0.232,0.658,1.0
Somaliland,SML,2006,0.394,0.239,0.658,1.0
Somaliland,SML,2007,0.393,0.239,0.658,1.0
Somaliland,SML,2008,0.393,0.239,0.658,1.0
Somaliland,SML,2009,0.393,0.239,0.658,1.0
Somaliland,SML,2010,0.414,0.249,0.713,1.0
Somaliland,SML,2011,0.436,0.261,0.709,1.0
Somaliland,SML,2012,0.436,0.262,0.709,1.0
Somaliland,SML,2013,0.402,0.248,0.646,1.0
Somaliland,SML,2014,0.401,0.247,0.646,1.0
Somaliland,SML,2015,0.401,0.247,0.646,1.0
Somaliland,SML,2016,0.408,0.252,0.646,1.0
Somaliland,SML,2017,0.413,0.254,0.657,1.0
Somaliland,SML,2018,0.4,0.248,0.657,1.0
Somaliland,SML,2019,0.395,0.246,0.657,1.0
Somaliland,SML,2020,0.399,0.243,0.682,1.0
Somaliland,SML,2021,0.406,0.25,0.678,1.0
Somaliland,SML,2022,0.408,0.251,0.682,1.0
Somaliland,SML,2023,0.402,0.251,0.682,1.0
Somaliland,SML,2024,0.42,0.272,0.7,1.0
Uzbekistan,UZB,1999,0.158,0.035,0.208,1.0
Uzbekistan,UZB,2000,0.157,0.035,0.143,1.0
Uzbekistan,UZB,2001,0.156,0.034,0.143,1.0
Uzbekistan,UZB,2002,0.157,0.034,0.143,1.0
Uzbekistan,UZB,2003,0.157,0.035,0.143,1.0
Uzbekistan,UZB,2004,0.157,0.035,0.118,1.0
Uzbekistan,UZB,2005,0.16,0.031,0.118,1.0
Uzbekistan,UZB,2006,0.16,0.032,0.092,1.0
Uzbekistan,UZB,2007,0.16,0.033,0.088,1.0
Uzbekistan,UZB,2008,0.163,0.034,0.088,1.0
Uzbekistan,UZB,2009,0.162,0.034,0.088,1.0
Uzbekistan,UZB,2010,0.161,0.035,0.088,1.0
Uzbekistan,UZB,2011,0.163,0.036,0.088,1.0
Uzbekistan,UZB,2012,0.162,0.036,0.088,1.0
Uzbekistan,UZB,2013,0.166,0.037,0.12,1.0
Uzbekistan,UZB,2014,0.167,0.037,0.12,0.0
Uzbekistan,UZB,2015,0.166,0.036,0.12,0.0
Uzbekistan,UZB,2016,0.169,0.037,0.12,0.0
Uzbekistan,UZB,2017,0.191,0.052,0.193,0.0
Uzbekistan,UZB,2018,0.189,0.065,0.279,0.0
Uzbekistan,UZB,2019,0.203,0.077,0.241,1.0
Uzbekistan,UZB,2020,0.206,0.083,0.318,0.0
Uzbekistan,UZB,2021,0.204,0.078,0.303,0.0
Uzbekistan,UZB,2022,0.213,0.078,0.31,0.0
Uzbekistan,UZB,2023,0.215,0.079,0.34,0.0
Uzbekistan,UZB,2024,0.214,0.074,0.34,0.0
Austria,AUT,1999,0.857,0.78,0.942,3.0
Austria,AUT,2000,0.858,0.782,0.901,3.0
Austria,AUT,2001,0.858,0.782,0.901,3.0
Austria,AUT,2002,0.858,0.782,0.901,3.0
Austria,AUT,2003,0.858,0.786,0.901,3.0
Austria,AUT,2004,0.858,0.785,0.901,3.0
Austria,AUT,2005,0.858,0.784,0.901,3.0
Austria,AUT,2006,0.861,0.788,0.932,3.0
Austria,AUT,2007,0.872,0.802,0.932,3.0
Austria,AUT,2008,0.872,0.802,0.932,3.0
Austria,AUT,2009,0.874,0.804,0.947,3.0
Austria,AUT,2010,0.872,0.803,0.947,3.0
Austria,AUT,2011,0.871,0.804,0.947,3.0
Austria,AUT,2012,0.872,0.803,0.947,3.0
Austria,AUT,2013,0.875,0.807,0.95,3.0
Austria,AUT,2014,0.873,0.805,0.95,3.0
Austria,AUT,2015,0.873,0.805,0.95,3.0
Austria,AUT,2016,0.848,0.78,0.949,3.0
Austria,AUT,2017,0.851,0.782,0.951,3.0
Austria,AUT,2018,0.851,0.776,0.951,3.0
Austria,AUT,2019,0.862,0.793,0.909,3.0
Austria,AUT,2020,0.858,0.786,0.932,3.0
Austria,AUT,2021,0.854,0.784,0.905,3.0
Austria,AUT,2022,0.841,0.762,0.905,3.0
Austria,AUT,2023,0.848,0.775,0.897,3.0
Austria,AUT,2024,0.84,0.762,0.855,3.0
Bahrain,BHR,1999,0.049,,0.134,0.0
Bahrain,BHR,2000,0.065,,0.134,0.0
Bahrain,BHR,2001,0.111,,0.501,0.0
Bahrain,BHR,2002,0.164,0.082,0.553,0.0
Bahrain,BHR,2003,0.211,0.092,0.553,0.0
Bahrain,BHR,2004,0.211,0.088,0.553,0.0
Bahrain,BHR,2005,0.219,0.09,0.578,0.0
Bahrain,BHR,2006,0.221,0.096,0.578,0.0
Bahrain,BHR,2007,0.22,0.091,0.578,0.0
Bahrain,BHR,2008,0.22,0.091,0.578,0.0
Bahrain,BHR,2009,0.22,0.091,0.578,0.0
Bahrain,BHR,2010,0.216,0.088,0.572,0.0
Bahrain,BHR,2011,0.171,0.052,0.332,0.0
Bahrain,BHR,2012,0.162,0.049,0.226,0.0
Bahrain,BHR,2013,0.162,0.051,0.193,0.0
Bahrain,BHR,2014,0.16,0.052,0.193,0.0
Bahrain,BHR,2015,0.144,0.051,0.208,0.0
Bahrain,BHR,2016,0.139,0.051,0.208,0.0
Bahrain,BHR,2017,0.133,0.05,0.208,0.0
Bahrain,BHR,2018,0.13,0.052,0.207,0.0
Bahrain,BHR,2019,0.132,0.059,0.245,0.0
Bahrain,BHR,2020,0.132,0.062,0.245,0.0
Bahrain,BHR,2021,0.134,0.063,0.245,0.0
Bahrain,BHR,2022,0.135,0.064,0.245,0.0
Bahrain,BHR,2023,0.138,0.064,0.245,0.0
Bahrain,BHR,2024,0.138,0.062,0.245,0.0
Barbados,BRB,1999,0.77,0.656,0.87,2.0
Barbados,BRB,2000,0.769,0.654,0.886,2.0
Barbados,BRB,2001,0.769,0.654,0.886,2.0
Barbados,BRB,2002,0.769,0.654,0.886,2.0
Barbados,BRB,2003,0.767,0.652,0.886,2.0
Barbados,BRB,2004,0.766,0.65,0.886,2.0
Barbados,BRB,2005,0.766,0.65,0.886,2.0
Barbados,BRB,2006,0.766,0.648,0.886,2.0
Barbados,BRB,2007,0.766,0.65,0.886,2.0
Barbados,BRB,2008,0.783,0.665,0.886,2.0
Barbados,BRB,2009,0.784,0.666,0.886,2.0
Barbados,BRB,2010,0.784,0.667,0.886,2.0
Barbados,BRB,2011,0.784,0.667,0.886,2.0
Barbados,BRB,2012,0.784,0.667,0.886,2.0
Barbados,BRB,2013,0.781,0.664,0.886,2.0
Barbados,BRB,2014,0.78,0.662,0.886,2.0
Barbados,BRB,2015,0.776,0.662,0.886,3.0
Barbados,BRB,2016,0.776,0.662,0.886,3.0
Barbados,BRB,2017,0.773,0.66,0.898,3.0
Barbados,BRB,2018,0.776,0.656,0.9,3.0
Barbados,BRB,2019,0.792,0.668,0.891,3.0
Barbados,BRB,2020,0.811,0.692,0.902,3.0
Barbados,BRB,2021,0.807,0.686,0.902,3.0
Barbados,BRB,2022,0.802,0.682,0.896,3.0
Barbados,BRB,2023,0.802,0.684,0.896,3.0
Barbados,BRB,2024,0.802,0.685,0.896,3.0
Belgium,BEL,1999,0.883,0.816,0.967,3.0
Belgium,BEL,2000,0.885,0.819,0.967,3.0
Belgium,BEL,2001,0.885,0.819,0.967,3.0
Belgium,BEL,2002,0.885,0.819,0.967,3.0
Belgium,BEL,2003,0.886,0.819,0.967,3.0
Belgium,BEL,2004,0.864,0.795,0.967,3.0
Belgium,BEL,2005,0.884,0.816,0.967,3.0
Belgium,BEL,2006,0.885,0.818,0.967,3.0
Belgium,BEL,2007,0.891,0.828,0.967,3.0
Belgium,BEL,2008,0.899,0.832,0.967,3.0
Belgium,BEL,2009,0.899,0.834,0.967,3.0
Belgium,BEL,2010,0.9,0.834,0.967,3.0
Belgium,BEL,2011,0.9,0.835,0.967,3.0
Belgium,BEL,2012,0.9,0.835,0.967,3.0
Belgium,BEL,2013,0.902,0.839,0.965,3.0
Belgium,BEL,2014,0.902,0.838,0.965,3.0
Belgium,BEL,2015,0.901,0.837,0.965,3.0
Belgium,BEL,2016,0.901,0.837,0.952,3.0
Belgium,BEL,2017,0.9,0.836,0.952,3.0
Belgium,BEL,2018,0.9,0.836,0.952,3.0
Belgium,BEL,2019,0.901,0.837,0.952,3.0
Belgium,BEL,2020,0.897,0.826,0.953,3.0
Belgium,BEL,2021,0.897,0.827,0.951,3.0
Belgium,BEL,2022,0.895,0.833,0.951,3.0
Belgium,BEL,2023,0.895,0.812,0.951,3.0
Belgium,BEL,2024,0.891,0.81,0.947,3.0
Bosnia and Herzegovina,BIH,1999,0.621,0.361,0.502,2.0
Bosnia and Herzegovina,BIH,2000,0.635,0.394,0.554,2.0
Bosnia and Herzegovina,BIH,2001,0.654,0.424,0.554,2.0
Bosnia and Herzegovina,BIH,2002,0.654,0.418,0.554,2.0
Bosnia and Herzegovina,BIH,2003,0.661,0.426,0.554,2.0
Bosnia and Herzegovina,BIH,2004,0.647,0.416,0.554,2.0
Bosnia and Herzegovina,BIH,2005,0.647,0.425,0.554,2.0
Bosnia and Herzegovina,BIH,2006,0.626,0.409,0.554,2.0
Bosnia and Herzegovina,BIH,2007,0.566,0.369,0.554,2.0
Bosnia and Herzegovina,BIH,2008,0.562,0.367,0.576,2.0
Bosnia and Herzegovina,BIH,2009,0.56,0.366,0.585,2.0
Bosnia and Herzegovina,BIH,2010,0.566,0.37,0.613,2.0
Bosnia and Herzegovina,BIH,2011,0.564,0.37,0.613,2.0
Bosnia and Herzegovina,BIH,2012,0.566,0.37,0.613,2.0
Bosnia and Herzegovina,BIH,2013,0.56,0.369,0.633,2.0
Bosnia and Herzegovina,BIH,2014,0.557,0.37,0.633,2.0
Bosnia and Herzegovina,BIH,2015,0.547,0.363,0.633,2.0
Bosnia and Herzegovina,BIH,2016,0.547,0.358,0.629,2.0
Bosnia and Herzegovina,BIH,2017,0.541,0.355,0.638,2.0
Bosnia and Herzegovina,BIH,2018,0.513,0.34,0.618,2.0
Bosnia and Herzegovina,BIH,2019,0.515,0.338,0.638,2.0
Bosnia and Herzegovina,BIH,2020,0.517,0.335,0.66,2.0
Bosnia and Herzegovina,BIH,2021,0.508,0.328,0.66,2.0
Bosnia and Herzegovina,BIH,2022,0.521,0.344,0.648,2.0
Bosnia and Herzegovina,BIH,2023,0.502,0.336,0.662,2.0
Bosnia and Herzegovina,BIH,2024,0.507,0.336,0.662,2.0
Bulgaria,BGR,1999,0.716,0.616,0.727,2.0
Bulgaria,BGR,2000,0.717,0.617,0.727,2.0
Bulgaria,BGR,2001,0.692,0.595,0.727,2.0
Bulgaria,BGR,2002,0.721,0.619,0.727,2.0
Bulgaria,BGR,2003,0.721,0.621,0.727,2.0
Bulgaria,BGR,2004,0.721,0.623,0.727,2.0
Bulgaria,BGR,2005,0.701,0.604,0.727,2.0
Bulgaria,BGR,2006,0.706,0.61,0.727,2.0
Bulgaria,BGR,2007,0.705,0.611,0.727,2.0
Bulgaria,BGR,2008,0.711,0.617,0.727,2.0
Bulgaria,BGR,2009,0.691,0.587,0.762,2.0
Bulgaria,BGR,2010,0.674,0.568,0.787,2.0
Bulgaria,BGR,2011,0.672,0.565,0.796,2.0
Bulgaria,BGR,2012,0.664,0.561,0.817,2.0
Bulgaria,BGR,2013,0.657,0.542,0.794,2.0
Bulgaria,BGR,2014,0.673,0.561,0.813,2.0
Bulgaria,BGR,2015,0.671,0.566,0.763,2.0
Bulgaria,BGR,2016,0.667,0.561,0.783,2.0
Bulgaria,BGR,2017,0.624,0.521,0.737,2.0
Bulgaria,BGR,2018,0.612,0.508,0.781,2.0
Bulgaria,BGR,2019,0.609,0.506,0.767,2.0
Bulgaria,BGR,2020,0.607,0.501,0.794,2.0
Bulgaria,BGR,2021,0.665,0.549,0.788,2.0
Bulgaria,BGR,2022,0.679,0.602,0.72,2.0
Bulgaria,BGR,2023,0.659,0.58,0.783,2.0
Bulgaria,BGR,2024,0.645,0.533,0.799,2.0
Comoros,COM,1999,0.296,0.135,0.575,1.0
Comoros,COM,2000,0.218,0.101,0.648,0.0
Comoros,COM,2001,0.221,0.096,0.648,0.0
Comoros,COM,2002,0.315,0.135,0.648,1.0
Comoros,COM,2003,0.369,0.156,0.648,1.0
Comoros,COM,2004,0.408,0.215,0.648,1.0
Comoros,COM,2005,0.427,0.241,0.648,1.0
Comoros,COM,2006,0.419,0.237,0.631,1.0
Comoros,COM,2007,0.414,0.235,0.631,1.0
Comoros,COM,2008,0.414,0.235,0.631,1.0
Comoros,COM,2009,0.418,0.232,0.631,1.0
Comoros,COM,2010,0.416,0.243,0.631,1.0
Comoros,COM,2011,0.446,0.256,0.631,1.0
Comoros,COM,2012,0.446,0.256,0.631,1.0
Comoros,COM,2013,0.467,0.278,0.655,1.0
Comoros,COM,2014,0.467,0.277,0.655,1.0
Comoros,COM,2015,0.395,0.24,0.655,1.0
Comoros,COM,2016,0.385,0.239,0.655,1.0
Comoros,COM,2017,0.38,0.194,0.672,1.0
Comoros,COM,2018,0.367,0.176,0.675,1.0
Comoros,COM,2019,0.305,0.129,0.561,1.0
Comoros,COM,2020,0.28,0.124,0.545,1.0
Comoros,COM,2021,0.28,0.124,0.545,1.0
Comoros,COM,2022,0.272,0.124,0.545,1.0
Comoros,COM,2023,0.264,0.118,0.545,1.0
Comoros,COM,2024,0.276,0.122,0.545,1.0
Croatia,HRV,1999,0.431,0.272,0.589,1.0
Croatia,HRV,2000,0.76,0.61,0.697,2.0
Croatia,HRV,2001,0.767,0.622,0.728,2.0
Croatia,HRV,2002,0.766,0.622,0.728,2.0
Croatia,HRV,2003,0.769,0.624,0.728,2.0
Croatia,HRV,2004,0.757,0.606,0.728,2.0
Croatia,HRV,2005,0.775,0.635,0.728,2.0
Croatia,HRV,2006,0.772,0.63,0.728,2.0
Croatia,HRV,2007,0.784,0.642,0.728,2.0
Croatia,HRV,2008,0.779,0.638,0.731,2.0
Croatia,HRV,2009,0.784,0.653,0.756,2.0
Croatia,HRV,2010,0.844,0.73,0.792,2.0
Croatia,HRV,2011,0.853,0.744,0.825,2.0
Croatia,HRV,2012,0.851,0.744,0.825,2.0
Croatia,HRV,2013,0.828,0.71,0.825,2.0
Croatia,HRV,2014,0.823,0.704,0.825,2.0
Croatia,HRV,2015,0.816,0.703,0.79,2.0
Croatia,HRV,2016,0.765,0.651,0.715,2.0
Croatia,HRV,2017,0.739,0.623,0.72,2.0
Croatia,HRV,2018,0.729,0.615,0.72,2.0
Croatia,HRV,2019,0.734,0.617,0.72,2.0
Croatia,HRV,2020,0.756,0.647,0.716,2.0
Croatia,HRV,2021,0.747,0.641,0.672,2.0
Croatia,HRV,2022,0.724,0.636,0.694,2.0
Croatia,HRV,2023,0.725,0.628,0.694,2.0
Croatia,HRV,2024,0.71,0.607,0.694,2.0
Cuba,CUB,1999,0.113,0.04,0.13,0.0
Cuba,CUB,2000,0.113,0.04,0.13,0.0
Cuba,CUB,2001,0.113,0.041,0.13,0.0
Cuba,CUB,2002,0.113,0.041,0.13,0.0
Cuba,CUB,2003,0.114,0.04,0.13,0.0
Cuba,CUB,2004,0.114,0.04,0.13,0.0
Cuba,CUB,2005,0.113,0.041,0.13,0.0
Cuba,CUB,2006,0.113,0.041,0.13,0.0
Cuba,CUB,2007,0.113,0.041,0.13,0.0
Cuba,CUB,2008,0.105,0.039,0.13,0.0
Cuba,CUB,2009,0.167,0.05,0.13,0.0
Cuba,CUB,2010,0.167,0.05,0.138,0.0
Cuba,CUB,2011,0.167,0.051,0.138,0.0
Cuba,CUB,2012,0.167,0.052,0.137,0.0
Cuba,CUB,2013,0.168,0.057,0.098,0.0
Cuba,CUB,2014,0.168,0.057,0.098,0.0
Cuba,CUB,2015,0.168,0.057,0.098,0.0
Cuba,CUB,2016,0.169,0.055,0.093,0.0
Cuba,CUB,2017,0.168,0.058,0.093,0.0
Cuba,CUB,2018,0.177,0.061,0.131,0.0
Cuba,CUB,2019,0.181,0.062,0.121,0.0
Cuba,CUB,2020,0.178,0.06,0.092,0.0
Cuba,CUB,2021,0.178,0.056,0.092,0.0
Cuba,CUB,2022,0.178,0.056,0.092,0.0
Cuba,CUB,2023,0.175,0.055,0.092,0.0
Cuba,CUB,2024,0.178,0.056,0.092,0.0
Cyprus,CYP,1999,0.765,0.632,0.8,2.0
Cyprus,CYP,2000,0.795,0.668,0.869,2.0
Cyprus,CYP,2001,0.805,0.678,0.869,2.0
Cyprus,CYP,2002,0.81,0.684,0.869,2.0
Cyprus,CYP,2003,0.805,0.668,0.869,2.0
Cyprus,CYP,2004,0.826,0.704,0.869,3.0
Cyprus,CYP,2005,0.825,0.704,0.907,3.0
Cyprus,CYP,2006,0.834,0.713,0.907,3.0
Cyprus,CYP,2007,0.837,0.724,0.907,3.0
Cyprus,CYP,2008,0.836,0.723,0.907,3.0
Cyprus,CYP,2009,0.836,0.722,0.907,3.0
Cyprus,CYP,2010,0.845,0.734,0.907,3.0
Cyprus,CYP,2011,0.845,0.734,0.91,3.0
Cyprus,CYP,2012,0.845,0.733,0.91,3.0
Cyprus,CYP,2013,0.847,0.732,0.913,3.0
Cyprus,CYP,2014,0.846,0.733,0.913,3.0
Cyprus,CYP,2015,0.851,0.737,0.903,3.0
Cyprus,CYP,2016,0.851,0.739,0.903,3.0
Cyprus,CYP,2017,0.84,0.731,0.884,3.0
Cyprus,CYP,2018,0.836,0.722,0.876,3.0
Cyprus,CYP,2019,0.84,0.71,0.862,3.0
Cyprus,CYP,2020,0.807,0.691,0.866,3.0
Cyprus,CYP,2021,0.795,0.653,0.858,3.0
Cyprus,CYP,2022,0.779,0.645,0.862,3.0
Cyprus,CYP,2023,0.777,0.643,0.842,3.0
Cyprus,CYP,2024,0.777,0.653,0.833,3.0
Czechia,CZE,1999,0.878,0.801,0.754,3.0
Czechia,CZE,2000,0.878,0.801,0.782,3.0
Czechia,CZE,2001,0.878,0.801,0.782,3.0
Czechia,CZE,2002,0.884,0.808,0.782,3.0
Czechia,CZE,2003,0.891,0.814,0.782,3.0
Czechia,CZE,2004,0.892,0.815,0.782,3.0
Czechia,CZE,2005,0.892,0.816,0.782,3.0
Czechia,CZE,2006,0.896,0.821,0.782,3.0
Czechia,CZE,2007,0.897,0.824,0.782,3.0
Czechia,CZE,2008,0.897,0.821,0.782,3.0
Czechia,CZE,2009,0.888,0.813,0.782,3.0
Czechia,CZE,2010,0.883,0.805,0.783,3.0
Czechia,CZE,2011,0.891,0.808,0.783,3.0
Czechia,CZE,2012,0.891,0.814,0.783,3.0
Czechia,CZE,2013,0.863,0.779,0.779,3.0
Czechia,CZE,2014,0.852,0.766,0.766,3.0
Czechia,CZE,2015,0.852,0.766,0.766,3.0
Czechia,CZE,2016,0.852,0.763,0.766,3.0
Czechia,CZE,2017,0.833,0.726,0.816,3.0
Czechia,CZE,2018,0.81,0.708,0.79,3.0
Czechia,CZE,2019,0.8,0.699,0.771,3.0
Czechia,CZE,2020,0.806,0.709,0.765,2.0
Czechia,CZE,2021,0.789,0.698,0.805,2.0
Czechia,CZE,2022,0.854,0.784,0.783,3.0
Czechia,CZE,2023,0.863,0.796,0.786,3.0
Czechia,CZE,2024,0.865,0.811,0.777,3.0
Denmark,DNK,1999,0.906,0.878,0.987,3.0
Denmark,DNK,2000,0.906,0.878,0.987,3.0
Denmark,DNK,2001,0.906,0.879,0.987,3.0
Denmark,DNK,2002,0.908,0.88,0.987,3.0
Denmark,DNK,2003,0.908,0.88,0.987,3.0
Denmark,DNK,2004,0.908,0.88,0.987,3.0
Denmark,DNK,2005,0.92,0.895,0.987,3.0
Denmark,DNK,2006,0.922,0.896,0.987,3.0
Denmark,DNK,2007,0.922,0.896,0.987,3.0
Denmark,DNK,2008,0.921,0.895,0.987,3.0
Denmark,DNK,2009,0.921,0.895,0.987,3.0
Denmark,DNK,2010,0.921,0.895,0.987,3.0
Denmark,DNK,2011,0.921,0.894,0.987,3.0
Denmark,DNK,2012,0.921,0.895,0.987,3.0
Denmark,DNK,2013,0.921,0.895,0.987,3.0
Denmark,DNK,2014,0.921,0.895,0.987,3.0
Denmark,DNK,2015,0.921,0.894,0.986,3.0
Denmark,DNK,2016,0.918,0.892,0.986,3.0
Denmark,DNK,2017,0.918,0.891,0.986,3.0
Denmark,DNK,2018,0.918,0.89,0.986,3.0
Denmark,DNK,2019,0.916,0.886,0.986,3.0
Denmark,DNK,2020,0.915,0.882,0.986,3.0
Denmark,DNK,2021,0.915,0.882,0.971,3.0
Denmark,DNK,2022,0.915,0.887,0.971,3.0
Denmark,DNK,2023,0.917,0.884,0.971,3.0
Denmark,DNK,2024,0.917,0.885,0.971,3.0
Equatorial Guinea,GNQ,1999,0.182,0.051,0.155,1.0
Equatorial Guinea,GNQ,2000,0.186,0.052,0.167,1.0
Equatorial Guinea,GNQ,2001,0.186,0.052,0.167,1.0
Equatorial Guinea,GNQ,2002,0.186,0.053,0.167,1.0
Equatorial Guinea,GNQ,2003,0.185,0.053,0.167,1.0
Equatorial Guinea,GNQ,2004,0.184,0.053,0.167,1.0
Equatorial Guinea,GNQ,2005,0.18,0.053,0.167,1.0
Equatorial Guinea,GNQ,2006,0.182,0.054,0.167,1.0
Equatorial Guinea,GNQ,2007,0.182,0.053,0.167,1.0
Equatorial Guinea,GNQ,2008,0.179,0.053,0.167,1.0
Equatorial Guinea,GNQ,2009,0.18,0.053,0.167,1.0
Equatorial Guinea,GNQ,2010,0.177,0.049,0.123,1.0
Equatorial Guinea,GNQ,2011,0.176,0.049,0.123,1.0
Equatorial Guinea,GNQ,2012,0.176,0.049,0.123,1.0
Equatorial Guinea,GNQ,2013,0.177,0.052,0.123,1.0
Equatorial Guinea,GNQ,2014,0.179,0.053,0.123,1.0
Equatorial Guinea,GNQ,2015,0.178,0.05,0.13,1.0
Equatorial Guinea,GNQ,2016,0.18,0.051,0.13,1.0
Equatorial Guinea,GNQ,2017,0.174,0.049,0.136,1.0
Equatorial Guinea,GNQ,2018,0.177,0.052,0.136,1.0
Equatorial Guinea,GNQ,2019,0.178,0.051,0.125,1.0
Equatorial Guinea,GNQ,2020,0.175,0.051,0.168,1.0
Equatorial Guinea,GNQ,2021,0.172,0.051,0.159,1.0
Equatorial Guinea,GNQ,2022,0.173,0.049,0.161,1.0
Equatorial Guinea,GNQ,2023,0.183,0.054,0.145,1.0
Equatorial Guinea,GNQ,2024,0.176,0.049,0.138,1.0
Estonia,EST,1999,0.869,0.807,0.769,3.0
Estonia,EST,2000,0.869,0.808,0.769,3.0
Estonia,EST,2001,0.869,0.808,0.769,3.0
Estonia,EST,2002,0.871,0.811,0.769,3.0
Estonia,EST,2003,0.868,0.808,0.807,3.0
Estonia,EST,2004,0.871,0.811,0.807,3.0
Estonia,EST,2005,0.871,0.811,0.807,3.0
Estonia,EST,2006,0.871,0.811,0.807,3.0
Estonia,EST,2007,0.871,0.811,0.807,3.0
Estonia,EST,2008,0.871,0.811,0.837,3.0
Estonia,EST,2009,0.874,0.814,0.837,3.0
Estonia,EST,2010,0.88,0.829,0.858,3.0
Estonia,EST,2011,0.883,0.832,0.858,3.0
Estonia,EST,2012,0.883,0.832,0.858,3.0
Estonia,EST,2013,0.883,0.834,0.861,3.0
Estonia,EST,2014,0.888,0.838,0.853,3.0
Estonia,EST,2015,0.894,0.845,0.853,3.0
Estonia,EST,2016,0.907,0.859,0.878,3.0
Estonia,EST,2017,0.907,0.861,0.871,3.0
Estonia,EST,2018,0.906,0.863,0.902,3.0
Estonia,EST,2019,0.898,0.848,0.902,3.0
Estonia,EST,2020,0.897,0.842,0.902,3.0
Estonia,EST,2021,0.9,0.853,0.913,3.0
Estonia,EST,2022,0.896,0.853,0.9,3.0
Estonia,EST,2023,0.893,0.845,0.89,3.0
Estonia,EST,2024,0.893,0.848,0.89,3.0
Fiji,FJI,1999,0.542,0.403,0.518,2.0
Fiji,FJI,2000,0.344,0.208,0.518,0.0
Fiji,FJI,2001,0.256,0.184,0.518,0.0
Fiji,FJI,2002,0.317,0.253,0.518,1.0
Fiji,FJI,2003,0.53,0.371,0.518,2.0
Fiji,FJI,2004,0.53,0.371,0.518,2.0
Fiji,FJI,2005,0.53,0.371,0.518,2.0
Fiji,FJI,2006,0.395,0.267,0.455,1.0
Fiji,FJI,2007,0.134,0.105,0.42,0.0
Fiji,FJI,2008,0.131,0.105,0.42,0.0
Fiji,FJI,2009,0.129,0.097,0.386,0.0
Fiji,FJI,2010,0.131,0.105,0.386,0.0
Fiji,FJI,2011,0.131,0.105,0.386,0.0
Fiji,FJI,2012,0.135,0.106,0.414,0.0
Fiji,FJI,2013,0.14,0.114,0.424,0.0
Fiji,FJI,2014,0.196,0.145,0.5,1.0
Fiji,FJI,2015,0.385,0.27,0.661,1.0
Fiji,FJI,2016,0.397,0.275,0.668,1.0
Fiji,FJI,2017,0.4,0.283,0.701,1.0
Fiji,FJI,2018,0.403,0.28,0.649,1.0
Fiji,FJI,2019,0.391,0.264,0.581,1.0
Fiji,FJI,2020,0.411,0.276,0.645,1.0
Fiji,FJI,2021,0.4,0.269,0.722,1.0
Fiji,FJI,2022,0.398,0.263,0.812,1.0
Fiji,FJI,2023,0.509,0.411,0.848,2.0
Fiji,FJI,2024,0.514,0.41,0.848,2.0
Finland,FIN,1999,0.873,0.833,0.97,3.0
Finland,FIN,2000,0.873,0.834,0.97,3.0
Finland,FIN,2001,0.873,0.834,0.97,3.0
Finland,FIN,2002,0.873,0.834,0.97,3.0
Finland,FIN,2003,0.871,0.831,0.97,3.0
Finland,FIN,2004,0.871,0.83,0.97,3.0
Finland,FIN,2005,0.871,0.83,0.97,3.0
Finland,FIN,2006,0.88,0.842,0.97,3.0
Finland,FIN,2007,0.881,0.842,0.97,3.0
Finland,FIN,2008,0.881,0.842,0.97,3.0
Finland,FIN,2009,0.881,0.842,0.97,3.0
Finland,FIN,2010,0.881,0.842,0.967,3.0
Finland,FIN,2011,0.884,0.843,0.967,3.0
Finland,FIN,2012,0.885,0.844,0.967,3.0
Finland,FIN,2013,0.891,0.858,0.968,3.0
Finland,FIN,2014,0.891,0.858,0.968,3.0
Finland,FIN,2015,0.869,0.827,0.968,3.0
Finland,FIN,2016,0.869,0.827,0.968,3.0
Finland,FIN,2017,0.873,0.836,0.953,3.0
Finland,FIN,2018,0.884,0.849,0.957,3.0
Finland,FIN,2019,0.881,0.842,0.969,3.0
Finland,FIN,2020,0.88,0.844,0.969,3.0
Finland,FIN,2021,0.871,0.835,0.969,3.0
Finland,FIN,2022,0.869,0.827,0.969,3.0
Finland,FIN,2023,0.853,0.812,0.935,3.0
Finland,FIN,2024,0.827,0.782,0.965,3.0
Greece,GRC,1999,0.883,0.798,0.863,3.0
Greece,GRC,2000,0.882,0.798,0.863,3.0
Greece,GRC,2001,0.887,0.802,0.863,3.0
Greece,GRC,2002,0.887,0.802,0.863,3.0
Greece,GRC,2003,0.887,0.802,0.863,3.0
Greece,GRC,2004,0.889,0.803,0.863,3.0
Greece,GRC,2005,0.89,0.804,0.863,3.0
Greece,GRC,2006,0.89,0.803,0.863,3.0
Greece,GRC,2007,0.895,0.805,0.863,3.0
Greece,GRC,2008,0.9,0.811,0.863,3.0
Greece,GRC,2009,0.901,0.812,0.863,3.0
Greece,GRC,2010,0.901,0.812,0.88,3.0
Greece,GRC,2011,0.901,0.814,0.88,3.0
Greece,GRC,2012,0.897,0.81,0.88,3.0
Greece,GRC,2013,0.889,0.801,0.88,3.0
Greece,GRC,2014,0.889,0.804,0.88,3.0
Greece,GRC,2015,0.88,0.785,0.88,3.0
Greece,GRC,2016,0.872,0.776,0.88,3.0
Greece,GRC,2017,0.868,0.775,0.88,3.0
Greece,GRC,2018,0.859,0.767,0.88,3.0
Greece,GRC,2019,0.864,0.763,0.88,3.0
Greece,GRC,2020,0.788,0.669,0.858,2.0
Greece,GRC,2021,0.76,0.63,0.834,2.0
Greece,GRC,2022,0.762,0.607,0.834,2.0
Greece,GRC,2023,0.735,0.573,0.826,2.0
Greece,GRC,2024,0.744,0.565,0.829,2.0
Guyana,GUY,1999,0.522,0.337,0.714,2.0
Guyana,GUY,2000,0.519,0.334,0.714,2.0
Guyana,GUY,2001,0.553,0.353,0.714,2.0
Guyana,GUY,2002,0.572,0.362,0.714,2.0
Guyana,GUY,2003,0.588,0.372,0.714,2.0
Guyana,GUY,2004,0.588,0.372,0.714,2.0
Guyana,GUY,2005,0.588,0.372,0.714,2.0
Guyana,GUY,2006,0.583,0.369,0.714,2.0
Guyana,GUY,2007,0.579,0.366,0.714,2.0
Guyana,GUY,2008,0.576,0.366,0.714,2.0
Guyana,GUY,2009,0.583,0.369,0.725,2.0
Guyana,GUY,2010,0.583,0.369,0.725,2.0
Guyana,GUY,2011,0.582,0.369,0.725,2.0
Guyana,GUY,2012,0.579,0.369,0.725,2.0
Guyana,GUY,2013,0.608,0.386,0.754,2.0
Guyana,GUY,2014,0.607,0.385,0.754,2.0
Guyana,GUY,2015,0.65,0.444,0.757,2.0
Guyana,GUY,2016,0.657,0.456,0.77,2.0
Guyana,GUY,2017,0.66,0.457,0.774,2.0
Guyana,GUY,2018,0.664,0.45,0.79,2.0
Guyana,GUY,2019,0.64,0.426,0.769,2.0
Guyana,GUY,2020,0.555,0.386,0.769,2.0
Guyana,GUY,2021,0.498,0.335,0.765,1.0
Guyana,GUY,2022,0.491,0.329,0.765,1.0
Guyana,GUY,2023,0.484,0.313,0.745,1.0
Guyana,GUY,2024,0.491,0.314,0.745,1.0
Hong Kong,HKG,1999,0.371,0.325,0.763,0.0
Hong Kong,HKG,2000,0.371,0.325,0.763,0.0
Hong Kong,HKG,2001,0.372,0.325,0.763,0.0
Hong Kong,HKG,2002,0.372,0.325,0.763,0.0
Hong Kong,HKG,2003,0.372,0.325,0.828,0.0
Hong Kong,HKG,2004,0.371,0.325,0.778,0.0
Hong Kong,HKG,2005,0.369,0.324,0.778,0.0
Hong Kong,HKG,2006,0.369,0.324,0.778,0.0
Hong Kong,HKG,2007,0.369,0.324,0.778,0.0
Hong Kong,HKG,2008,0.369,0.324,0.778,0.0
Hong Kong,HKG,2009,0.371,0.324,0.778,0.0
Hong Kong,HKG,2010,0.369,0.323,0.778,0.0
Hong Kong,HKG,2011,0.367,0.322,0.779,0.0
Hong Kong,HKG,2012,0.362,0.316,0.764,0.0
Hong Kong,HKG,2013,0.358,0.314,0.753,0.0
Hong Kong,HKG,2014,0.354,0.311,0.753,0.0
Hong Kong,HKG,2015,0.345,0.303,0.714,0.0
Hong Kong,HKG,2016,0.333,0.294,0.714,0.0
Hong Kong,HKG,2017,0.325,0.289,0.714,0.0
Hong Kong,HKG,2018,0.318,0.281,0.689,0.0
Hong Kong,HKG,2019,0.3,0.267,0.69,0.0
Hong Kong,HKG,2020,0.255,0.204,0.584,0.0
Hong Kong,HKG,2021,0.205,0.168,0.445,0.0
Hong Kong,HKG,2022,0.16,0.149,0.406,0.0
Hong Kong,HKG,2023,0.149,0.139,0.392,0.0
Hong Kong,HKG,2024,0.158,0.142,0.408,0.0
Iceland,ISL,1999,0.868,0.781,0.956,3.0
Iceland,ISL,2000,0.868,0.78,0.956,3.0
Iceland,ISL,2001,0.868,0.78,0.956,3.0
Iceland,ISL,2002,0.868,0.78,0.956,3.0
Iceland,ISL,2003,0.867,0.781,0.956,3.0
Iceland,ISL,2004,0.867,0.782,0.956,3.0
Iceland,ISL,2005,0.865,0.781,0.956,3.0
Iceland,ISL,2006,0.865,0.781,0.956,3.0
Iceland,ISL,2007,0.873,0.787,0.956,3.0
Iceland,ISL,2008,0.88,0.795,0.956,3.0
Iceland,ISL,2009,0.882,0.796,0.956,3.0
Iceland,ISL,2010,0.881,0.799,0.956,3.0
Iceland,ISL,2011,0.881,0.795,0.956,3.0
Iceland,ISL,2012,0.875,0.794,0.956,3.0
Iceland,ISL,2013,0.858,0.775,0.956,3.0
Iceland,ISL,2014,0.856,0.773,0.956,3.0
Iceland,ISL,2015,0.861,0.777,0.956,3.0
Iceland,ISL,2016,0.86,0.776,0.956,3.0
Iceland,ISL,2017,0.861,0.779,0.956,3.0
Iceland,ISL,2018,0.875,0.793,0.946,3.0
Iceland,ISL,2019,0.859,0.784,0.967,3.0
Iceland,ISL,2020,0.859,0.784,0.951,3.0
Iceland,ISL,2021,0.836,0.745,0.951,3.0
Iceland,ISL,2022,0.832,0.742,0.951,3.0
Iceland,ISL,2023,0.841,0.751,0.892,3.0
Iceland,ISL,2024,0.842,0.757,0.917,3.0
Israel,ISR,1999,0.773,0.696,0.898,3.0
Israel,ISR,2000,0.768,0.693,0.859,3.0
Israel,ISR,2001,0.764,0.688,0.859,3.0
Israel,ISR,2002,0.764,0.689,0.812,3.0
Israel,ISR,2003,0.76,0.683,0.812,3.0
Israel,ISR,2004,0.759,0.683,0.812,3.0
Israel,ISR,2005,0.759,0.683,0.812,3.0
Israel,ISR,2006,0.764,0.687,0.796,3.0
Israel,ISR,2007,0.758,0.684,0.796,3.0
Israel,ISR,2008,0.758,0.684,0.796,3.0
Israel,ISR,2009,0.756,0.68,0.796,3.0
Israel,ISR,2010,0.752,0.675,0.791,3.0
Israel,ISR,2011,0.752,0.675,0.791,3.0
Israel,ISR,2012,0.751,0.675,0.791,3.0
Israel,ISR,2013,0.734,0.655,0.772,3.0
Israel,ISR,2014,0.733,0.654,0.772,3.0
Israel,ISR,2015,0.733,0.654,0.772,3.0
Israel,ISR,2016,0.729,0.646,0.772,3.0
Israel,ISR,2017,0.714,0.632,0.772,3.0
Israel,ISR,2018,0.705,0.626,0.758,3.0
Israel,ISR,2019,0.708,0.623,0.768,3.0
Israel,ISR,2020,0.723,0.639,0.73,3.0
Israel,ISR,2021,0.722,0.639,0.806,3.0
Israel,ISR,2022,0.714,0.64,0.784,3.0
Israel,ISR,2023,0.704,0.616,0.803,2.0
Israel,ISR,2024,0.702,0.597,0.803,2.0
Kuwait,KWT,1999,0.284,0.269,0.545,0.0
Kuwait,KWT,2000,0.282,0.267,0.545,0.0
Kuwait,KWT,2001,0.266,0.259,0.545,0.0
Kuwait,KWT,2002,0.278,0.263,0.545,0.0
Kuwait,KWT,2003,0.282,0.265,0.545,0.0
Kuwait,KWT,2004,0.282,0.265,0.545,0.0
Kuwait,KWT,2005,0.326,0.287,0.545,0.0
Kuwait,KWT,2006,0.326,0.288,0.545,0.0
Kuwait,KWT,2007,0.323,0.286,0.546,0.0
Kuwait,KWT,2008,0.324,0.287,0.546,0.0
Kuwait,KWT,2009,0.324,0.286,0.546,0.0
Kuwait,KWT,2010,0.32,0.284,0.546,0.0
Kuwait,KWT,2011,0.319,0.282,0.546,0.0
Kuwait,KWT,2012,0.31,0.279,0.597,0.0
Kuwait,KWT,2013,0.311,0.278,0.618,0.0
Kuwait,KWT,2014,0.315,0.279,0.618,0.0
Kuwait,KWT,2015,0.311,0.278,0.618,0.0
Kuwait,KWT,2016,0.311,0.281,0.618,0.0
Kuwait,KWT,2017,0.326,0.288,0.504,0.0
Kuwait,KWT,2018,0.32,0.286,0.463,0.0
Kuwait,KWT,2019,0.323,0.288,0.543,0.0
Kuwait,KWT,2020,0.317,0.282,0.543,0.0
Kuwait,KWT,2021,0.301,0.274,0.466,0.0
Kuwait,KWT,2022,0.298,0.281,0.569,0.0
Kuwait,KWT,2023,0.314,0.294,0.569,0.0
Kuwait,KWT,2024,0.198,0.179,0.473,0.0
Lithuania,LTU,1999,0.827,0.756,0.642,3.0
Lithuania,LTU,2000,0.822,0.759,0.708,3.0
Lithuania,LTU,2001,0.816,0.757,0.708,3.0
Lithuania,LTU,2002,0.816,0.757,0.734,3.0
Lithuania,LTU,2003,0.814,0.752,0.734,3.0
Lithuania,LTU,2004,0.819,0.759,0.734,3.0
Lithuania,LTU,2005,0.822,0.762,0.734,3.0
Lithuania,LTU,2006,0.822,0.761,0.726,3.0
Lithuania,LTU,2007,0.822,0.762,0.726,3.0
Lithuania,LTU,2008,0.824,0.765,0.726,3.0
Lithuania,LTU,2009,0.846,0.788,0.726,3.0
Lithuania,LTU,2010,0.85,0.794,0.738,3.0
Lithuania,LTU,2011,0.847,0.791,0.738,3.0
Lithuania,LTU,2012,0.839,0.783,0.738,3.0
Lithuania,LTU,2013,0.826,0.771,0.742,3.0
Lithuania,LTU,2014,0.829,0.773,0.762,3.0
Lithuania,LTU,2015,0.836,0.78,0.792,3.0
Lithuania,LTU,2016,0.825,0.772,0.792,2.0
Lithuania,LTU,2017,0.808,0.753,0.815,2.0
Lithuania,LTU,2018,0.818,0.754,0.839,2.0
Lithuania,LTU,2019,0.817,0.756,0.839,2.0
Lithuania,LTU,2020,0.802,0.745,0.83,2.0
Lithuania,LTU,2021,0.793,0.732,0.829,2.0
Lithuania,LTU,2022,0.793,0.734,0.842,2.0
Lithuania,LTU,2023,0.785,0.724,0.842,2.0
Lithuania,LTU,2024,0.798,0.732,0.842,2.0
Luxembourg,LUX,1999,0.868,0.785,0.944,3.0
Luxembourg,LUX,2000,0.869,0.787,0.944,3.0
Luxembourg,LUX,2001,0.869,0.787,0.944,3.0
Luxembourg,LUX,2002,0.869,0.787,0.944,3.0
Luxembourg,LUX,2003,0.869,0.787,0.944,3.0
Luxembourg,LUX,2004,0.869,0.787,0.944,3.0
Luxembourg,LUX,2005,0.87,0.787,0.944,3.0
Luxembourg,LUX,2006,0.87,0.787,0.944,3.0
Luxembourg,LUX,2007,0.87,0.787,0.944,3.0
Luxembourg,LUX,2008,0.87,0.787,0.944,3.0
Luxembourg,LUX,2009,0.871,0.79,0.944,3.0
Luxembourg,LUX,2010,0.872,0.792,0.944,3.0
Luxembourg,LUX,2011,0.872,0.792,0.944,3.0
Luxembourg,LUX,2012,0.872,0.792,0.944,3.0
Luxembourg,LUX,2013,0.873,0.792,0.944,3.0
Luxembourg,LUX,2014,0.874,0.793,0.944,3.0
Luxembourg,LUX,2015,0.874,0.793,0.944,3.0
Luxembourg,LUX,2016,0.874,0.793,0.944,3.0
Luxembourg,LUX,2017,0.874,0.793,0.944,3.0
Luxembourg,LUX,2018,0.874,0.793,0.944,3.0
Luxembourg,LUX,2019,0.872,0.788,0.951,3.0
Luxembourg,LUX,2020,0.872,0.786,0.946,3.0
Luxembourg,LUX,2021,0.872,0.785,0.955,3.0
Luxembourg,LUX,2022,0.872,0.788,0.955,3.0
Luxembourg,LUX,2023,0.871,0.789,0.955,3.0
Luxembourg,LUX,2024,0.869,0.781,0.955,3.0
North Macedonia,MKD,1999,0.564,0.429,0.331,1.0
North Macedonia,MKD,2000,0.459,0.352,0.409,1.0
North Macedonia,MKD,2001,0.445,0.333,0.455,1.0
North Macedonia,MKD,2002,0.525,0.399,0.53,2.0
North Macedonia,MKD,2003,0.617,0.465,0.545,2.0
North Macedonia,MKD,2004,0.618,0.468,0.545,2.0
North Macedonia,MKD,2005,0.603,0.455,0.545,2.0
North Macedonia,MKD,2006,0.597,0.451,0.545,2.0
North Macedonia,MKD,2007,0.584,0.438,0.541,2.0
North Macedonia,MKD,2008,0.553,0.412,0.541,2.0
North Macedonia,MKD,2009,0.528,0.378,0.539,2.0
North Macedonia,MKD,2010,0.526,0.373,0.589,2.0
North Macedonia,MKD,2011,0.478,0.34,0.589,1.0
North Macedonia,MKD,2012,0.45,0.315,0.622,1.0
North Macedonia,MKD,2013,0.448,0.287,0.597,1.0
North Macedonia,MKD,2014,0.447,0.276,0.597,1.0
North Macedonia,MKD,2015,0.44,0.27,0.616,1.0
North Macedonia,MKD,2016,0.449,0.279,0.537,1.0
North Macedonia,MKD,2017,0.548,0.376,0.663,2.0
North Macedonia,MKD,2018,0.575,0.386,0.64,2.0
North Macedonia,MKD,2019,0.602,0.411,0.681,2.0
North Macedonia,MKD,2020,0.598,0.4,0.643,2.0
North Macedonia,MKD,2021,0.592,0.389,0.663,2.0
North Macedonia,MKD,2022,0.56,0.373,0.637,2.0
North Macedonia,MKD,2023,0.562,0.363,0.651,2.0
North Macedonia,MKD,2024,0.557,0.37,0.6,2.0
Malaysia,MYS,1999,0.266,0.162,0.402,1.0
Malaysia,MYS,2000,0.277,0.165,0.76,1.0
Malaysia,MYS,2001,0.281,0.166,0.76,1.0
Malaysia,MYS,2002,0.281,0.171,0.76,1.0
Malaysia,MYS,2003,0.286,0.173,0.76,1.0
Malaysia,MYS,2004,0.309,0.207,0.76,1.0
Malaysia,MYS,2005,0.311,0.209,0.76,1.0
Malaysia,MYS,2006,0.312,0.21,0.769,1.0
Malaysia,MYS,2007,0.314,0.21,0.769,1.0
Malaysia,MYS,2008,0.328,0.216,0.796,1.0
Malaysia,MYS,2009,0.331,0.218,0.796,1.0
Malaysia,MYS,2010,0.329,0.216,0.774,1.0
Malaysia,MYS,2011,0.327,0.216,0.774,1.0
Malaysia,MYS,2012,0.327,0.218,0.774,1.0
Malaysia,MYS,2013,0.321,0.206,0.771,1.0
Malaysia,MYS,2014,0.323,0.208,0.771,1.0
Malaysia,MYS,2015,0.325,0.204,0.771,1.0
Malaysia,MYS,2016,0.328,0.202,0.771,1.0
Malaysia,MYS,2017,0.333,0.206,0.739,1.0
Malaysia,MYS,2018,0.444,0.319,0.749,1.0
Malaysia,MYS,2019,0.47,0.338,0.761,1.0
Malaysia,MYS,2020,0.425,0.307,0.761,1.0
Malaysia,MYS,2021,0.432,0.3,0.745,1.0
Malaysia,MYS,2022,0.459,0.316,0.751,1.0
Malaysia,MYS,2023,0.508,0.362,0.77,2.0
Malaysia,MYS,2024,0.513,0.359,0.76,2.0
Malta,MLT,1999,0.786,0.597,0.841,2.0
Malta,MLT,2000,0.786,0.597,0.841,2.0
Malta,MLT,2001,0.786,0.597,0.841,2.0
Malta,MLT,2002,0.786,0.597,0.841,2.0
Malta,MLT,2003,0.788,0.599,0.841,2.0
Malta,MLT,2004,0.789,0.599,0.841,2.0
Malta,MLT,2005,0.789,0.599,0.841,2.0
Malta,MLT,2006,0.789,0.599,0.841,2.0
Malta,MLT,2007,0.784,0.596,0.841,2.0
Malta,MLT,2008,0.803,0.61,0.841,2.0
Malta,MLT,2009,0.815,0.624,0.841,2.0
Malta,MLT,2010,0.815,0.623,0.841,2.0
Malta,MLT,2011,0.815,0.623,0.841,2.0
Malta,MLT,2012,0.817,0.624,0.841,2.0
Malta,MLT,2013,0.793,0.597,0.813,2.0
Malta,MLT,2014,0.778,0.587,0.813,2.0
Malta,MLT,2015,0.778,0.584,0.813,2.0
Malta,MLT,2016,0.777,0.572,0.813,2.0
Malta,MLT,2017,0.761,0.558,0.813,2.0
Malta,MLT,2018,0.754,0.552,0.813,2.0
Malta,MLT,2019,0.767,0.569,0.835,2.0
Malta,MLT,2020,0.767,0.605,0.799,2.0
Malta,MLT,2021,0.77,0.605,0.825,2.0
Malta,MLT,2022,0.78,0.617,0.837,2.0
Malta,MLT,2023,0.783,0.623,0.837,2.0
Malta,MLT,2024,0.783,0.621,0.837,2.0
Mauritius,MUS,1999,0.723,0.616,0.832,3.0
Mauritius,MUS,2000,0.73,0.641,0.866,3.0
Mauritius,MUS,2001,0.731,0.642,0.866,3.0
Mauritius,MUS,2002,0.737,0.648,0.866,3.0
Mauritius,MUS,2003,0.737,0.648,0.866,3.0
Mauritius,MUS,2004,0.737,0.648,0.866,3.0
Mauritius,MUS,2005,0.737,0.644,0.866,3.0
Mauritius,MUS,2006,0.737,0.645,0.866,3.0
Mauritius,MUS,2007,0.737,0.645,0.866,3.0
Mauritius,MUS,2008,0.737,0.641,0.866,3.0
Mauritius,MUS,2009,0.737,0.641,0.866,3.0
Mauritius,MUS,2010,0.746,0.655,0.858,3.0
Mauritius,MUS,2011,0.746,0.656,0.858,3.0
Mauritius,MUS,2012,0.746,0.656,0.858,3.0
Mauritius,MUS,2013,0.738,0.642,0.867,3.0
Mauritius,MUS,2014,0.723,0.617,0.831,3.0
Mauritius,MUS,2015,0.737,0.627,0.831,3.0
Mauritius,MUS,2016,0.731,0.62,0.831,3.0
Mauritius,MUS,2017,0.732,0.622,0.869,2.0
Mauritius,MUS,2018,0.739,0.631,0.843,2.0
Mauritius,MUS,2019,0.694,0.595,0.861,2.0
Mauritius,MUS,2020,0.549,0.451,0.788,2.0
Mauritius,MUS,2021,0.532,0.423,0.788,2.0
Mauritius,MUS,2022,0.501,0.373,0.788,2.0
Mauritius,MUS,2023,0.47,0.353,0.788,1.0
Mauritius,MUS,2024,0.495,0.371,0.788,1.0
Montenegro,MNE,1999,0.432,0.331,0.586,1.0
Montenegro,MNE,2000,0.432,0.336,0.597,1.0
Montenegro,MNE,2001,0.457,0.348,0.645,1.0
Montenegro,MNE,2002,0.483,0.363,0.645,1.0
Montenegro,MNE,2003,0.503,0.378,0.645,2.0
Montenegro,MNE,2004,0.518,0.385,0.671,2.0
Montenegro,MNE,2005,0.522,0.388,0.671,2.0
Montenegro,MNE,2006,0.512,0.382,0.691,2.0
Montenegro,MNE,2007,0.493,0.392,0.739,1.0
Montenegro,MNE,2008,0.506,0.406,0.739,2.0
Montenegro,MNE,2009,0.511,0.41,0.774,2.0
Montenegro,MNE,2010,0.51,0.411,0.774,2.0
Montenegro,MNE,2011,0.51,0.41,0.774,2.0
Montenegro,MNE,2012,0.517,0.413,0.774,2.0
Montenegro,MNE,2013,0.494,0.394,0.742,1.0
Montenegro,MNE,2014,0.484,0.388,0.742,1.0
Montenegro,MNE,2015,0.484,0.387,0.742,1.0
Montenegro,MNE,2016,0.484,0.383,0.742,1.0
Montenegro,MNE,2017,0.474,0.375,0.77,1.0
Montenegro,MNE,2018,0.482,0.378,0.715,1.0
Montenegro,MNE,2019,0.483,0.376,0.745,1.0
Montenegro,MNE,2020,0.5,0.395,0.743,1.0
Montenegro,MNE,2021,0.534,0.432,0.681,2.0
Montenegro,MNE,2022,0.532,0.429,0.683,2.0
Montenegro,MNE,2023,0.61,0.491,0.659,2.0
Montenegro,MNE,2024,0.64,0.5,0.708,2.0
New Zealand,NZL,1999,0.88,0.825,0.887,3.0
New Zealand,NZL,2000,0.881,0.827,0.856,3.0
New Zealand,NZL,2001,0.881,0.827,0.856,3.0
New Zealand,NZL,2002,0.881,0.826,0.856,3.0
New Zealand,NZL,2003,0.88,0.825,0.856,3.0
New Zealand,NZL,2004,0.88,0.825,0.856,3.0
New Zealand,NZL,2005,0.879,0.824,0.856,3.0
New Zealand,NZL,2006,0.878,0.822,0.856,3.0
New Zealand,NZL,2007,0.878,0.822,0.856,3.0
New Zealand,NZL,2008,0.88,0.825,0.859,3.0
New Zealand,NZL,2009,0.893,0.839,0.85,3.0
New Zealand,NZL,2010,0.893,0.839,0.85,3.0
New Zealand,NZL,2011,0.891,0.837,0.85,3.0
New Zealand,NZL,2012,0.893,0.84,0.85,3.0
New Zealand,NZL,2013,0.887,0.832,0.85,3.0
New Zealand,NZL,2014,0.886,0.831,0.85,3.0
New Zealand,NZL,2015,0.883,0.828,0.85,3.0
New Zealand,NZL,2016,0.883,0.828,0.846,3.0
New Zealand,NZL,2017,0.879,0.822,0.883,3.0
New Zealand,NZL,2018,0.888,0.833,0.883,3.0
New Zealand,NZL,2019,0.885,0.831,0.883,3.0
New Zealand,NZL,2020,0.882,0.826,0.883,3.0
New Zealand,NZL,2021,0.874,0.813,0.902,3.0
New Zealand,NZL,2022,0.878,0.822,0.88,3.0
New Zealand,NZL,2023,0.88,0.824,0.88,3.0
New Zealand,NZL,2024,0.868,0.811,0.738,3.0
Norway,NOR,1999,0.882,0.848,0.987,3.0
Norway,NOR,2000,0.891,0.857,0.987,3.0
Norway,NOR,2001,0.892,0.858,0.987,3.0
Norway,NOR,2002,0.893,0.86,0.987,3.0
Norway,NOR,2003,0.893,0.86,0.987,3.0
Norway,NOR,2004,0.893,0.86,0.987,3.0
Norway,NOR,2005,0.895,0.862,0.987,3.0
Norway,NOR,2006,0.898,0.864,0.987,3.0
Norway,NOR,2007,0.898,0.864,0.987,3.0
Norway,NOR,2008,0.898,0.864,0.987,3.0
Norway,NOR,2009,0.899,0.866,0.987,3.0
Norway,NOR,2010,0.901,0.869,0.987,3.0
Norway,NOR,2011,0.901,0.869,0.987,3.0
Norway,NOR,2012,0.901,0.869,0.987,3.0
Norway,NOR,2013,0.897,0.863,0.987,3.0
Norway,NOR,2014,0.9,0.866,0.987,3.0
Norway,NOR,2015,0.904,0.871,0.987,3.0
Norway,NOR,2016,0.891,0.859,0.987,3.0
Norway,NOR,2017,0.888,0.855,0.987,3.0
Norway,NOR,2018,0.883,0.847,0.987,3.0
Norway,NOR,2019,0.889,0.852,0.956,3.0
Norway,NOR,2020,0.888,0.84,0.973,3.0
Norway,NOR,2021,0.892,0.843,0.973,3.0
Norway,NOR,2022,0.892,0.842,0.973,3.0
Norway,NOR,2023,0.89,0.841,0.973,3.0
Norway,NOR,2024,0.889,0.847,0.973,3.0
Oman,OMN,1999,0.017,0.087,0.245,0.0
Oman,OMN,2000,0.051,0.104,0.245,0.0
Oman,OMN,2001,0.101,0.111,0.264,0.0
Oman,OMN,2002,0.148,0.122,0.264,0.0
Oman,OMN,2003,0.151,0.123,0.264,0.0
Oman,OMN,2004,0.156,0.124,0.29,0.0
Oman,OMN,2005,0.156,0.125,0.29,0.0
Oman,OMN,2006,0.157,0.127,0.29,0.0
Oman,OMN,2007,0.157,0.125,0.29,0.0
Oman,OMN,2008,0.157,0.126,0.297,0.0
Oman,OMN,2009,0.157,0.126,0.297,0.0
Oman,OMN,2010,0.156,0.126,0.297,0.0
Oman,OMN,2011,0.167,0.136,0.322,0.0
Oman,OMN,2012,0.171,0.138,0.36,0.0
Oman,OMN,2013,0.171,0.139,0.36,0.0
Oman,OMN,2014,0.172,0.14,0.36,0.0
Oman,OMN,2015,0.172,0.141,0.36,0.0
Oman,OMN,2016,0.175,0.141,0.36,0.0
Oman,OMN,2017,0.176,0.14,0.36,0.0
Oman,OMN,2018,0.176,0.141,0.36,0.0
Oman,OMN,2019,0.176,0.141,0.371,0.0
Oman,OMN,2020,0.174,0.137,0.303,0.0
Oman,OMN,2021,0.174,0.14,0.368,0.0
Oman,OMN,2022,0.172,0.138,0.368,0.0
Oman,OMN,2023,0.172,0.139,0.363,0.0
Oman,OMN,2024,0.175,0.139,0.371,0.0
Paraguay,PRY,1999,0.535,0.385,0.577,2.0
Paraguay,PRY,2000,0.54,0.391,0.602,2.0
Paraguay,PRY,2001,0.54,0.391,0.602,2.0
Paraguay,PRY,2002,0.54,0.391,0.632,2.0
Paraguay,PRY,2003,0.565,0.409,0.632,2.0
Paraguay,PRY,2004,0.595,0.428,0.632,2.0
Paraguay,PRY,2005,0.595,0.427,0.632,2.0
Paraguay,PRY,2006,0.595,0.433,0.632,2.0
Paraguay,PRY,2007,0.595,0.446,0.632,2.0
Paraguay,PRY,2008,0.62,0.493,0.761,2.0
Paraguay,PRY,2009,0.631,0.502,0.715,2.0
Paraguay,PRY,2010,0.639,0.509,0.711,2.0
Paraguay,PRY,2011,0.63,0.503,0.711,2.0
Paraguay,PRY,2012,0.608,0.48,0.663,2.0
Paraguay,PRY,2013,0.585,0.407,0.565,2.0
Paraguay,PRY,2014,0.595,0.414,0.565,2.0
Paraguay,PRY,2015,0.593,0.416,0.581,2.0
Paraguay,PRY,2016,0.589,0.414,0.581,2.0
Paraguay,PRY,2017,0.596,0.418,0.556,2.0
Paraguay,PRY,2018,0.583,0.417,0.56,2.0
Paraguay,PRY,2019,0.585,0.42,0.571,2.0
Paraguay,PRY,2020,0.578,0.42,0.553,2.0
Paraguay,PRY,2021,0.578,0.427,0.553,2.0
Paraguay,PRY,2022,0.578,0.43,0.529,2.0
Paraguay,PRY,2023,0.576,0.42,0.522,2.0
Paraguay,PRY,2024,0.581,0.39,0.484,2.0
Romania,ROU,1999,0.619,0.435,0.648,2.0
Romania,ROU,2000,0.611,0.432,0.647,2.0
Romania,ROU,2001,0.597,0.424,0.667,2.0
Romania,ROU,2002,0.597,0.424,0.667,2.0
Romania,ROU,2003,0.609,0.437,0.685,2.0
Romania,ROU,2004,0.592,0.435,0.685,2.0
Romania,ROU,2005,0.61,0.468,0.727,2.0
Romania,ROU,2006,0.611,0.471,0.727,2.0
Romania,ROU,2007,0.609,0.484,0.727,2.0
Romania,ROU,2008,0.621,0.495,0.727,2.0
Romania,ROU,2009,0.666,0.529,0.727,2.0
Romania,ROU,2010,0.68,0.55,0.749,2.0
Romania,ROU,2011,0.684,0.553,0.749,2.0
Romania,ROU,2012,0.674,0.54,0.749,2.0
Romania,ROU,2013,0.672,0.563,0.773,2.0
Romania,ROU,2014,0.676,0.57,0.773,2.0
Romania,ROU,2015,0.716,0.609,0.807,2.0
Romania,ROU,2016,0.733,0.63,0.797,2.0
Romania,ROU,2017,0.695,0.532,0.678,2.0
Romania,ROU,2018,0.692,0.483,0.631,2.0
Romania,ROU,2019,0.75,0.555,0.686,2.0
Romania,ROU,2020,0.805,0.676,0.694,2.0
Romania,ROU,2021,0.766,0.611,0.76,2.0
Romania,ROU,2022,0.691,0.542,0.659,2.0
Romania,ROU,2023,0.677,0.503,0.581,2.0
Romania,ROU,2024,0.628,0.449,0.529,2.0
Sao Tome and Principe,STP,1999,0.642,0.513,0.69,2.0
Sao Tome and Principe,STP,2000,0.642,0.509,0.69,2.0
Sao Tome and Principe,STP,2001,0.644,0.511,0.69,2.0
Sao Tome and Principe,STP,2002,0.637,0.505,0.69,2.0
Sao Tome and Principe,STP,2003,0.637,0.511,0.69,2.0
Sao Tome and Principe,STP,2004,0.637,0.517,0.69,2.0
Sao Tome and Principe,STP,2005,0.641,0.524,0.69,2.0
Sao Tome and Principe,STP,2006,0.642,0.526,0.69,2.0
Sao Tome and Principe,STP,2007,0.643,0.527,0.69,2.0
Sao Tome and Principe,STP,2008,0.643,0.527,0.69,2.0
Sao Tome and Principe,STP,2009,0.643,0.527,0.69,2.0
Sao Tome and Principe,STP,2010,0.653,0.536,0.69,2.0
Sao Tome and Principe,STP,2011,0.657,0.54,0.69,2.0
Sao Tome and Principe,STP,2012,0.654,0.537,0.648,2.0
Sao Tome and Principe,STP,2013,0.655,0.547,0.664,2.0
Sao Tome and Principe,STP,2014,0.657,0.548,0.664,2.0
Sao Tome and Principe,STP,2015,0.664,0.554,0.664,2.0
Sao Tome and Principe,STP,2016,0.658,0.548,0.664,2.0
Sao Tome and Principe,STP,2017,0.647,0.537,0.694,2.0
Sao Tome and Principe,STP,2018,0.65,0.531,0.694,2.0
Sao Tome and Principe,STP,2019,0.67,0.556,0.694,2.0
Sao Tome and Principe,STP,2020,0.66,0.557,0.694,2.0
Sao Tome and Principe,STP,2021,0.657,0.554,0.694,2.0
Sao Tome and Principe,STP,2022,0.65,0.542,0.709,2.0
Sao Tome and Principe,STP,2023,0.644,0.54,0.709,2.0
Sao Tome and Principe,STP,2024,0.632,0.519,0.685,2.0
Saudi Arabia,SAU,1999,0.016,0.039,0.167,0.0
Saudi Arabia,SAU,2000,0.017,0.04,0.167,0.0
Saudi Arabia,SAU,2001,0.018,0.039,0.177,0.0
Saudi Arabia,SAU,2002,0.018,0.039,0.177,0.0
Saudi Arabia,SAU,2003,0.018,0.039,0.177,0.0
Saudi Arabia,SAU,2004,0.018,0.039,0.177,0.0
Saudi Arabia,SAU,2005,0.019,0.042,0.241,0.0
Saudi Arabia,SAU,2006,0.019,0.043,0.241,0.0
Saudi Arabia,SAU,2007,0.019,0.043,0.241,0.0
Saudi Arabia,SAU,2008,0.019,0.044,0.241,0.0
Saudi Arabia,SAU,2009,0.019,0.045,0.241,0.0
Saudi Arabia,SAU,2010,0.02,0.046,0.248,0.0
Saudi Arabia,SAU,2011,0.02,0.046,0.248,0.0
Saudi Arabia,SAU,2012,0.019,0.046,0.248,0.0
Saudi Arabia,SAU,2013,0.018,0.046,0.232,0.0
Saudi Arabia,SAU,2014,0.017,0.046,0.237,0.0
Saudi Arabia,SAU,2015,0.016,0.046,0.277,0.0
Saudi Arabia,SAU,2016,0.016,0.044,0.266,0.0
Saudi Arabia,SAU,2017,0.014,0.043,0.266,0.0
Saudi Arabia,SAU,2018,0.015,0.042,0.266,0.0
Saudi Arabia,SAU,2019,0.015,0.045,0.233,0.0
Saudi Arabia,SAU,2020,0.014,0.045,0.224,0.0
Saudi Arabia,SAU,2021,0.015,0.045,0.224,0.0
Saudi Arabia,SAU,2022,0.015,0.046,0.224,0.0
Saudi Arabia,SAU,2023,0.014,0.045,0.224,0.0
Saudi Arabia,SAU,2024,0.015,0.047,0.224,0.0
Serbia,SRB,1999,0.298,0.185,0.182,1.0
Serbia,SRB,2000,0.364,0.272,0.537,1.0
Serbia,SRB,2001,0.584,0.481,0.631,2.0
Serbia,SRB,2002,0.61,0.499,0.631,2.0
Serbia,SRB,2003,0.646,0.53,0.688,2.0
Serbia,SRB,2004,0.634,0.521,0.709,2.0
Serbia,SRB,2005,0.634,0.523,0.709,2.0
Serbia,SRB,2006,0.633,0.524,0.709,2.0
Serbia,SRB,2007,0.628,0.527,0.709,3.0
Serbia,SRB,2008,0.628,0.525,0.709,3.0
Serbia,SRB,2009,0.623,0.521,0.697,3.0
Serbia,SRB,2010,0.61,0.503,0.715,3.0
Serbia,SRB,2011,0.607,0.501,0.715,3.0
Serbia,SRB,2012,0.593,0.486,0.673,3.0
Serbia,SRB,2013,0.502,0.401,0.654,2.0
Serbia,SRB,2014,0.44,0.35,0.652,1.0
Serbia,SRB,2015,0.422,0.341,0.652,1.0
Serbia,SRB,2016,0.411,0.321,0.652,1.0
Serbia,SRB,2017,0.376,0.29,0.556,1.0
Serbia,SRB,2018,0.354,0.283,0.536,1.0
Serbia,SRB,2019,0.365,0.28,0.594,1.0
Serbia,SRB,2020,0.349,0.244,0.558,1.0
Serbia,SRB,2021,0.336,0.236,0.558,1.0
Serbia,SRB,2022,0.357,0.259,0.536,1.0
Serbia,SRB,2023,0.36,0.248,0.515,1.0
Serbia,SRB,2024,0.315,0.225,0.525,1.0
Seychelles,SYC,1999,0.368,0.259,0.712,1.0
Seychelles,SYC,2000,0.368,0.264,0.712,1.0
Seychelles,SYC,2001,0.359,0.259,0.712,1.0
Seychelles,SYC,2002,0.361,0.263,0.712,1.0
Seychelles,SYC,2003,0.396,0.305,0.713,1.0
Seychelles,SYC,2004,0.439,0.347,0.713,1.0
Seychelles,SYC,2005,0.44,0.348,0.713,1.0
Seychelles,SYC,2006,0.449,0.352,0.713,1.0
Seychelles,SYC,2007,0.474,0.368,0.713,1.0
Seychelles,SYC,2008,0.48,0.373,0.713,1.0
Seychelles,SYC,2009,0.478,0.371,0.694,1.0
Seychelles,SYC,2010,0.478,0.373,0.709,1.0
Seychelles,SYC,2011,0.479,0.377,0.709,1.0
Seychelles,SYC,2012,0.477,0.373,0.709,1.0
Seychelles,SYC,2013,0.491,0.396,0.774,1.0
Seychelles,SYC,2014,0.495,0.4,0.793,1.0
Seychelles,SYC,2015,0.518,0.427,0.793,2.0
Seychelles,SYC,2016,0.585,0.491,0.793,3.0
Seychelles,SYC,2017,0.599,0.509,0.793,3.0
Seychelles,SYC,2018,0.605,0.524,0.793,3.0
Seychelles,SYC,2019,0.621,0.535,0.809,3.0
Seychelles,SYC,2020,0.666,0.575,0.79,3.0
Seychelles,SYC,2021,0.711,0.634,0.815,3.0
Seychelles,SYC,2022,0.735,0.648,0.815,3.0
Seychelles,SYC,2023,0.728,0.641,0.815,3.0
Seychelles,SYC,2024,0.737,0.652,0.815,3.0
Singapore,SGP,1999,0.371,0.301,0.361,1.0
Singapore,SGP,2000,0.378,0.309,0.371,1.0
Singapore,SGP,2001,0.378,0.309,0.371,1.0
Singapore,SGP,2002,0.377,0.308,0.371,1.0
Singapore,SGP,2003,0.377,0.308,0.371,1.0
Singapore,SGP,2004,0.377,0.308,0.371,1.0
Singapore,SGP,2005,0.375,0.307,0.371,1.0
Singapore,SGP,2006,0.386,0.311,0.404,1.0
Singapore,SGP,2007,0.384,0.311,0.39,1.0
Singapore,SGP,2008,0.387,0.311,0.39,1.0
Singapore,SGP,2009,0.39,0.314,0.39,1.0
Singapore,SGP,2010,0.39,0.314,0.362,1.0
Singapore,SGP,2011,0.403,0.324,0.362,1.0
Singapore,SGP,2012,0.419,0.334,0.391,1.0
Singapore,SGP,2013,0.414,0.33,0.371,1.0
Singapore,SGP,2014,0.414,0.33,0.371,1.0
Singapore,SGP,2015,0.416,0.331,0.371,1.0
Singapore,SGP,2016,0.424,0.337,0.371,1.0
Singapore,SGP,2017,0.425,0.345,0.414,1.0
Singapore,SGP,2018,0.409,0.336,0.439,1.0
Singapore,SGP,2019,0.403,0.33,0.437,1.0
Singapore,SGP,2020,0.402,0.332,0.368,1.0
Singapore,SGP,2021,0.395,0.329,0.432,1.0
Singapore,SGP,2022,0.395,0.328,0.432,1.0
Singapore,SGP,2023,0.405,0.334,0.412,1.0
Singapore,SGP,2024,0.418,0.348,0.412,1.0
Slovakia,SVK,1999,0.844,0.745,0.838,3.0
Slovakia,SVK,2000,0.849,0.75,0.838,3.0
Slovakia,SVK,2001,0.849,0.75,0.838,3.0
Slovakia,SVK,2002,0.847,0.748,0.78,3.0
Slovakia,SVK,2003,0.843,0.746,0.78,3.0
Slovakia,SVK,2004,0.845,0.748,0.78,3.0
Slovakia,SVK,2005,0.845,0.748,0.78,3.0
Slovakia,SVK,2006,0.82,0.723,0.735,3.0
Slovakia,SVK,2007,0.835,0.736,0.737,3.0
Slovakia,SVK,2008,0.834,0.735,0.741,3.0
Slovakia,SVK,2009,0.835,0.734,0.741,3.0
Slovakia,SVK,2010,0.85,0.752,0.786,3.0
Slovakia,SVK,2011,0.851,0.755,0.794,3.0
Slovakia,SVK,2012,0.844,0.739,0.83,3.0
Slovakia,SVK,2013,0.835,0.73,0.813,3.0
Slovakia,SVK,2014,0.834,0.726,0.813,3.0
Slovakia,SVK,2015,0.838,0.725,0.811,3.0
Slovakia,SVK,2016,0.837,0.726,0.811,3.0
Slovakia,SVK,2017,0.835,0.72,0.759,3.0
Slovakia,SVK,2018,0.814,0.698,0.774,3.0
Slovakia,SVK,2019,0.841,0.737,0.774,2.0
Slovakia,SVK,2020,0.84,0.757,0.784,3.0
Slovakia,SVK,2021,0.839,0.757,0.784,3.0
Slovakia,SVK,2022,0.837,0.76,0.792,3.0
Slovakia,SVK,2023,0.812,0.724,0.778,2.0
Slovakia,SVK,2024,0.746,0.59,0.683,2.0
Slovenia,SVN,1999,0.837,0.759,0.828,3.0
Slovenia,SVN,2000,0.84,0.749,0.828,3.0
Slovenia,SVN,2001,0.832,0.742,0.828,3.0
Slovenia,SVN,2002,0.843,0.756,0.828,3.0
Slovenia,SVN,2003,0.841,0.752,0.828,3.0
Slovenia,SVN,2004,0.825,0.735,0.828,3.0
Slovenia,SVN,2005,0.822,0.733,0.828,3.0
Slovenia,SVN,2006,0.823,0.734,0.828,3.0
Slovenia,SVN,2007,0.826,0.738,0.828,3.0
Slovenia,SVN,2008,0.825,0.737,0.83,3.0
Slovenia,SVN,2009,0.873,0.791,0.907,3.0
Slovenia,SVN,2010,0.872,0.796,0.931,3.0
Slovenia,SVN,2011,0.863,0.789,0.88,3.0
Slovenia,SVN,2012,0.847,0.768,0.908,3.0
Slovenia,SVN,2013,0.854,0.778,0.906,3.0
Slovenia,SVN,2014,0.865,0.794,0.892,3.0
Slovenia,SVN,2015,0.873,0.804,0.884,3.0
Slovenia,SVN,2016,0.861,0.795,0.901,3.0
Slovenia,SVN,2017,0.84,0.772,0.846,3.0
Slovenia,SVN,2018,0.83,0.759,0.834,3.0
Slovenia,SVN,2019,0.814,0.743,0.874,3.0
Slovenia,SVN,2020,0.752,0.665,0.8,3.0
Slovenia,SVN,2021,0.715,0.624,0.796,2.0
Slovenia,SVN,2022,0.808,0.728,0.829,3.0
Slovenia,SVN,2023,0.76,0.659,0.907,2.0
Slovenia,SVN,2024,0.725,0.63,0.907,2.0
Solomon Islands,SLB,1999,0.511,0.375,0.609,2.0
Solomon Islands,SLB,2000,0.356,0.243,0.609,1.0
Solomon Islands,SLB,2001,0.273,0.184,0.609,1.0
Solomon Islands,SLB,2002,0.507,0.381,0.609,2.0
Solomon Islands,SLB,2003,0.507,0.389,0.609,2.0
Solomon Islands,SLB,2004,0.52,0.401,0.609,2.0
Solomon Islands,SLB,2005,0.511,0.396,0.684,2.0
Solomon Islands,SLB,2006,0.471,0.361,0.684,1.0
Solomon Islands,SLB,2007,0.559,0.434,0.684,2.0
Solomon Islands,SLB,2008,0.559,0.434,0.684,2.0
Solomon Islands,SLB,2009,0.564,0.436,0.684,2.0
Solomon Islands,SLB,2010,0.573,0.44,0.684,2.0
Solomon Islands,SLB,2011,0.582,0.445,0.685,2.0
Solomon Islands,SLB,2012,0.586,0.447,0.685,2.0
Solomon Islands,SLB,2013,0.582,0.447,0.718,2.0
Solomon Islands,SLB,2014,0.585,0.45,0.724,2.0
Solomon Islands,SLB,2015,0.594,0.456,0.731,2.0
Solomon Islands,SLB,2016,0.61,0.466,0.731,2.0
Solomon Islands,SLB,2017,0.616,0.477,0.728,2.0
Solomon Islands,SLB,2018,0.623,0.48,0.728,2.0
Solomon Islands,SLB,2019,0.656,0.503,0.728,2.0
Solomon Islands,SLB,2020,0.655,0.494,0.727,2.0
Solomon Islands,SLB,2021,0.658,0.501,0.727,2.0
Solomon Islands,SLB,2022,0.659,0.505,0.727,2.0
Solomon Islands,SLB,2023,0.666,0.517,0.727,2.0
Solomon Islands,SLB,2024,0.688,0.536,0.727,2.0
Vanuatu,VUT,1999,0.617,0.517,0.858,2.0
Vanuatu,VUT,2000,0.619,0.518,0.783,2.0
Vanuatu,VUT,2001,0.619,0.518,0.783,2.0
Vanuatu,VUT,2002,0.619,0.519,0.783,2.0
Vanuatu,VUT,2003,0.62,0.519,0.783,2.0
Vanuatu,VUT,2004,0.615,0.517,0.783,2.0
Vanuatu,VUT,2005,0.611,0.514,0.783,2.0
Vanuatu,VUT,2006,0.611,0.514,0.783,2.0
Vanuatu,VUT,2007,0.611,0.514,0.783,2.0
Vanuatu,VUT,2008,0.653,0.549,0.783,2.0
Vanuatu,VUT,2009,0.737,0.618,0.783,2.0
Vanuatu,VUT,2010,0.737,0.619,0.812,2.0
Vanuatu,VUT,2011,0.737,0.619,0.812,2.0
Vanuatu,VUT,2012,0.738,0.62,0.812,2.0
Vanuatu,VUT,2013,0.745,0.626,0.812,2.0
Vanuatu,VUT,2014,0.745,0.626,0.812,2.0
Vanuatu,VUT,2015,0.747,0.639,0.812,2.0
Vanuatu,VUT,2016,0.771,0.661,0.812,2.0
Vanuatu,VUT,2017,0.793,0.682,0.789,2.0
Vanuatu,VUT,2018,0.79,0.68,0.789,2.0
Vanuatu,VUT,2019,0.779,0.662,0.789,2.0
Vanuatu,VUT,2020,0.78,0.659,0.82,2.0
Vanuatu,VUT,2021,0.8,0.673,0.82,2.0
Vanuatu,VUT,2022,0.804,0.681,0.82,2.0
Vanuatu,VUT,2023,0.82,0.704,0.82,2.0
Vanuatu,VUT,2024,0.8,0.686,0.82,2.0
United Arab Emirates,ARE,1999,0.028,0.07,0.132,0.0
United Arab Emirates,ARE,2000,0.028,0.07,0.132,0.0
United Arab Emirates,ARE,2001,0.028,0.07,0.132,0.0
United Arab Emirates,ARE,2002,0.025,0.071,0.132,0.0
United Arab Emirates,ARE,2003,0.025,0.069,0.132,0.0
United Arab Emirates,ARE,2004,0.019,0.068,0.132,0.0
United Arab Emirates,ARE,2005,0.021,0.07,0.149,0.0
United Arab Emirates,ARE,2006,0.024,0.072,0.149,0.0
United Arab Emirates,ARE,2007,0.071,0.08,0.165,0.0
United Arab Emirates,ARE,2008,0.071,0.08,0.165,0.0
United Arab Emirates,ARE,2009,0.071,0.081,0.165,0.0
United Arab Emirates,ARE,2010,0.072,0.082,0.165,0.0
United Arab Emirates,ARE,2011,0.081,0.079,0.165,0.0
United Arab Emirates,ARE,2012,0.09,0.086,0.199,0.0
United Arab Emirates,ARE,2013,0.091,0.087,0.199,0.0
United Arab Emirates,ARE,2014,0.089,0.087,0.242,0.0
United Arab Emirates,ARE,2015,0.095,0.09,0.242,0.0
United Arab Emirates,ARE,2016,0.1,0.091,0.242,0.0
United Arab Emirates,ARE,2017,0.095,0.091,0.229,0.0
United Arab Emirates,ARE,2018,0.096,0.093,0.229,0.0
United Arab Emirates,ARE,2019,0.102,0.09,0.229,0.0
United Arab Emirates,ARE,2020,0.102,0.09,0.341,0.0
United Arab Emirates,ARE,2021,0.1,0.084,0.255,0.0
United Arab Emirates,ARE,2022,0.101,0.086,0.255,0.0
United Arab Emirates,ARE,2023,0.102,0.077,0.255,0.0
United Arab Emirates,ARE,2024,0.104,0.077,0.273,0.0
Hungary,HUN,1999,0.839,0.75,0.788,3.0
Hungary,HUN,2000,0.839,0.75,0.788,3.0
Hungary,HUN,2001,0.839,0.75,0.788,3.0
Hungary,HUN,2002,0.842,0.755,0.788,3.0
Hungary,HUN,2003,0.843,0.759,0.788,3.0
Hungary,HUN,2004,0.843,0.759,0.788,3.0
Hungary,HUN,2005,0.843,0.754,0.775,3.0
Hungary,HUN,2006,0.831,0.742,0.775,3.0
Hungary,HUN,2007,0.85,0.765,0.775,3.0
Hungary,HUN,2008,0.85,0.766,0.775,3.0
Hungary,HUN,2009,0.85,0.766,0.775,3.0
Hungary,HUN,2010,0.808,0.677,0.705,2.0
Hungary,HUN,2011,0.778,0.639,0.668,2.0
Hungary,HUN,2012,0.773,0.621,0.668,2.0
Hungary,HUN,2013,0.738,0.575,0.596,2.0
Hungary,HUN,2014,0.669,0.521,0.561,2.0
Hungary,HUN,2015,0.617,0.477,0.573,2.0
Hungary,HUN,2016,0.613,0.474,0.573,2.0
Hungary,HUN,2017,0.555,0.432,0.573,2.0
Hungary,HUN,2018,0.481,0.373,0.55,1.0
Hungary,HUN,2019,0.466,0.364,0.55,1.0
Hungary,HUN,2020,0.46,0.351,0.567,1.0
Hungary,HUN,2021,0.45,0.346,0.544,1.0
Hungary,HUN,2022,0.447,0.335,0.538,1.0
Hungary,HUN,2023,0.434,0.323,0.486,1.0
Hungary,HUN,2024,0.444,0.325,0.434,1.0
Zanzibar,ZZB,1999,0.293,0.204,0.811,1.0
Zanzibar,ZZB,2000,0.296,0.217,0.799,1.0
Zanzibar,ZZB,2001,0.296,0.217,0.799,1.0
Zanzibar,ZZB,2002,0.297,0.224,0.799,1.0
Zanzibar,ZZB,2003,0.297,0.225,0.799,1.0
Zanzibar,ZZB,2004,0.288,0.221,0.568,1.0
Zanzibar,ZZB,2005,0.291,0.225,0.568,1.0
Zanzibar,ZZB,2006,0.296,0.227,0.582,1.0
Zanzibar,ZZB,2007,0.299,0.228,0.587,1.0
Zanzibar,ZZB,2008,0.299,0.231,0.587,1.0
Zanzibar,ZZB,2009,0.302,0.232,0.586,1.0
Zanzibar,ZZB,2010,0.314,0.241,0.784,1.0
Zanzibar,ZZB,2011,0.332,0.25,0.761,1.0
Zanzibar,ZZB,2012,0.334,0.251,0.757,1.0
Zanzibar,ZZB,2013,0.333,0.253,0.803,1.0
Zanzibar,ZZB,2014,0.329,0.251,0.785,1.0
Zanzibar,ZZB,2015,0.299,0.234,0.718,1.0
Zanzibar,ZZB,2016,0.252,0.209,0.643,1.0
Zanzibar,ZZB,2017,0.269,0.218,0.659,1.0
Zanzibar,ZZB,2018,0.271,0.222,0.68,1.0
Zanzibar,ZZB,2019,0.272,0.216,0.634,1.0
Zanzibar,ZZB,2020,0.267,0.213,0.626,1.0
Zanzibar,ZZB,2021,0.279,0.227,0.641,1.0
Zanzibar,ZZB,2022,0.289,0.236,0.641,1.0
Zanzibar,ZZB,2023,0.291,0.235,0.664,1.0
Zanzibar,ZZB,2024,0.288,0.247,0.455,1.0
